id,season,city,date,match_type,player_of_match,venue,team1,team2,toss_winner,toss_decision,winner,result,result_margin,target_runs,target_overs,super_over,method,umpire1,umpire2,toss_match_winner,home_team
335982,2008,Bangalore,2008-04-18,League,BB McCullum,"M Chinnaswamy Stadium, Bengaluru",Royal Challengers Bengaluru,Kolkata Knight Riders,Royal Challengers Bengaluru,field,Kolkata Knight Riders,runs,140,223,20,N,Normal,Asad Rauf,RE Koertzen,0,Royal Challengers Bengaluru
335983,2008,Chandigarh,2008-04-19,League,MEK Hussey,"PCA IS Bindra Stadium, Mohali",Punjab Kings,Chennai Super Kings,Chennai Super Kings,bat,Chennai Super Kings,runs,33,241,20,N,Normal,MR Benson,SL Shastri,1,Punjab Kings
335984,2008,Delhi,2008-04-19,League,MF Maharoof,"Arun Jaitley Stadium, Delhi",Delhi Capitals,Rajasthan Royals,Rajasthan Royals,bat,Delhi Capitals,wickets,9,130,20,N,Normal,Aleem Dar,GA Pratapkumar,0,Delhi Capitals
335985,2008,Mumbai,2008-04-20,League,MV Boucher,"Wankhede Stadium, Mumbai",Mumbai Indians,Royal Challengers Bengaluru,Mumbai Indians,bat,Royal Challengers Bengaluru,wickets,5,166,20,N,Normal,SJ Davis,DJ Harper,0,Mumbai Indians
335986,2008,Kolkata,2008-04-20,League,DJ Hussey,"Eden Gardens, Kolkata",Kolkata Knight Riders,Deccan Chargers,Deccan Chargers,bat,Kolkata Knight Riders,wickets,5,111,20,N,Normal,BF Bowden,K Hariharan,0,Kolkata Knight Riders
335987,2008,Jaipur,2008-04-21,League,SR Watson,"Sawai Mansingh Stadium, Jaipur",Rajasthan Royals,Punjab Kings,Punjab Kings,bat,Rajasthan Royals,wickets,6,167,20,N,Normal,Aleem Dar,RB Tiffin,0,Rajasthan Royals
335988,2008,Hyderabad,2008-04-22,League,V Sehwag,"Rajiv Gandhi Intl Stadium, Hyderabad",Deccan Chargers,Delhi Capitals,Deccan Chargers,bat,Delhi Capitals,wickets,9,143,20,N,Normal,IL Howell,AM Saheba,0,Deccan Chargers
335989,2008,Chennai,2008-04-23,League,ML Hayden,"MA Chidambaram Stadium, Chennai",Chennai Super Kings,Mumbai Indians,Mumbai Indians,field,Chennai Super Kings,runs,6,209,20,N,Normal,DJ Harper,GA Pratapkumar,0,Chennai Super Kings
335990,2008,Hyderabad,2008-04-24,League,YK Pathan,"Rajiv Gandhi Intl Stadium, Hyderabad",Deccan Chargers,Rajasthan Royals,Rajasthan Royals,field,Rajasthan Royals,wickets,3,215,20,N,Normal,Asad Rauf,MR Benson,1,Deccan Chargers
335991,2008,Chandigarh,2008-04-25,League,KC Sangakkara,"PCA IS Bindra Stadium, Mohali",Punjab Kings,Mumbai Indians,Mumbai Indians,field,Punjab Kings,runs,66,183,20,N,Normal,Aleem Dar,AM Saheba,0,Punjab Kings
335992,2008,Bangalore,2008-04-26,League,SR Watson,"M Chinnaswamy Stadium, Bengaluru",Royal Challengers Bengaluru,Rajasthan Royals,Rajasthan Royals,field,Rajasthan Royals,wickets,7,136,20,N,Normal,MR Benson,IL Howell,1,Royal Challengers Bengaluru
335993,2008,Chennai,2008-04-26,League,JDP Oram,"MA Chidambaram Stadium, Chennai",Chennai Super Kings,Kolkata Knight Riders,Kolkata Knight Riders,bat,Chennai Super Kings,wickets,9,148,20,N,Normal,BF Bowden,AV Jayaprakash,0,Chennai Super Kings
335994,2008,Mumbai,2008-04-27,League,AC Gilchrist,"Dr DY Patil Sports Academy, Mumbai",Mumbai Indians,Deccan Chargers,Deccan Chargers,field,Deccan Chargers,wickets,10,155,20,N,Normal,Asad Rauf,SL Shastri,1,Mumbai Indians
335995,2008,Chandigarh,2008-04-27,League,SM Katich,"PCA IS Bindra Stadium, Mohali",Punjab Kings,Delhi Capitals,Delhi Capitals,bat,Punjab Kings,wickets,4,159,20,N,Normal,RE Koertzen,I Shivram,0,Punjab Kings
335996,2008,Bangalore,2008-04-28,League,MS Dhoni,"M Chinnaswamy Stadium, Bengaluru",Royal Challengers Bengaluru,Chennai Super Kings,Chennai Super Kings,bat,Chennai Super Kings,runs,13,179,20,N,Normal,BR Doctrove,RB Tiffin,1,Royal Challengers Bengaluru
335997,2008,Kolkata,2008-04-29,League,ST Jayasuriya,"Eden Gardens, Kolkata",Kolkata Knight Riders,Mumbai Indians,Kolkata Knight Riders,bat,Mumbai Indians,wickets,7,138,20,N,Normal,BF Bowden,AV Jayaprakash,0,Kolkata Knight Riders
335998,2008,Delhi,2008-04-30,League,GD McGrath,"Arun Jaitley Stadium, Delhi",Delhi Capitals,Royal Challengers Bengaluru,Royal Challengers Bengaluru,field,Delhi Capitals,runs,10,192,20,N,Normal,Aleem Dar,I Shivram,0,Delhi Capitals
335999,2008,Hyderabad,2008-05-01,League,SE Marsh,"Rajiv Gandhi Intl Stadium, Hyderabad",Deccan Chargers,Punjab Kings,Punjab Kings,field,Punjab Kings,wickets,7,165,20,N,Normal,BR Doctrove,RB Tiffin,1,Deccan Chargers
336000,2008,Jaipur,2008-05-01,League,SA Asnodkar,"Sawai Mansingh Stadium, Jaipur",Rajasthan Royals,Kolkata Knight Riders,Rajasthan Royals,bat,Rajasthan Royals,runs,45,197,20,N,Normal,RE Koertzen,GA Pratapkumar,1,Rajasthan Royals
336001,2008,Chennai,2008-05-02,League,V Sehwag,"MA Chidambaram Stadium, Chennai",Chennai Super Kings,Delhi Capitals,Chennai Super Kings,bat,Delhi Capitals,wickets,8,170,20,N,Normal,BF Bowden,K Hariharan,0,Chennai Super Kings
336003,2008,Chandigarh,2008-05-03,League,IK Pathan,"PCA IS Bindra Stadium, Mohali",Punjab Kings,Kolkata Knight Riders,Punjab Kings,bat,Punjab Kings,runs,9,179,20,N,Normal,DJ Harper,I Shivram,1,Punjab Kings
336034,2008,Bangalore,2008-05-03,League,P Kumar,"M Chinnaswamy Stadium, Bengaluru",Royal Challengers Bengaluru,Deccan Chargers,Deccan Chargers,field,Royal Challengers Bengaluru,runs,3,157,20,N,Normal,BR Doctrove,SL Shastri,0,Royal Challengers Bengaluru
336004,2008,Mumbai,2008-05-04,League,SM Pollock,"Dr DY Patil Sports Academy, Mumbai",Mumbai Indians,Delhi Capitals,Delhi Capitals,field,Mumbai Indians,runs,29,163,20,N,Normal,IL Howell,RE Koertzen,0,Mumbai Indians
336005,2008,Jaipur,2008-05-04,League,Sohail Tanvir,"Sawai Mansingh Stadium, Jaipur",Rajasthan Royals,Chennai Super Kings,Chennai Super Kings,bat,Rajasthan Royals,wickets,8,110,20,N,Normal,Asad Rauf,AV Jayaprakash,0,Rajasthan Royals
336006,2008,Bangalore,2008-05-05,League,S Sreesanth,"M Chinnaswamy Stadium, Bengaluru",Royal Challengers Bengaluru,Punjab Kings,Punjab Kings,field,Punjab Kings,wickets,6,127,20,N,Normal,SJ Davis,BR Doctrove,1,Royal Challengers Bengaluru
336007,2008,Chennai,2008-05-06,League,AC Gilchrist,"MA Chidambaram Stadium, Chennai",Chennai Super Kings,Deccan Chargers,Deccan Chargers,field,Deccan Chargers,wickets,7,145,20,N,Normal,MR Benson,RB Tiffin,1,Chennai Super Kings
336008,2008,Mumbai,2008-05-07,League,A Nehra,"Dr DY Patil Sports Academy, Mumbai",Mumbai Indians,Rajasthan Royals,Mumbai Indians,field,Mumbai Indians,wickets,7,104,20,N,Normal,DJ Harper,RE Koertzen,1,Mumbai Indians
336009,2008,Delhi,2008-05-08,League,MS Dhoni,"Arun Jaitley Stadium, Delhi",Delhi Capitals,Chennai Super Kings,Chennai Super Kings,field,Chennai Super Kings,wickets,4,188,20,N,Normal,Aleem Dar,RB Tiffin,1,Delhi Capitals
336010,2008,Kolkata,2008-05-08,League,SC Ganguly,"Eden Gardens, Kolkata",Kolkata Knight Riders,Royal Challengers Bengaluru,Kolkata Knight Riders,bat,Kolkata Knight Riders,runs,5,130,16,N,Normal,Asad Rauf,IL Howell,1,Kolkata Knight Riders
336011,2008,Jaipur,2008-05-09,League,YK Pathan,"Sawai Mansingh Stadium, Jaipur",Rajasthan Royals,Deccan Chargers,Rajasthan Royals,field,Rajasthan Royals,wickets,8,141,20,N,Normal,MR Benson,AM Saheba,1,Rajasthan Royals
336013,2008,Chennai,2008-05-10,League,L Balaji,"MA Chidambaram Stadium, Chennai",Chennai Super Kings,Punjab Kings,Punjab Kings,field,Chennai Super Kings,runs,18,182,20,N,Normal,AV Jayaprakash,BG Jerling,0,Chennai Super Kings
336014,2008,Hyderabad,2008-05-11,League,SC Ganguly,"Rajiv Gandhi Intl Stadium, Hyderabad",Deccan Chargers,Kolkata Knight Riders,Kolkata Knight Riders,bat,Kolkata Knight Riders,runs,23,205,20,N,Normal,IL Howell,AM Saheba,1,Deccan Chargers
336015,2008,Jaipur,2008-05-11,League,SR Watson,"Sawai Mansingh Stadium, Jaipur",Rajasthan Royals,Delhi Capitals,Rajasthan Royals,field,Rajasthan Royals,wickets,3,157,20,N,Normal,SJ Davis,RE Koertzen,1,Rajasthan Royals
336016,2008,Chandigarh,2008-05-12,League,SE Marsh,"PCA IS Bindra Stadium, Mohali",Punjab Kings,Royal Challengers Bengaluru,Royal Challengers Bengaluru,bat,Punjab Kings,wickets,9,144,20,N,Normal,BR Doctrove,I Shivram,0,Punjab Kings
336017,2008,Kolkata,2008-05-13,League,Shoaib Akhtar,"Eden Gardens, Kolkata",Kolkata Knight Riders,Delhi Capitals,Kolkata Knight Riders,bat,Kolkata Knight Riders,runs,23,134,20,N,Normal,Asad Rauf,IL Howell,1,Kolkata Knight Riders
336018,2008,Mumbai,2008-05-14,League,ST Jayasuriya,"Wankhede Stadium, Mumbai",Mumbai Indians,Chennai Super Kings,Mumbai Indians,field,Mumbai Indians,wickets,9,157,20,N,Normal,BR Doctrove,AM Saheba,1,Mumbai Indians
336020,2008,Delhi,2008-05-15,League,A Mishra,"Arun Jaitley Stadium, Delhi",Delhi Capitals,Deccan Chargers,Deccan Chargers,field,Delhi Capitals,runs,12,195,20,N,Normal,BG Jerling,GA Pratapkumar,0,Delhi Capitals
336021,2008,Mumbai,2008-05-16,League,SM Pollock,"Wankhede Stadium, Mumbai",Mumbai Indians,Kolkata Knight Riders,Mumbai Indians,field,Mumbai Indians,wickets,8,68,20,N,Normal,BR Doctrove,DJ Harper,1,Mumbai Indians
336022,2008,Delhi,2008-05-17,League,DPMD Jayawardene,"Arun Jaitley Stadium, Delhi",Delhi Capitals,Punjab Kings,Delhi Capitals,bat,Punjab Kings,runs,6,89,8,N,D/L,AV Jayaprakash,RE Koertzen,0,Delhi Capitals
336023,2008,Jaipur,2008-05-17,League,GC Smith,"Sawai Mansingh Stadium, Jaipur",Rajasthan Royals,Royal Challengers Bengaluru,Royal Challengers Bengaluru,field,Rajasthan Royals,runs,65,198,20,N,Normal,BF Bowden,SL Shastri,0,Rajasthan Royals
336024,2008,Hyderabad,2008-05-18,League,DJ Bravo,"Rajiv Gandhi Intl Stadium, Hyderabad",Deccan Chargers,Mumbai Indians,Deccan Chargers,field,Mumbai Indians,runs,25,179,20,N,Normal,BR Doctrove,DJ Harper,0,Deccan Chargers
336025,2008,Kolkata,2008-05-18,League,M Ntini,"Eden Gardens, Kolkata",Kolkata Knight Riders,Chennai Super Kings,Kolkata Knight Riders,bat,Chennai Super Kings,runs,3,53,8,N,D/L,Asad Rauf,K Hariharan,0,Kolkata Knight Riders
336026,2008,Bangalore,2008-05-19,League,SP Goswami,"M Chinnaswamy Stadium, Bengaluru",Royal Challengers Bengaluru,Delhi Capitals,Delhi Capitals,field,Delhi Capitals,wickets,5,155,20,N,Normal,SJ Davis,GA Pratapkumar,1,Royal Challengers Bengaluru
336027,2008,Kolkata,2008-05-20,League,YK Pathan,"Eden Gardens, Kolkata",Kolkata Knight Riders,Rajasthan Royals,Rajasthan Royals,field,Rajasthan Royals,wickets,6,148,20,N,Normal,BG Jerling,RE Koertzen,1,Kolkata Knight Riders
336028,2008,Mumbai,2008-05-21,League,SE Marsh,"Wankhede Stadium, Mumbai",Mumbai Indians,Punjab Kings,Mumbai Indians,field,Punjab Kings,runs,1,190,20,N,Normal,BF Bowden,GA Pratapkumar,0,Mumbai Indians
336029,2008,Chennai,2008-05-21,League,A Kumble,"MA Chidambaram Stadium, Chennai",Chennai Super Kings,Royal Challengers Bengaluru,Royal Challengers Bengaluru,bat,Royal Challengers Bengaluru,runs,14,127,20,N,Normal,DJ Harper,I Shivram,1,Chennai Super Kings
336031,2008,Chandigarh,2008-05-23,League,SE Marsh,"PCA IS Bindra Stadium, Mohali",Punjab Kings,Deccan Chargers,Punjab Kings,field,Punjab Kings,wickets,6,176,20,N,Normal,Asad Rauf,SJ Davis,1,Punjab Kings
336032,2008,Delhi,2008-05-24,League,KD Karthik,"Arun Jaitley Stadium, Delhi",Delhi Capitals,Mumbai Indians,Delhi Capitals,field,Delhi Capitals,wickets,5,177,20,N,Normal,BF Bowden,K Hariharan,1,Delhi Capitals
336033,2008,Chennai,2008-05-24,League,JA Morkel,"MA Chidambaram Stadium, Chennai",Chennai Super Kings,Rajasthan Royals,Rajasthan Royals,bat,Rajasthan Royals,runs,10,212,20,N,Normal,DJ Harper,SL Shastri,1,Chennai Super Kings
336002,2008,Hyderabad,2008-05-25,League,R Vinay Kumar,"Rajiv Gandhi Intl Stadium, Hyderabad",Deccan Chargers,Royal Challengers Bengaluru,Deccan Chargers,bat,Royal Challengers Bengaluru,wickets,5,166,20,N,Normal,Asad Rauf,RE Koertzen,0,Deccan Chargers
336035,2008,Kolkata,2008-05-25,League,Umar Gul,"Eden Gardens, Kolkata",Kolkata Knight Riders,Punjab Kings,Punjab Kings,bat,Kolkata Knight Riders,wickets,3,175,20,N,Normal,SJ Davis,I Shivram,0,Kolkata Knight Riders
336036,2008,Jaipur,2008-05-26,League,Sohail Tanvir,"Sawai Mansingh Stadium, Jaipur",Rajasthan Royals,Mumbai Indians,Rajasthan Royals,field,Rajasthan Royals,wickets,5,146,20,N,Normal,BF Bowden,K Hariharan,1,Rajasthan Royals
336037,2008,Hyderabad,2008-05-27,League,SK Raina,"Rajiv Gandhi Intl Stadium, Hyderabad",Deccan Chargers,Chennai Super Kings,Deccan Chargers,bat,Chennai Super Kings,wickets,7,148,20,N,Normal,BG Jerling,AM Saheba,0,Deccan Chargers
336012,2008,Bangalore,2008-05-28,League,CRD Fernando,"M Chinnaswamy Stadium, Bengaluru",Royal Challengers Bengaluru,Mumbai Indians,Mumbai Indians,field,Mumbai Indians,wickets,9,123,18,N,Normal,BF Bowden,AV Jayaprakash,1,Royal Challengers Bengaluru
336019,2008,Chandigarh,2008-05-28,League,SE Marsh,"PCA IS Bindra Stadium, Mohali",Punjab Kings,Rajasthan Royals,Rajasthan Royals,field,Punjab Kings,runs,41,222,20,N,Normal,SJ Davis,K Hariharan,0,Punjab Kings
336038,2008,Mumbai,2008-05-30,Semi Final,SR Watson,"Wankhede Stadium, Mumbai",Delhi Capitals,Rajasthan Royals,Delhi Capitals,field,Rajasthan Royals,runs,105,193,20,N,Normal,BF Bowden,RE Koertzen,0,Delhi Capitals
336039,2008,Mumbai,2008-05-31,Semi Final,M Ntini,"Wankhede Stadium, Mumbai",Chennai Super Kings,Punjab Kings,Punjab Kings,bat,Chennai Super Kings,wickets,9,113,20,N,Normal,Asad Rauf,DJ Harper,0,Chennai Super Kings
336040,2008,Mumbai,2008-06-01,Final,YK Pathan,"Dr DY Patil Sports Academy, Mumbai",Chennai Super Kings,Rajasthan Royals,Rajasthan Royals,field,Rajasthan Royals,wickets,3,164,20,N,Normal,BF Bowden,RE Koertzen,1,Chennai Super Kings
392181,2009,Cape Town,2009-04-18,League,SR Tendulkar,Newlands,Chennai Super Kings,Mumbai Indians,Chennai Super Kings,field,Mumbai Indians,runs,19,166,20,N,Normal,BR Doctrove,K Hariharan,0,Chennai Super Kings
392182,2009,Cape Town,2009-04-18,League,R Dravid,Newlands,Royal Challengers Bengaluru,Rajasthan Royals,Royal Challengers Bengaluru,bat,Royal Challengers Bengaluru,runs,75,134,20,N,Normal,BR Doctrove,RB Tiffin,1,Royal Challengers Bengaluru
392183,2009,Cape Town,2009-04-19,League,DL Vettori,Newlands,Delhi Capitals,Punjab Kings,Delhi Capitals,field,Delhi Capitals,wickets,10,54,6,N,D/L,MR Benson,SD Ranade,1,Delhi Capitals
392184,2009,Cape Town,2009-04-19,League,RP Singh,Newlands,Deccan Chargers,Kolkata Knight Riders,Kolkata Knight Riders,bat,Deccan Chargers,wickets,8,102,20,N,Normal,MR Benson,BR Doctrove,0,Deccan Chargers
392185,2009,Port Elizabeth,2009-04-20,League,M Muralitharan,St George's Park,Royal Challengers Bengaluru,Chennai Super Kings,Chennai Super Kings,bat,Chennai Super Kings,runs,92,180,20,N,Normal,BG Jerling,SJA Taufel,1,Royal Challengers Bengaluru
392186,2009,Durban,2009-04-21,League,CH Gayle,Kingsmead,Punjab Kings,Kolkata Knight Riders,Kolkata Knight Riders,field,Kolkata Knight Riders,runs,11,69,9,N,D/L,DJ Harper,SD Ranade,1,Punjab Kings
392188,2009,Cape Town,2009-04-22,League,AC Gilchrist,Newlands,Royal Challengers Bengaluru,Deccan Chargers,Deccan Chargers,bat,Deccan Chargers,runs,24,185,20,N,Normal,M Erasmus,AM Saheba,1,Royal Challengers Bengaluru
392189,2009,Durban,2009-04-23,League,AB de Villiers,Kingsmead,Chennai Super Kings,Delhi Capitals,Delhi Capitals,bat,Delhi Capitals,runs,9,190,20,N,Normal,BR Doctrove,SJA Taufel,1,Chennai Super Kings
392190,2009,Cape Town,2009-04-23,League,YK Pathan,Newlands,Kolkata Knight Riders,Rajasthan Royals,Kolkata Knight Riders,field,Rajasthan Royals,tie,0,151,20,Y,Normal,MR Benson,M Erasmus,0,Kolkata Knight Riders
392191,2009,Durban,2009-04-24,League,RS Bopara,Kingsmead,Royal Challengers Bengaluru,Punjab Kings,Royal Challengers Bengaluru,bat,Punjab Kings,wickets,7,169,20,N,Normal,BR Doctrove,TH Wijewardene,0,Royal Challengers Bengaluru
392192,2009,Durban,2009-04-25,League,PP Ojha,Kingsmead,Deccan Chargers,Mumbai Indians,Deccan Chargers,bat,Deccan Chargers,runs,12,169,20,N,Normal,HDPK Dharmasena,SJA Taufel,1,Deccan Chargers
392194,2009,Port Elizabeth,2009-04-26,League,TM Dilshan,St George's Park,Royal Challengers Bengaluru,Delhi Capitals,Royal Challengers Bengaluru,bat,Delhi Capitals,wickets,6,150,20,N,Normal,S Asnani,BG Jerling,0,Royal Challengers Bengaluru
392195,2009,Cape Town,2009-04-26,League,KC Sangakkara,Newlands,Punjab Kings,Rajasthan Royals,Punjab Kings,bat,Punjab Kings,runs,27,140,20,N,Normal,M Erasmus,K Hariharan,1,Punjab Kings
392196,2009,Durban,2009-04-27,League,HH Gibbs,Kingsmead,Chennai Super Kings,Deccan Chargers,Deccan Chargers,field,Deccan Chargers,wickets,6,166,20,N,Normal,IL Howell,TH Wijewardene,1,Chennai Super Kings
392197,2009,Port Elizabeth,2009-04-27,League,SR Tendulkar,St George's Park,Kolkata Knight Riders,Mumbai Indians,Mumbai Indians,bat,Mumbai Indians,runs,92,188,20,N,Normal,BG Jerling,RB Tiffin,1,Kolkata Knight Riders
392198,2009,Centurion,2009-04-28,League,YK Pathan,SuperSport Park,Delhi Capitals,Rajasthan Royals,Delhi Capitals,bat,Rajasthan Royals,wickets,5,144,20,N,Normal,GAV Baxter,RE Koertzen,0,Delhi Capitals
392199,2009,Durban,2009-04-29,League,MV Boucher,Kingsmead,Royal Challengers Bengaluru,Kolkata Knight Riders,Kolkata Knight Riders,bat,Royal Challengers Bengaluru,wickets,5,140,20,N,Normal,MR Benson,TH Wijewardene,0,Royal Challengers Bengaluru
392200,2009,Durban,2009-04-29,League,KC Sangakkara,Kingsmead,Punjab Kings,Mumbai Indians,Punjab Kings,bat,Punjab Kings,runs,3,120,20,N,Normal,MR Benson,SL Shastri,1,Punjab Kings
392201,2009,Centurion,2009-04-30,League,DP Nannes,SuperSport Park,Deccan Chargers,Delhi Capitals,Delhi Capitals,field,Delhi Capitals,wickets,6,149,20,N,Normal,GAV Baxter,AM Saheba,1,Deccan Chargers
392202,2009,Centurion,2009-04-30,League,SK Raina,SuperSport Park,Chennai Super Kings,Rajasthan Royals,Rajasthan Royals,field,Chennai Super Kings,runs,38,165,20,N,Normal,GAV Baxter,RE Koertzen,0,Chennai Super Kings
392203,2009,East London,2009-05-01,League,JP Duminy,Buffalo Park,Kolkata Knight Riders,Mumbai Indians,Mumbai Indians,bat,Mumbai Indians,runs,9,149,20,N,Normal,M Erasmus,SK Tarapore,1,Kolkata Knight Riders
392204,2009,Durban,2009-05-01,League,Yuvraj Singh,Kingsmead,Royal Challengers Bengaluru,Punjab Kings,Royal Challengers Bengaluru,bat,Royal Challengers Bengaluru,runs,8,146,20,N,Normal,HDPK Dharmasena,S Ravi,1,Royal Challengers Bengaluru
392205,2009,Port Elizabeth,2009-05-02,League,YK Pathan,St George's Park,Deccan Chargers,Rajasthan Royals,Deccan Chargers,bat,Rajasthan Royals,wickets,3,142,20,N,Normal,S Asnani,BG Jerling,0,Deccan Chargers
392206,2009,Johannesburg,2009-05-02,League,SB Jakati,New Wanderers Stadium,Chennai Super Kings,Delhi Capitals,Delhi Capitals,field,Chennai Super Kings,runs,18,164,20,N,Normal,DJ Harper,RE Koertzen,0,Chennai Super Kings
392207,2009,Port Elizabeth,2009-05-03,League,DPMD Jayawardene,St George's Park,Punjab Kings,Kolkata Knight Riders,Kolkata Knight Riders,bat,Punjab Kings,wickets,6,154,20,N,Normal,S Asnani,MR Benson,0,Punjab Kings
392208,2009,Johannesburg,2009-05-03,League,JH Kallis,New Wanderers Stadium,Royal Challengers Bengaluru,Mumbai Indians,Mumbai Indians,bat,Royal Challengers Bengaluru,wickets,9,150,20,N,Normal,RE Koertzen,TH Wijewardene,0,Royal Challengers Bengaluru
392209,2009,East London,2009-05-04,League,MS Dhoni,Buffalo Park,Chennai Super Kings,Deccan Chargers,Chennai Super Kings,bat,Chennai Super Kings,runs,78,179,20,N,Normal,BR Doctrove,M Erasmus,1,Chennai Super Kings
392210,2009,Durban,2009-05-05,League,GC Smith,Kingsmead,Punjab Kings,Rajasthan Royals,Punjab Kings,field,Rajasthan Royals,runs,78,212,20,N,Normal,SS Hazare,IL Howell,0,Punjab Kings
392211,2009,Durban,2009-05-05,League,G Gambhir,Kingsmead,Delhi Capitals,Kolkata Knight Riders,Kolkata Knight Riders,bat,Delhi Capitals,wickets,9,155,20,N,Normal,GAV Baxter,IL Howell,0,Delhi Capitals
392212,2009,Centurion,2009-05-06,League,RG Sharma,SuperSport Park,Deccan Chargers,Mumbai Indians,Deccan Chargers,bat,Deccan Chargers,runs,19,146,20,N,Normal,MR Benson,HDPK Dharmasena,1,Deccan Chargers
392213,2009,Centurion,2009-05-07,League,A Singh,SuperSport Park,Royal Challengers Bengaluru,Rajasthan Royals,Rajasthan Royals,field,Rajasthan Royals,wickets,7,106,20,N,Normal,K Hariharan,DJ Harper,1,Royal Challengers Bengaluru
392214,2009,Centurion,2009-05-07,League,ML Hayden,SuperSport Park,Chennai Super Kings,Punjab Kings,Chennai Super Kings,bat,Chennai Super Kings,runs,12,187,18,N,D/L,DJ Harper,TH Wijewardene,1,Chennai Super Kings
392215,2009,East London,2009-05-08,League,A Nehra,Buffalo Park,Delhi Capitals,Mumbai Indians,Mumbai Indians,bat,Delhi Capitals,wickets,7,117,20,N,Normal,M Erasmus,SK Tarapore,0,Delhi Capitals
392216,2009,Kimberley,2009-05-09,League,DPMD Jayawardene,De Beers Diamond Oval,Deccan Chargers,Punjab Kings,Punjab Kings,field,Punjab Kings,wickets,3,169,20,N,Normal,GAV Baxter,AM Saheba,1,Deccan Chargers
392217,2009,Kimberley,2009-05-09,League,S Badrinath,De Beers Diamond Oval,Chennai Super Kings,Rajasthan Royals,Rajasthan Royals,bat,Chennai Super Kings,wickets,7,141,20,N,Normal,GAV Baxter,HDPK Dharmasena,0,Chennai Super Kings
392218,2009,Port Elizabeth,2009-05-10,League,JP Duminy,St George's Park,Royal Challengers Bengaluru,Mumbai Indians,Mumbai Indians,bat,Mumbai Indians,runs,16,158,20,N,Normal,BR Doctrove,BG Jerling,1,Royal Challengers Bengaluru
392219,2009,Johannesburg,2009-05-10,League,A Mishra,New Wanderers Stadium,Delhi Capitals,Kolkata Knight Riders,Delhi Capitals,field,Delhi Capitals,wickets,7,124,20,N,Normal,SL Shastri,RB Tiffin,1,Delhi Capitals
392220,2009,Kimberley,2009-05-11,League,DR Smith,De Beers Diamond Oval,Deccan Chargers,Rajasthan Royals,Deccan Chargers,bat,Deccan Chargers,runs,53,167,20,N,Normal,GAV Baxter,HDPK Dharmasena,1,Deccan Chargers
392221,2009,Centurion,2009-05-12,League,LRPL Taylor,SuperSport Park,Royal Challengers Bengaluru,Kolkata Knight Riders,Royal Challengers Bengaluru,field,Royal Challengers Bengaluru,wickets,6,174,20,N,Normal,M Erasmus,SS Hazare,1,Royal Challengers Bengaluru
392222,2009,Centurion,2009-05-12,League,Harbhajan Singh,SuperSport Park,Punjab Kings,Mumbai Indians,Punjab Kings,bat,Mumbai Indians,wickets,8,120,20,N,Normal,SS Hazare,RE Koertzen,0,Punjab Kings
392223,2009,Durban,2009-05-13,League,R Bhatia,Kingsmead,Deccan Chargers,Delhi Capitals,Deccan Chargers,field,Delhi Capitals,runs,12,174,20,N,Normal,DJ Harper,SL Shastri,0,Deccan Chargers
392224,2009,Durban,2009-05-14,League,LRPL Taylor,Kingsmead,Royal Challengers Bengaluru,Chennai Super Kings,Chennai Super Kings,bat,Royal Challengers Bengaluru,wickets,2,130,20,N,Normal,BR Doctrove,DJ Harper,0,Royal Challengers Bengaluru
392225,2009,Durban,2009-05-14,League,SK Warne,Kingsmead,Mumbai Indians,Rajasthan Royals,Rajasthan Royals,bat,Rajasthan Royals,runs,2,146,20,N,Normal,BR Doctrove,DJ Harper,1,Mumbai Indians
392226,2009,Bloemfontein,2009-05-15,League,B Lee,OUTsurance Oval,Delhi Capitals,Punjab Kings,Punjab Kings,field,Punjab Kings,wickets,6,121,20,N,Normal,HDPK Dharmasena,IL Howell,1,Delhi Capitals
392227,2009,Port Elizabeth,2009-05-16,League,ML Hayden,St George's Park,Chennai Super Kings,Mumbai Indians,Mumbai Indians,bat,Chennai Super Kings,wickets,7,148,20,N,Normal,SK Tarapore,SJA Taufel,0,Chennai Super Kings
392228,2009,Johannesburg,2009-05-16,League,RG Sharma,New Wanderers Stadium,Deccan Chargers,Kolkata Knight Riders,Deccan Chargers,field,Deccan Chargers,wickets,6,161,20,N,Normal,RE Koertzen,S Ravi,1,Deccan Chargers
392229,2009,Johannesburg,2009-05-17,League,Yuvraj Singh,New Wanderers Stadium,Deccan Chargers,Punjab Kings,Deccan Chargers,field,Punjab Kings,runs,1,135,20,N,Normal,S Ravi,RB Tiffin,0,Deccan Chargers
392230,2009,Bloemfontein,2009-05-17,League,AB de Villiers,OUTsurance Oval,Delhi Capitals,Rajasthan Royals,Delhi Capitals,bat,Delhi Capitals,runs,14,151,20,N,Normal,SS Hazare,IL Howell,1,Delhi Capitals
392231,2009,Centurion,2009-05-18,League,BJ Hodge,SuperSport Park,Chennai Super Kings,Kolkata Knight Riders,Chennai Super Kings,bat,Kolkata Knight Riders,wickets,7,189,20,N,Normal,SJA Taufel,RB Tiffin,0,Chennai Super Kings
392232,2009,Johannesburg,2009-05-19,League,JH Kallis,New Wanderers Stadium,Royal Challengers Bengaluru,Delhi Capitals,Delhi Capitals,bat,Royal Challengers Bengaluru,wickets,7,135,20,N,Normal,IL Howell,RB Tiffin,0,Royal Challengers Bengaluru
392233,2009,Durban,2009-05-20,League,LR Shukla,Kingsmead,Kolkata Knight Riders,Rajasthan Royals,Kolkata Knight Riders,field,Kolkata Knight Riders,wickets,4,102,20,N,Normal,BG Jerling,SJA Taufel,1,Kolkata Knight Riders
392234,2009,Durban,2009-05-20,League,M Muralitharan,Kingsmead,Chennai Super Kings,Punjab Kings,Chennai Super Kings,bat,Chennai Super Kings,runs,24,117,20,N,Normal,BG Jerling,SJA Taufel,1,Chennai Super Kings
392235,2009,Centurion,2009-05-21,League,V Sehwag,SuperSport Park,Delhi Capitals,Mumbai Indians,Delhi Capitals,field,Delhi Capitals,wickets,4,166,20,N,Normal,IL Howell,S Ravi,1,Delhi Capitals
392236,2009,Centurion,2009-05-21,League,MK Pandey,SuperSport Park,Royal Challengers Bengaluru,Deccan Chargers,Royal Challengers Bengaluru,bat,Royal Challengers Bengaluru,runs,12,171,20,N,Normal,IL Howell,S Ravi,1,Royal Challengers Bengaluru
392237,2009,Centurion,2009-05-22,Semi Final,AC Gilchrist,SuperSport Park,Delhi Capitals,Deccan Chargers,Deccan Chargers,field,Deccan Chargers,wickets,6,154,20,N,Normal,BR Doctrove,DJ Harper,1,Delhi Capitals
392238,2009,Johannesburg,2009-05-23,Semi Final,MK Pandey,New Wanderers Stadium,Royal Challengers Bengaluru,Chennai Super Kings,Royal Challengers Bengaluru,field,Royal Challengers Bengaluru,wickets,6,147,20,N,Normal,RE Koertzen,SJA Taufel,1,Royal Challengers Bengaluru
392239,2009,Johannesburg,2009-05-24,Final,A Kumble,New Wanderers Stadium,Royal Challengers Bengaluru,Deccan Chargers,Royal Challengers Bengaluru,field,Deccan Chargers,runs,6,144,20,N,Normal,RE Koertzen,SJA Taufel,0,Royal Challengers Bengaluru
419106,2010,Mumbai,2010-03-12,League,AD Mathews,"Dr DY Patil Sports Academy, Mumbai",Deccan Chargers,Kolkata Knight Riders,Deccan Chargers,field,Kolkata Knight Riders,runs,11,162,20,N,Normal,RE Koertzen,RB Tiffin,0,Deccan Chargers
419107,2010,Mumbai,2010-03-13,League,YK Pathan,"Brabourne Stadium, Mumbai",Mumbai Indians,Rajasthan Royals,Mumbai Indians,bat,Mumbai Indians,runs,4,213,20,N,Normal,RE Koertzen,RB Tiffin,1,Mumbai Indians
419108,2010,Chandigarh,2010-03-13,League,G Gambhir,"PCA IS Bindra Stadium, Mohali",Punjab Kings,Delhi Capitals,Delhi Capitals,field,Delhi Capitals,wickets,5,143,20,N,Normal,BR Doctrove,S Ravi,1,Punjab Kings
419109,2010,Kolkata,2010-03-14,League,MK Tiwary,"Eden Gardens, Kolkata",Kolkata Knight Riders,Royal Challengers Bengaluru,Kolkata Knight Riders,field,Kolkata Knight Riders,wickets,7,136,20,N,Normal,HDPK Dharmasena,AM Saheba,1,Kolkata Knight Riders
419110,2010,Chennai,2010-03-14,League,WPUJC Vaas,"MA Chidambaram Stadium, Chennai",Chennai Super Kings,Deccan Chargers,Deccan Chargers,bat,Deccan Chargers,runs,31,191,20,N,Normal,K Hariharan,DJ Harper,1,Chennai Super Kings
419111,2010,Ahmedabad,2010-03-15,League,V Sehwag,"Sardar Patel Stadium, Motera",Rajasthan Royals,Delhi Capitals,Delhi Capitals,field,Delhi Capitals,wickets,6,142,20,N,Normal,BG Jerling,RE Koertzen,1,Rajasthan Royals
419112,2010,Bangalore,2010-03-16,League,JH Kallis,"M Chinnaswamy Stadium, Bengaluru",Royal Challengers Bengaluru,Punjab Kings,Punjab Kings,bat,Royal Challengers Bengaluru,wickets,8,204,20,N,Normal,S Das,DJ Harper,0,Royal Challengers Bengaluru
419113,2010,Kolkata,2010-03-16,League,MS Dhoni,"Eden Gardens, Kolkata",Kolkata Knight Riders,Chennai Super Kings,Chennai Super Kings,bat,Chennai Super Kings,runs,55,165,20,N,Normal,HDPK Dharmasena,AM Saheba,1,Kolkata Knight Riders
419114,2010,Delhi,2010-03-17,League,SR Tendulkar,"Arun Jaitley Stadium, Delhi",Delhi Capitals,Mumbai Indians,Delhi Capitals,field,Mumbai Indians,runs,98,219,20,N,Normal,BR Doctrove,SK Tarapore,0,Delhi Capitals
419115,2010,Bangalore,2010-03-18,League,JH Kallis,"M Chinnaswamy Stadium, Bengaluru",Royal Challengers Bengaluru,Rajasthan Royals,Royal Challengers Bengaluru,field,Royal Challengers Bengaluru,wickets,10,93,20,N,Normal,K Hariharan,DJ Harper,1,Royal Challengers Bengaluru
419116,2010,Delhi,2010-03-19,League,ML Hayden,"Arun Jaitley Stadium, Delhi",Delhi Capitals,Chennai Super Kings,Delhi Capitals,bat,Chennai Super Kings,wickets,5,186,20,N,Normal,BR Doctrove,SK Tarapore,0,Delhi Capitals
419117,2010,Cuttack,2010-03-19,League,A Symonds,Barabati Stadium,Deccan Chargers,Punjab Kings,Punjab Kings,field,Deccan Chargers,runs,6,171,20,N,Normal,BF Bowden,M Erasmus,0,Deccan Chargers
419118,2010,Ahmedabad,2010-03-20,League,AA Jhunjhunwala,"Sardar Patel Stadium, Motera",Rajasthan Royals,Kolkata Knight Riders,Rajasthan Royals,bat,Rajasthan Royals,runs,34,169,20,N,Normal,RE Koertzen,RB Tiffin,1,Rajasthan Royals
419119,2010,Mumbai,2010-03-20,League,JH Kallis,"Brabourne Stadium, Mumbai",Mumbai Indians,Royal Challengers Bengaluru,Mumbai Indians,bat,Royal Challengers Bengaluru,wickets,7,152,20,N,Normal,HDPK Dharmasena,SS Hazare,0,Mumbai Indians
419120,2010,Cuttack,2010-03-21,League,A Symonds,Barabati Stadium,Deccan Chargers,Delhi Capitals,Deccan Chargers,bat,Deccan Chargers,runs,10,172,20,N,Normal,BF Bowden,M Erasmus,1,Deccan Chargers
419121,2010,Chennai,2010-03-21,League,J Theron,"MA Chidambaram Stadium, Chennai",Chennai Super Kings,Punjab Kings,Chennai Super Kings,field,Punjab Kings,tie,0,137,20,Y,Normal,K Hariharan,DJ Harper,0,Chennai Super Kings
419122,2010,Mumbai,2010-03-22,League,SR Tendulkar,"Brabourne Stadium, Mumbai",Mumbai Indians,Kolkata Knight Riders,Kolkata Knight Riders,bat,Mumbai Indians,wickets,7,156,20,N,Normal,SS Hazare,SJA Taufel,0,Mumbai Indians
419123,2010,Bangalore,2010-03-23,League,RV Uthappa,"M Chinnaswamy Stadium, Bengaluru",Royal Challengers Bengaluru,Chennai Super Kings,Chennai Super Kings,field,Royal Challengers Bengaluru,runs,36,172,20,N,Normal,RE Koertzen,RB Tiffin,0,Royal Challengers Bengaluru
419124,2010,Chandigarh,2010-03-24,League,AC Voges,"PCA IS Bindra Stadium, Mohali",Punjab Kings,Rajasthan Royals,Punjab Kings,field,Rajasthan Royals,runs,31,184,20,N,Normal,BR Doctrove,SK Tarapore,0,Punjab Kings
419125,2010,Mumbai,2010-03-25,League,SR Tendulkar,"Brabourne Stadium, Mumbai",Chennai Super Kings,Mumbai Indians,Mumbai Indians,field,Mumbai Indians,wickets,5,181,20,N,Normal,AM Saheba,BF Bowden,1,Chennai Super Kings
419128,2010,Bangalore,2010-03-25,League,KM Jadhav,"M Chinnaswamy Stadium, Bengaluru",Royal Challengers Bengaluru,Delhi Capitals,Royal Challengers Bengaluru,field,Delhi Capitals,runs,17,184,20,N,Normal,BG Jerling,RE Koertzen,0,Royal Challengers Bengaluru
419126,2010,Ahmedabad,2010-03-26,League,YK Pathan,"Sardar Patel Stadium, Motera",Rajasthan Royals,Deccan Chargers,Deccan Chargers,bat,Rajasthan Royals,wickets,8,149,20,N,Normal,HDPK Dharmasena,SJA Taufel,0,Rajasthan Royals
419127,2010,Chandigarh,2010-03-27,League,MK Tiwary,"PCA IS Bindra Stadium, Mohali",Punjab Kings,Kolkata Knight Riders,Kolkata Knight Riders,bat,Kolkata Knight Riders,runs,39,184,20,N,Normal,BR Doctrove,S Ravi,1,Punjab Kings
419129,2010,Ahmedabad,2010-03-28,League,NV Ojha,"Sardar Patel Stadium, Motera",Rajasthan Royals,Chennai Super Kings,Rajasthan Royals,bat,Rajasthan Royals,runs,17,178,20,N,Normal,SS Hazare,SJA Taufel,1,Rajasthan Royals
419130,2010,Mumbai,2010-03-28,League,Harbhajan Singh,"Dr DY Patil Sports Academy, Mumbai",Deccan Chargers,Mumbai Indians,Deccan Chargers,field,Mumbai Indians,runs,41,173,20,N,Normal,S Das,K Hariharan,0,Deccan Chargers
419131,2010,Delhi,2010-03-29,League,DA Warner,"Arun Jaitley Stadium, Delhi",Delhi Capitals,Kolkata Knight Riders,Delhi Capitals,bat,Delhi Capitals,runs,40,178,20,N,Normal,SS Hazare,SJA Taufel,1,Delhi Capitals
419132,2010,Mumbai,2010-03-30,League,SL Malinga,"Brabourne Stadium, Mumbai",Mumbai Indians,Punjab Kings,Mumbai Indians,field,Mumbai Indians,wickets,4,164,20,N,Normal,BR Doctrove,SK Tarapore,1,Mumbai Indians
419133,2010,Chennai,2010-03-31,League,M Vijay,"MA Chidambaram Stadium, Chennai",Chennai Super Kings,Royal Challengers Bengaluru,Royal Challengers Bengaluru,bat,Chennai Super Kings,wickets,5,162,20,N,Normal,BG Jerling,RE Koertzen,0,Chennai Super Kings
419134,2010,Delhi,2010-03-31,League,KD Karthik,"Arun Jaitley Stadium, Delhi",Delhi Capitals,Rajasthan Royals,Delhi Capitals,bat,Delhi Capitals,runs,67,189,20,N,Normal,HDPK Dharmasena,SJA Taufel,1,Delhi Capitals
419135,2010,Kolkata,2010-04-01,League,SC Ganguly,"Eden Gardens, Kolkata",Kolkata Knight Riders,Deccan Chargers,Kolkata Knight Riders,bat,Kolkata Knight Riders,runs,24,182,20,N,Normal,K Hariharan,DJ Harper,1,Kolkata Knight Riders
419136,2010,Chandigarh,2010-04-02,League,KP Pietersen,"PCA IS Bindra Stadium, Mohali",Punjab Kings,Royal Challengers Bengaluru,Punjab Kings,bat,Royal Challengers Bengaluru,wickets,6,182,20,N,Normal,BF Bowden,M Erasmus,0,Punjab Kings
419137,2010,Chennai,2010-04-03,League,M Vijay,"MA Chidambaram Stadium, Chennai",Chennai Super Kings,Rajasthan Royals,Chennai Super Kings,bat,Chennai Super Kings,runs,23,247,20,N,Normal,RE Koertzen,RB Tiffin,1,Chennai Super Kings
419138,2010,Mumbai,2010-04-03,League,AT Rayudu,"Brabourne Stadium, Mumbai",Mumbai Indians,Deccan Chargers,Mumbai Indians,bat,Mumbai Indians,runs,63,179,20,N,Normal,BR Doctrove,S Ravi,1,Mumbai Indians
419139,2010,Kolkata,2010-04-04,League,DPMD Jayawardene,"Eden Gardens, Kolkata",Kolkata Knight Riders,Punjab Kings,Kolkata Knight Riders,bat,Punjab Kings,wickets,8,201,20,N,Normal,S Asnani,DJ Harper,0,Kolkata Knight Riders
419140,2010,Delhi,2010-04-04,League,PD Collingwood,"Arun Jaitley Stadium, Delhi",Delhi Capitals,Royal Challengers Bengaluru,Delhi Capitals,bat,Delhi Capitals,runs,37,185,20,N,Normal,BF Bowden,M Erasmus,1,Delhi Capitals
419141,2010,Nagpur,2010-04-05,League,SK Warne,"Vidarbha Cricket Association Stadium, Jamtha",Deccan Chargers,Rajasthan Royals,Rajasthan Royals,bat,Rajasthan Royals,runs,2,160,20,N,Normal,HDPK Dharmasena,SJA Taufel,1,Deccan Chargers
419142,2010,Chennai,2010-04-06,League,SK Raina,"MA Chidambaram Stadium, Chennai",Chennai Super Kings,Mumbai Indians,Chennai Super Kings,bat,Chennai Super Kings,runs,24,166,20,N,Normal,S Asnani,DJ Harper,1,Chennai Super Kings
419143,2010,Jaipur,2010-04-07,League,MJ Lumb,"Sawai Mansingh Stadium, Jaipur",Rajasthan Royals,Punjab Kings,Punjab Kings,bat,Rajasthan Royals,wickets,9,154,20,N,Normal,S Ravi,SK Tarapore,0,Rajasthan Royals
419144,2010,Kolkata,2010-04-07,League,SC Ganguly,"Eden Gardens, Kolkata",Kolkata Knight Riders,Delhi Capitals,Kolkata Knight Riders,bat,Kolkata Knight Riders,runs,14,182,20,N,Normal,BG Jerling,RE Koertzen,1,Kolkata Knight Riders
419145,2010,Bangalore,2010-04-08,League,TL Suman,"M Chinnaswamy Stadium, Bengaluru",Royal Challengers Bengaluru,Deccan Chargers,Deccan Chargers,field,Deccan Chargers,wickets,7,185,20,N,Normal,S Asnani,DJ Harper,1,Royal Challengers Bengaluru
419146,2010,Chandigarh,2010-04-09,League,KC Sangakkara,"PCA IS Bindra Stadium, Mohali",Punjab Kings,Mumbai Indians,Mumbai Indians,bat,Punjab Kings,wickets,6,155,20,N,Normal,M Erasmus,AM Saheba,0,Punjab Kings
419147,2010,Nagpur,2010-04-10,League,RJ Harris,"Vidarbha Cricket Association Stadium, Jamtha",Deccan Chargers,Chennai Super Kings,Chennai Super Kings,bat,Deccan Chargers,wickets,6,139,20,N,Normal,HDPK Dharmasena,SJA Taufel,0,Deccan Chargers
419148,2010,Bangalore,2010-04-10,League,R Vinay Kumar,"M Chinnaswamy Stadium, Bengaluru",Royal Challengers Bengaluru,Kolkata Knight Riders,Royal Challengers Bengaluru,field,Royal Challengers Bengaluru,wickets,7,161,20,N,Normal,K Hariharan,DJ Harper,1,Royal Challengers Bengaluru
419149,2010,Delhi,2010-04-11,League,PP Chawla,"Arun Jaitley Stadium, Delhi",Delhi Capitals,Punjab Kings,Delhi Capitals,bat,Punjab Kings,wickets,7,112,20,N,Normal,BF Bowden,AM Saheba,0,Delhi Capitals
419150,2010,Jaipur,2010-04-11,League,SR Tendulkar,"Sawai Mansingh Stadium, Jaipur",Rajasthan Royals,Mumbai Indians,Rajasthan Royals,field,Mumbai Indians,runs,37,175,20,N,Normal,BR Doctrove,SK Tarapore,0,Rajasthan Royals
419151,2010,Nagpur,2010-04-12,League,Harmeet Singh,"Vidarbha Cricket Association Stadium, Jamtha",Deccan Chargers,Royal Challengers Bengaluru,Royal Challengers Bengaluru,field,Deccan Chargers,runs,13,152,20,N,Normal,RE Koertzen,RB Tiffin,0,Deccan Chargers
419152,2010,Mumbai,2010-04-13,League,KA Pollard,"Brabourne Stadium, Mumbai",Mumbai Indians,Delhi Capitals,Mumbai Indians,bat,Mumbai Indians,runs,39,184,20,N,Normal,S Asnani,DJ Harper,1,Mumbai Indians
419153,2010,Chennai,2010-04-13,League,R Ashwin,"MA Chidambaram Stadium, Chennai",Chennai Super Kings,Kolkata Knight Riders,Kolkata Knight Riders,bat,Chennai Super Kings,wickets,9,140,20,N,Normal,SS Hazare,SJA Taufel,0,Chennai Super Kings
419154,2010,Jaipur,2010-04-14,League,KP Pietersen,"Sawai Mansingh Stadium, Jaipur",Rajasthan Royals,Royal Challengers Bengaluru,Rajasthan Royals,bat,Royal Challengers Bengaluru,wickets,5,131,20,N,Normal,BR Doctrove,S Ravi,0,Rajasthan Royals
419155,2010,Chennai,2010-04-15,League,G Gambhir,"MA Chidambaram Stadium, Chennai",Chennai Super Kings,Delhi Capitals,Chennai Super Kings,bat,Delhi Capitals,wickets,6,113,20,N,Normal,HDPK Dharmasena,SS Hazare,0,Chennai Super Kings
419156,2010,Dharamsala,2010-04-16,League,RG Sharma,"HPCA Stadium, Dharamsala",Punjab Kings,Deccan Chargers,Deccan Chargers,field,Deccan Chargers,wickets,5,175,20,N,Normal,M Erasmus,AM Saheba,1,Punjab Kings
419157,2010,Bangalore,2010-04-17,League,R McLaren,"M Chinnaswamy Stadium, Bengaluru",Royal Challengers Bengaluru,Mumbai Indians,Royal Challengers Bengaluru,field,Mumbai Indians,runs,57,192,20,N,Normal,HDPK Dharmasena,SJA Taufel,0,Royal Challengers Bengaluru
419158,2010,Kolkata,2010-04-17,League,JD Unadkat,"Eden Gardens, Kolkata",Kolkata Knight Riders,Rajasthan Royals,Rajasthan Royals,bat,Kolkata Knight Riders,wickets,8,133,20,N,Normal,BG Jerling,RB Tiffin,0,Kolkata Knight Riders
419159,2010,Dharamsala,2010-04-18,League,MS Dhoni,"HPCA Stadium, Dharamsala",Punjab Kings,Chennai Super Kings,Chennai Super Kings,field,Chennai Super Kings,wickets,6,193,20,N,Normal,BF Bowden,AM Saheba,1,Punjab Kings
419160,2010,Delhi,2010-04-18,League,A Symonds,"Arun Jaitley Stadium, Delhi",Delhi Capitals,Deccan Chargers,Deccan Chargers,bat,Deccan Chargers,runs,11,146,20,N,Normal,BR Doctrove,SK Tarapore,1,Delhi Capitals
419161,2010,Kolkata,2010-04-19,League,M Kartik,"Eden Gardens, Kolkata",Kolkata Knight Riders,Mumbai Indians,Mumbai Indians,bat,Kolkata Knight Riders,wickets,9,134,20,N,Normal,BG Jerling,RE Koertzen,0,Kolkata Knight Riders
419162,2010,Mumbai,2010-04-21,Semi Final,KA Pollard,"Dr DY Patil Sports Academy, Mumbai",Royal Challengers Bengaluru,Mumbai Indians,Mumbai Indians,bat,Mumbai Indians,runs,35,185,20,N,Normal,BR Doctrove,RB Tiffin,1,Royal Challengers Bengaluru
419163,2010,Mumbai,2010-04-22,Semi Final,DE Bollinger,"Dr DY Patil Sports Academy, Mumbai",Chennai Super Kings,Deccan Chargers,Chennai Super Kings,bat,Chennai Super Kings,runs,38,143,20,N,Normal,BR Doctrove,RB Tiffin,1,Chennai Super Kings
419164,2010,Mumbai,2010-04-24,3rd Place Play-Off,A Kumble,"Dr DY Patil Sports Academy, Mumbai",Royal Challengers Bengaluru,Deccan Chargers,Deccan Chargers,bat,Royal Challengers Bengaluru,wickets,9,83,20,N,Normal,RE Koertzen,SJA Taufel,0,Royal Challengers Bengaluru
419165,2010,Mumbai,2010-04-25,Final,SK Raina,"Dr DY Patil Sports Academy, Mumbai",Chennai Super Kings,Mumbai Indians,Chennai Super Kings,bat,Chennai Super Kings,runs,22,169,20,N,Normal,RE Koertzen,SJA Taufel,1,Chennai Super Kings
501198,2011,Chennai,2011-04-08,League,S Anirudha,"MA Chidambaram Stadium, Chennai",Chennai Super Kings,Kolkata Knight Riders,Chennai Super Kings,bat,Chennai Super Kings,runs,2,154,20,N,Normal,BR Doctrove,PR Reiffel,1,Chennai Super Kings
501199,2011,Hyderabad,2011-04-09,League,SK Trivedi,"Rajiv Gandhi Intl Stadium, Hyderabad",Deccan Chargers,Rajasthan Royals,Rajasthan Royals,field,Rajasthan Royals,wickets,8,138,20,N,Normal,RE Koertzen,SK Tarapore,1,Deccan Chargers
501200,2011,Kochi,2011-04-09,League,AB de Villiers,Nehru Stadium,Kochi Tuskers Kerala,Royal Challengers Bengaluru,Kochi Tuskers Kerala,bat,Royal Challengers Bengaluru,wickets,6,162,20,N,Normal,HDPK Dharmasena,K Hariharan,0,Kochi Tuskers Kerala
501201,2011,Delhi,2011-04-10,League,SL Malinga,"Arun Jaitley Stadium, Delhi",Delhi Capitals,Mumbai Indians,Delhi Capitals,bat,Mumbai Indians,wickets,8,96,20,N,Normal,AM Saheba,RB Tiffin,0,Delhi Capitals
501202,2011,Mumbai,2011-04-10,League,SB Wagh,"Dr DY Patil Sports Academy, Mumbai",Pune Warriors,Punjab Kings,Punjab Kings,bat,Pune Warriors,wickets,7,113,20,N,Normal,BR Doctrove,PR Reiffel,0,Pune Warriors
501203,2011,Kolkata,2011-04-11,League,JH Kallis,"Eden Gardens, Kolkata",Kolkata Knight Riders,Deccan Chargers,Kolkata Knight Riders,bat,Kolkata Knight Riders,runs,9,164,20,N,Normal,RE Koertzen,SK Tarapore,1,Kolkata Knight Riders
501204,2011,Jaipur,2011-04-12,League,SK Warne,"Sawai Mansingh Stadium, Jaipur",Rajasthan Royals,Delhi Capitals,Delhi Capitals,bat,Rajasthan Royals,wickets,6,152,20,N,Normal,Aleem Dar,RB Tiffin,0,Rajasthan Royals
501205,2011,Bangalore,2011-04-12,League,SR Tendulkar,"M Chinnaswamy Stadium, Bengaluru",Royal Challengers Bengaluru,Mumbai Indians,Mumbai Indians,field,Mumbai Indians,wickets,9,141,20,N,Normal,HDPK Dharmasena,AL Hill,1,Royal Challengers Bengaluru
501206,2011,Chandigarh,2011-04-13,League,PC Valthaty,"PCA IS Bindra Stadium, Mohali",Punjab Kings,Chennai Super Kings,Punjab Kings,field,Punjab Kings,wickets,6,189,20,N,Normal,Asad Rauf,SL Shastri,1,Punjab Kings
501207,2011,Mumbai,2011-04-13,League,MD Mishra,"Dr DY Patil Sports Academy, Mumbai",Pune Warriors,Kochi Tuskers Kerala,Kochi Tuskers Kerala,bat,Pune Warriors,wickets,4,149,20,N,Normal,S Asnani,PR Reiffel,0,Pune Warriors
501208,2011,Hyderabad,2011-04-14,League,DW Steyn,"Rajiv Gandhi Intl Stadium, Hyderabad",Deccan Chargers,Royal Challengers Bengaluru,Royal Challengers Bengaluru,field,Deccan Chargers,runs,33,176,20,N,Normal,RE Koertzen,S Ravi,0,Deccan Chargers
501209,2011,Jaipur,2011-04-15,League,G Gambhir,"Sawai Mansingh Stadium, Jaipur",Rajasthan Royals,Kolkata Knight Riders,Kolkata Knight Riders,field,Kolkata Knight Riders,wickets,9,160,20,N,Normal,Aleem Dar,SS Hazare,1,Rajasthan Royals
501210,2011,Mumbai,2011-04-15,League,BB McCullum,"Wankhede Stadium, Mumbai",Mumbai Indians,Kochi Tuskers Kerala,Kochi Tuskers Kerala,field,Kochi Tuskers Kerala,wickets,8,183,20,N,Normal,BR Doctrove,PR Reiffel,1,Mumbai Indians
501211,2011,Chennai,2011-04-16,League,MEK Hussey,"MA Chidambaram Stadium, Chennai",Chennai Super Kings,Royal Challengers Bengaluru,Chennai Super Kings,bat,Chennai Super Kings,runs,21,184,20,N,Normal,HDPK Dharmasena,AL Hill,1,Chennai Super Kings
501212,2011,Hyderabad,2011-04-16,League,PC Valthaty,"Rajiv Gandhi Intl Stadium, Hyderabad",Deccan Chargers,Punjab Kings,Punjab Kings,field,Punjab Kings,wickets,8,166,20,N,Normal,RE Koertzen,S Ravi,1,Deccan Chargers
501213,2011,Mumbai,2011-04-17,League,Yuvraj Singh,"Dr DY Patil Sports Academy, Mumbai",Pune Warriors,Delhi Capitals,Delhi Capitals,field,Delhi Capitals,wickets,3,188,20,N,Normal,Asad Rauf,AM Saheba,1,Pune Warriors
501214,2011,Kolkata,2011-04-17,League,L Balaji,"Eden Gardens, Kolkata",Kolkata Knight Riders,Rajasthan Royals,Kolkata Knight Riders,field,Kolkata Knight Riders,wickets,8,82,20,N,Normal,Aleem Dar,RB Tiffin,1,Kolkata Knight Riders
501215,2011,Kochi,2011-04-18,League,BB McCullum,Nehru Stadium,Kochi Tuskers Kerala,Chennai Super Kings,Kochi Tuskers Kerala,field,Kochi Tuskers Kerala,wickets,7,135,17,N,D/L,K Hariharan,AL Hill,1,Kochi Tuskers Kerala
501216,2011,Delhi,2011-04-19,League,S Sohal,"Arun Jaitley Stadium, Delhi",Delhi Capitals,Deccan Chargers,Deccan Chargers,bat,Deccan Chargers,runs,16,169,20,N,Normal,PR Reiffel,RJ Tucker,1,Delhi Capitals
501218,2011,Mumbai,2011-04-20,League,MM Patel,"Wankhede Stadium, Mumbai",Mumbai Indians,Pune Warriors,Pune Warriors,bat,Mumbai Indians,wickets,7,119,20,N,Normal,Asad Rauf,AM Saheba,0,Mumbai Indians
501219,2011,Kolkata,2011-04-20,League,DPMD Jayawardene,"Eden Gardens, Kolkata",Kolkata Knight Riders,Kochi Tuskers Kerala,Kolkata Knight Riders,field,Kochi Tuskers Kerala,runs,6,133,20,N,Normal,Aleem Dar,RB Tiffin,0,Kolkata Knight Riders
501220,2011,Chandigarh,2011-04-21,League,SE Marsh,"PCA IS Bindra Stadium, Mohali",Punjab Kings,Rajasthan Royals,Rajasthan Royals,field,Punjab Kings,runs,48,196,20,N,Normal,S Asnani,PR Reiffel,0,Punjab Kings
501221,2011,Mumbai,2011-04-22,League,Harbhajan Singh,"Wankhede Stadium, Mumbai",Mumbai Indians,Chennai Super Kings,Chennai Super Kings,field,Mumbai Indians,runs,8,165,20,N,Normal,Asad Rauf,AM Saheba,0,Mumbai Indians
501222,2011,Kolkata,2011-04-22,League,CH Gayle,"Eden Gardens, Kolkata",Kolkata Knight Riders,Royal Challengers Bengaluru,Royal Challengers Bengaluru,field,Royal Challengers Bengaluru,wickets,9,172,20,N,Normal,SS Hazare,RB Tiffin,1,Kolkata Knight Riders
501223,2011,Delhi,2011-04-23,League,DA Warner,"Arun Jaitley Stadium, Delhi",Delhi Capitals,Punjab Kings,Punjab Kings,field,Delhi Capitals,runs,29,232,20,N,Normal,S Asnani,RE Koertzen,0,Delhi Capitals
501224,2011,Hyderabad,2011-04-24,League,SL Malinga,"Rajiv Gandhi Intl Stadium, Hyderabad",Deccan Chargers,Mumbai Indians,Deccan Chargers,field,Mumbai Indians,runs,37,173,20,N,Normal,HDPK Dharmasena,AL Hill,0,Deccan Chargers
501225,2011,Jaipur,2011-04-24,League,SK Warne,"Sawai Mansingh Stadium, Jaipur",Rajasthan Royals,Kochi Tuskers Kerala,Rajasthan Royals,field,Rajasthan Royals,wickets,8,110,20,N,Normal,BR Doctrove,SK Tarapore,1,Rajasthan Royals
501226,2011,Chennai,2011-04-25,League,MEK Hussey,"MA Chidambaram Stadium, Chennai",Chennai Super Kings,Pune Warriors,Pune Warriors,field,Chennai Super Kings,runs,25,143,20,N,Normal,Aleem Dar,RB Tiffin,0,Chennai Super Kings
501227,2011,Delhi,2011-04-26,League,V Kohli,"Arun Jaitley Stadium, Delhi",Delhi Capitals,Royal Challengers Bengaluru,Royal Challengers Bengaluru,field,Royal Challengers Bengaluru,wickets,3,161,20,N,Normal,S Asnani,RJ Tucker,1,Delhi Capitals
501228,2011,Mumbai,2011-04-27,League,DE Bollinger,"Dr DY Patil Sports Academy, Mumbai",Pune Warriors,Chennai Super Kings,Pune Warriors,bat,Chennai Super Kings,wickets,8,142,20,N,Normal,Asad Rauf,SL Shastri,0,Pune Warriors
501229,2011,Kochi,2011-04-27,League,I Sharma,Nehru Stadium,Kochi Tuskers Kerala,Deccan Chargers,Kochi Tuskers Kerala,field,Deccan Chargers,runs,55,130,20,N,Normal,HDPK Dharmasena,AL Hill,0,Kochi Tuskers Kerala
501230,2011,Delhi,2011-04-28,League,MK Tiwary,"Arun Jaitley Stadium, Delhi",Delhi Capitals,Kolkata Knight Riders,Delhi Capitals,field,Kolkata Knight Riders,runs,17,149,20,N,Normal,PR Reiffel,RJ Tucker,0,Delhi Capitals
501231,2011,Jaipur,2011-04-29,League,J Botha,"Sawai Mansingh Stadium, Jaipur",Rajasthan Royals,Mumbai Indians,Rajasthan Royals,field,Rajasthan Royals,wickets,7,95,20,N,Normal,Asad Rauf,SK Tarapore,1,Rajasthan Royals
501232,2011,Bangalore,2011-04-29,League,V Kohli,"M Chinnaswamy Stadium, Bengaluru",Royal Challengers Bengaluru,Pune Warriors,Pune Warriors,field,Royal Challengers Bengaluru,runs,26,182,20,N,Normal,Aleem Dar,SS Hazare,0,Royal Challengers Bengaluru
501233,2011,Kochi,2011-04-30,League,V Sehwag,Nehru Stadium,Kochi Tuskers Kerala,Delhi Capitals,Delhi Capitals,bat,Delhi Capitals,runs,38,158,20,N,Normal,HDPK Dharmasena,AL Hill,1,Kochi Tuskers Kerala
501234,2011,Kolkata,2011-04-30,League,Iqbal Abdulla,"Eden Gardens, Kolkata",Kolkata Knight Riders,Punjab Kings,Kolkata Knight Riders,field,Kolkata Knight Riders,wickets,8,120,20,N,Normal,AM Saheba,SL Shastri,1,Kolkata Knight Riders
501235,2011,Jaipur,2011-05-01,League,LRPL Taylor,"Sawai Mansingh Stadium, Jaipur",Rajasthan Royals,Pune Warriors,Rajasthan Royals,field,Rajasthan Royals,wickets,6,144,20,N,Normal,SK Tarapore,SJA Taufel,1,Rajasthan Royals
501236,2011,Chennai,2011-05-01,League,JA Morkel,"MA Chidambaram Stadium, Chennai",Chennai Super Kings,Deccan Chargers,Chennai Super Kings,bat,Chennai Super Kings,runs,19,166,20,N,Normal,Aleem Dar,RB Tiffin,1,Chennai Super Kings
501237,2011,Mumbai,2011-05-02,League,KA Pollard,"Wankhede Stadium, Mumbai",Mumbai Indians,Punjab Kings,Punjab Kings,field,Mumbai Indians,runs,23,160,20,N,Normal,HDPK Dharmasena,PR Reiffel,0,Mumbai Indians
501238,2011,Delhi,2011-05-02,League,P Parameswaran,"Arun Jaitley Stadium, Delhi",Delhi Capitals,Kochi Tuskers Kerala,Kochi Tuskers Kerala,field,Kochi Tuskers Kerala,wickets,7,141,20,N,Normal,Asad Rauf,SL Shastri,1,Delhi Capitals
501239,2011,Hyderabad,2011-05-03,League,YK Pathan,"Rajiv Gandhi Intl Stadium, Hyderabad",Deccan Chargers,Kolkata Knight Riders,Deccan Chargers,field,Kolkata Knight Riders,runs,20,170,20,N,Normal,S Asnani,RJ Tucker,0,Deccan Chargers
501240,2011,Chennai,2011-05-04,League,MEK Hussey,"MA Chidambaram Stadium, Chennai",Chennai Super Kings,Rajasthan Royals,Rajasthan Royals,bat,Chennai Super Kings,wickets,8,148,20,N,Normal,SS Hazare,RB Tiffin,0,Chennai Super Kings
501241,2011,Mumbai,2011-05-04,League,R Sharma,"Dr DY Patil Sports Academy, Mumbai",Pune Warriors,Mumbai Indians,Pune Warriors,field,Mumbai Indians,runs,21,161,20,N,Normal,HDPK Dharmasena,SJA Taufel,0,Pune Warriors
501242,2011,Kochi,2011-05-05,League,BJ Hodge,Nehru Stadium,Kochi Tuskers Kerala,Kolkata Knight Riders,Kolkata Knight Riders,field,Kochi Tuskers Kerala,runs,17,157,20,N,Normal,S Ravi,RJ Tucker,0,Kochi Tuskers Kerala
501243,2011,Hyderabad,2011-05-05,League,V Sehwag,"Rajiv Gandhi Intl Stadium, Hyderabad",Deccan Chargers,Delhi Capitals,Delhi Capitals,field,Delhi Capitals,wickets,4,176,20,N,Normal,Asad Rauf,AM Saheba,1,Deccan Chargers
501244,2011,Bangalore,2011-05-06,League,CH Gayle,"M Chinnaswamy Stadium, Bengaluru",Royal Challengers Bengaluru,Punjab Kings,Punjab Kings,field,Royal Challengers Bengaluru,runs,85,206,20,N,Normal,Aleem Dar,RB Tiffin,0,Royal Challengers Bengaluru
501245,2011,Kolkata,2011-05-07,League,Iqbal Abdulla,"Eden Gardens, Kolkata",Kolkata Knight Riders,Chennai Super Kings,Chennai Super Kings,bat,Kolkata Knight Riders,runs,10,52,10,N,D/L,Asad Rauf,PR Reiffel,0,Kolkata Knight Riders
501246,2011,Mumbai,2011-05-07,League,AT Rayudu,"Wankhede Stadium, Mumbai",Mumbai Indians,Delhi Capitals,Delhi Capitals,field,Mumbai Indians,runs,32,179,20,N,Normal,K Hariharan,SJA Taufel,0,Mumbai Indians
501247,2011,Bangalore,2011-05-08,League,CH Gayle,"M Chinnaswamy Stadium, Bengaluru",Royal Challengers Bengaluru,Kochi Tuskers Kerala,Kochi Tuskers Kerala,bat,Royal Challengers Bengaluru,wickets,9,126,20,N,Normal,Aleem Dar,SS Hazare,0,Royal Challengers Bengaluru
501248,2011,Chandigarh,2011-05-08,League,R Sharma,"PCA IS Bindra Stadium, Mohali",Punjab Kings,Pune Warriors,Punjab Kings,bat,Pune Warriors,wickets,5,120,20,N,Normal,SK Tarapore,RJ Tucker,0,Punjab Kings
501249,2011,Jaipur,2011-05-09,League,M Vijay,"Sawai Mansingh Stadium, Jaipur",Rajasthan Royals,Chennai Super Kings,Rajasthan Royals,field,Chennai Super Kings,runs,63,197,20,N,Normal,K Hariharan,SJA Taufel,0,Rajasthan Royals
501250,2011,Hyderabad,2011-05-10,League,MR Marsh,"Rajiv Gandhi Intl Stadium, Hyderabad",Deccan Chargers,Pune Warriors,Deccan Chargers,bat,Pune Warriors,wickets,6,137,20,N,Normal,Asad Rauf,AM Saheba,0,Deccan Chargers
501251,2011,Chandigarh,2011-05-10,League,BA Bhatt,"PCA IS Bindra Stadium, Mohali",Punjab Kings,Mumbai Indians,Mumbai Indians,field,Punjab Kings,runs,76,164,20,N,Normal,SK Tarapore,RJ Tucker,0,Punjab Kings
501252,2011,Jaipur,2011-05-11,League,S Aravind,"Sawai Mansingh Stadium, Jaipur",Rajasthan Royals,Royal Challengers Bengaluru,Royal Challengers Bengaluru,field,Royal Challengers Bengaluru,wickets,9,147,20,N,Normal,HDPK Dharmasena,K Hariharan,1,Rajasthan Royals
501253,2011,Chennai,2011-05-12,League,MS Dhoni,"MA Chidambaram Stadium, Chennai",Chennai Super Kings,Delhi Capitals,Chennai Super Kings,bat,Chennai Super Kings,runs,18,177,20,N,Normal,AM Saheba,SL Shastri,1,Chennai Super Kings
501254,2011,Indore,2011-05-13,League,KD Karthik,Holkar Cricket Stadium,Kochi Tuskers Kerala,Punjab Kings,Punjab Kings,field,Punjab Kings,wickets,6,179,20,N,Normal,S Asnani,RJ Tucker,1,Kochi Tuskers Kerala
501255,2011,Bangalore,2011-05-14,League,CH Gayle,"M Chinnaswamy Stadium, Bengaluru",Royal Challengers Bengaluru,Kolkata Knight Riders,Royal Challengers Bengaluru,field,Royal Challengers Bengaluru,wickets,4,102,13,N,D/L,RE Koertzen,RB Tiffin,1,Royal Challengers Bengaluru
501256,2011,Mumbai,2011-05-14,League,A Mishra,"Wankhede Stadium, Mumbai",Mumbai Indians,Deccan Chargers,Deccan Chargers,bat,Deccan Chargers,runs,10,136,20,N,Normal,S Ravi,SK Tarapore,1,Mumbai Indians
501257,2011,Dharamsala,2011-05-15,League,PP Chawla,"HPCA Stadium, Dharamsala",Punjab Kings,Delhi Capitals,Delhi Capitals,field,Punjab Kings,runs,29,171,20,N,Normal,Asad Rauf,SL Shastri,0,Punjab Kings
501258,2011,Indore,2011-05-15,League,BJ Hodge,Holkar Cricket Stadium,Kochi Tuskers Kerala,Rajasthan Royals,Kochi Tuskers Kerala,field,Kochi Tuskers Kerala,wickets,8,98,20,N,Normal,PR Reiffel,RJ Tucker,1,Kochi Tuskers Kerala
501259,2011,Mumbai,2011-05-16,League,A Mishra,"Dr DY Patil Sports Academy, Mumbai",Pune Warriors,Deccan Chargers,Deccan Chargers,field,Deccan Chargers,wickets,6,137,20,N,Normal,S Ravi,SK Tarapore,1,Pune Warriors
501260,2011,Dharamsala,2011-05-17,League,AC Gilchrist,"HPCA Stadium, Dharamsala",Punjab Kings,Royal Challengers Bengaluru,Punjab Kings,bat,Punjab Kings,runs,111,233,20,N,Normal,Asad Rauf,AM Saheba,1,Punjab Kings
501261,2011,Chennai,2011-05-18,League,WP Saha,"MA Chidambaram Stadium, Chennai",Chennai Super Kings,Kochi Tuskers Kerala,Chennai Super Kings,bat,Chennai Super Kings,runs,11,153,20,N,Normal,HDPK Dharmasena,RE Koertzen,1,Chennai Super Kings
501262,2011,Mumbai,2011-05-19,League,YK Pathan,"Dr DY Patil Sports Academy, Mumbai",Pune Warriors,Kolkata Knight Riders,Kolkata Knight Riders,field,Kolkata Knight Riders,wickets,7,119,20,N,Normal,S Ravi,SJA Taufel,1,Pune Warriors
501263,2011,Mumbai,2011-05-20,League,SR Watson,"Wankhede Stadium, Mumbai",Mumbai Indians,Rajasthan Royals,Mumbai Indians,bat,Rajasthan Royals,wickets,10,134,20,N,Normal,RE Koertzen,PR Reiffel,0,Mumbai Indians
501264,2011,Dharamsala,2011-05-21,League,S Dhawan,"HPCA Stadium, Dharamsala",Punjab Kings,Deccan Chargers,Punjab Kings,field,Deccan Chargers,runs,82,199,20,N,Normal,Asad Rauf,AM Saheba,0,Punjab Kings
501265,2011,Delhi,2011-05-21,League,,"Arun Jaitley Stadium, Delhi",Delhi Capitals,Pune Warriors,Delhi Capitals,bat,No Result,no result,0,0,0,N,Normal,SS Hazare,RJ Tucker,0,Delhi Capitals
501266,2011,Bangalore,2011-05-22,League,CH Gayle,"M Chinnaswamy Stadium, Bengaluru",Royal Challengers Bengaluru,Chennai Super Kings,Royal Challengers Bengaluru,field,Royal Challengers Bengaluru,wickets,8,129,20,N,Normal,K Hariharan,RE Koertzen,1,Royal Challengers Bengaluru
501267,2011,Kolkata,2011-05-22,League,JEC Franklin,"Eden Gardens, Kolkata",Kolkata Knight Riders,Mumbai Indians,Mumbai Indians,field,Mumbai Indians,wickets,5,176,20,N,Normal,SK Tarapore,SJA Taufel,1,Kolkata Knight Riders
501268,2011,Mumbai,2011-05-24,Qualifier 1,SK Raina,"Wankhede Stadium, Mumbai",Royal Challengers Bengaluru,Chennai Super Kings,Chennai Super Kings,field,Chennai Super Kings,wickets,6,176,20,N,Normal,Asad Rauf,SJA Taufel,1,Royal Challengers Bengaluru
501269,2011,Mumbai,2011-05-25,Elimination Final,MM Patel,"Wankhede Stadium, Mumbai",Mumbai Indians,Kolkata Knight Riders,Mumbai Indians,field,Mumbai Indians,wickets,4,148,20,N,Normal,Asad Rauf,SJA Taufel,1,Mumbai Indians
501270,2011,Chennai,2011-05-27,Qualifier 2,CH Gayle,"MA Chidambaram Stadium, Chennai",Royal Challengers Bengaluru,Mumbai Indians,Mumbai Indians,field,Royal Challengers Bengaluru,runs,43,186,20,N,Normal,Asad Rauf,SJA Taufel,0,Royal Challengers Bengaluru
501271,2011,Chennai,2011-05-28,Final,M Vijay,"MA Chidambaram Stadium, Chennai",Chennai Super Kings,Royal Challengers Bengaluru,Chennai Super Kings,bat,Chennai Super Kings,runs,58,206,20,N,Normal,Asad Rauf,SJA Taufel,1,Chennai Super Kings
548306,2012,Chennai,2012-04-04,League,RE Levi,"MA Chidambaram Stadium, Chennai",Chennai Super Kings,Mumbai Indians,Mumbai Indians,field,Mumbai Indians,wickets,8,113,20,N,Normal,JD Cloete,SJA Taufel,1,Chennai Super Kings
548307,2012,Kolkata,2012-04-05,League,IK Pathan,"Eden Gardens, Kolkata",Kolkata Knight Riders,Delhi Capitals,Delhi Capitals,field,Delhi Capitals,wickets,8,98,12,N,Normal,S Asnani,HDPK Dharmasena,1,Kolkata Knight Riders
548308,2012,Mumbai,2012-04-06,League,SPD Smith,"Wankhede Stadium, Mumbai",Mumbai Indians,Pune Warriors,Mumbai Indians,field,Pune Warriors,runs,28,130,20,N,Normal,AK Chaudhary,SJA Taufel,0,Mumbai Indians
548309,2012,Jaipur,2012-04-06,League,AM Rahane,"Sawai Mansingh Stadium, Jaipur",Rajasthan Royals,Punjab Kings,Punjab Kings,field,Rajasthan Royals,runs,31,192,20,N,Normal,BF Bowden,SK Tarapore,0,Rajasthan Royals
548310,2012,Bangalore,2012-04-07,League,AB de Villiers,"M Chinnaswamy Stadium, Bengaluru",Royal Challengers Bengaluru,Delhi Capitals,Delhi Capitals,field,Royal Challengers Bengaluru,runs,20,158,20,N,Normal,S Asnani,S Ravi,0,Royal Challengers Bengaluru
548311,2012,Visakhapatnam,2012-04-07,League,RA Jadeja,"ACA-VDCA Stadium, Visakhapatnam",Deccan Chargers,Chennai Super Kings,Deccan Chargers,field,Chennai Super Kings,runs,74,194,20,N,Normal,JD Cloete,HDPK Dharmasena,0,Deccan Chargers
548312,2012,Jaipur,2012-04-08,League,BJ Hodge,"Sawai Mansingh Stadium, Jaipur",Rajasthan Royals,Kolkata Knight Riders,Kolkata Knight Riders,field,Rajasthan Royals,runs,22,165,20,N,Normal,BF Bowden,VA Kulkarni,0,Rajasthan Royals
548313,2012,Pune,2012-04-08,League,MN Samuels,Subrata Roy Sahara Stadium,Pune Warriors,Punjab Kings,Pune Warriors,bat,Pune Warriors,runs,22,167,20,N,Normal,S Das,SJA Taufel,1,Pune Warriors
548314,2012,Visakhapatnam,2012-04-09,League,RG Sharma,"ACA-VDCA Stadium, Visakhapatnam",Deccan Chargers,Mumbai Indians,Deccan Chargers,bat,Mumbai Indians,wickets,5,139,20,N,Normal,AK Chaudhary,JD Cloete,0,Deccan Chargers
548315,2012,Bangalore,2012-04-10,League,L Balaji,"M Chinnaswamy Stadium, Bengaluru",Royal Challengers Bengaluru,Kolkata Knight Riders,Royal Challengers Bengaluru,field,Kolkata Knight Riders,runs,42,166,20,N,Normal,S Ravi,RJ Tucker,0,Royal Challengers Bengaluru
548316,2012,Delhi,2012-04-10,League,M Morkel,"Arun Jaitley Stadium, Delhi",Delhi Capitals,Chennai Super Kings,Delhi Capitals,field,Delhi Capitals,wickets,8,111,20,N,Normal,Asad Rauf,SK Tarapore,1,Delhi Capitals
548317,2012,Mumbai,2012-04-11,League,KA Pollard,"Wankhede Stadium, Mumbai",Mumbai Indians,Rajasthan Royals,Rajasthan Royals,field,Mumbai Indians,runs,27,198,20,N,Normal,Aleem Dar,BNJ Oxenford,0,Mumbai Indians
548318,2012,Chennai,2012-04-12,League,F du Plessis,"MA Chidambaram Stadium, Chennai",Chennai Super Kings,Royal Challengers Bengaluru,Royal Challengers Bengaluru,bat,Chennai Super Kings,wickets,5,206,20,N,Normal,HDPK Dharmasena,RJ Tucker,0,Chennai Super Kings
548319,2012,Chandigarh,2012-04-12,League,AD Mascarenhas,"PCA IS Bindra Stadium, Mohali",Punjab Kings,Pune Warriors,Punjab Kings,field,Punjab Kings,wickets,7,116,20,N,Normal,VA Kulkarni,SK Tarapore,1,Punjab Kings
548320,2012,Kolkata,2012-04-13,League,Shakib Al Hasan,"Eden Gardens, Kolkata",Kolkata Knight Riders,Rajasthan Royals,Rajasthan Royals,bat,Kolkata Knight Riders,wickets,5,132,20,N,Normal,Asad Rauf,S Asnani,0,Kolkata Knight Riders
548322,2012,Pune,2012-04-14,League,JD Ryder,Subrata Roy Sahara Stadium,Pune Warriors,Chennai Super Kings,Chennai Super Kings,bat,Pune Warriors,wickets,7,156,20,N,Normal,Aleem Dar,BNJ Oxenford,0,Pune Warriors
548323,2012,Kolkata,2012-04-15,League,SP Narine,"Eden Gardens, Kolkata",Kolkata Knight Riders,Punjab Kings,Kolkata Knight Riders,field,Punjab Kings,runs,2,135,20,N,Normal,Asad Rauf,S Asnani,0,Kolkata Knight Riders
548324,2012,Bangalore,2012-04-15,League,AM Rahane,"M Chinnaswamy Stadium, Bengaluru",Royal Challengers Bengaluru,Rajasthan Royals,Rajasthan Royals,bat,Rajasthan Royals,runs,59,196,20,N,Normal,JD Cloete,RJ Tucker,1,Royal Challengers Bengaluru
548325,2012,Mumbai,2012-04-16,League,S Nadeem,"Wankhede Stadium, Mumbai",Mumbai Indians,Delhi Capitals,Delhi Capitals,field,Delhi Capitals,wickets,7,93,20,N,Normal,BF Bowden,SK Tarapore,1,Mumbai Indians
548326,2012,Jaipur,2012-04-17,League,BJ Hodge,"Sawai Mansingh Stadium, Jaipur",Rajasthan Royals,Deccan Chargers,Deccan Chargers,bat,Rajasthan Royals,wickets,5,197,20,N,Normal,Aleem Dar,BNJ Oxenford,0,Rajasthan Royals
548327,2012,Bangalore,2012-04-17,League,CH Gayle,"M Chinnaswamy Stadium, Bengaluru",Royal Challengers Bengaluru,Pune Warriors,Pune Warriors,bat,Royal Challengers Bengaluru,wickets,6,183,20,N,Normal,S Asnani,S Das,0,Royal Challengers Bengaluru
548328,2012,Chandigarh,2012-04-18,League,G Gambhir,"PCA IS Bindra Stadium, Mohali",Punjab Kings,Kolkata Knight Riders,Punjab Kings,bat,Kolkata Knight Riders,wickets,8,125,20,N,Normal,JD Cloete,RJ Tucker,0,Punjab Kings
548321,2012,Delhi,2012-04-19,League,KP Pietersen,"Arun Jaitley Stadium, Delhi",Delhi Capitals,Deccan Chargers,Deccan Chargers,bat,Delhi Capitals,wickets,5,158,20,N,Normal,BF Bowden,SK Tarapore,0,Delhi Capitals
548330,2012,Chennai,2012-04-19,League,KMDN Kulasekara,"MA Chidambaram Stadium, Chennai",Chennai Super Kings,Pune Warriors,Pune Warriors,field,Chennai Super Kings,runs,13,165,20,N,Normal,Asad Rauf,S Das,0,Chennai Super Kings
548331,2012,Chandigarh,2012-04-20,League,CH Gayle,"PCA IS Bindra Stadium, Mohali",Punjab Kings,Royal Challengers Bengaluru,Royal Challengers Bengaluru,field,Royal Challengers Bengaluru,wickets,5,164,20,N,Normal,S Ravi,RJ Tucker,1,Punjab Kings
548332,2012,Chennai,2012-04-21,League,F du Plessis,"MA Chidambaram Stadium, Chennai",Chennai Super Kings,Rajasthan Royals,Rajasthan Royals,bat,Chennai Super Kings,wickets,7,147,20,N,Normal,Aleem Dar,BNJ Oxenford,0,Chennai Super Kings
548333,2012,Delhi,2012-04-21,League,SC Ganguly,"Arun Jaitley Stadium, Delhi",Delhi Capitals,Pune Warriors,Delhi Capitals,field,Pune Warriors,runs,20,193,20,N,Normal,Asad Rauf,S Das,0,Delhi Capitals
548334,2012,Mumbai,2012-04-22,League,SE Marsh,"Wankhede Stadium, Mumbai",Mumbai Indians,Punjab Kings,Mumbai Indians,bat,Punjab Kings,wickets,6,164,20,N,Normal,S Ravi,RJ Tucker,0,Mumbai Indians
548335,2012,Cuttack,2012-04-22,League,B Lee,Barabati Stadium,Deccan Chargers,Kolkata Knight Riders,Kolkata Knight Riders,field,Kolkata Knight Riders,wickets,5,127,20,N,Normal,BF Bowden,SK Tarapore,1,Deccan Chargers
548336,2012,Jaipur,2012-04-23,League,AB de Villiers,"Sawai Mansingh Stadium, Jaipur",Rajasthan Royals,Royal Challengers Bengaluru,Rajasthan Royals,field,Royal Challengers Bengaluru,runs,46,190,20,N,Normal,Asad Rauf,S Asnani,0,Rajasthan Royals
548337,2012,Pune,2012-04-24,League,V Sehwag,Subrata Roy Sahara Stadium,Pune Warriors,Delhi Capitals,Pune Warriors,bat,Delhi Capitals,wickets,8,147,20,N,Normal,S Ravi,RJ Tucker,0,Pune Warriors
548339,2012,Chandigarh,2012-04-25,League,AT Rayudu,"PCA IS Bindra Stadium, Mohali",Punjab Kings,Mumbai Indians,Punjab Kings,bat,Mumbai Indians,wickets,4,169,20,N,Normal,Aleem Dar,BNJ Oxenford,0,Punjab Kings
548341,2012,Pune,2012-04-26,League,CL White,Subrata Roy Sahara Stadium,Pune Warriors,Deccan Chargers,Deccan Chargers,bat,Deccan Chargers,runs,18,178,20,N,Normal,S Ravi,RJ Tucker,1,Pune Warriors
548342,2012,Delhi,2012-04-27,League,V Sehwag,"Arun Jaitley Stadium, Delhi",Delhi Capitals,Mumbai Indians,Mumbai Indians,field,Delhi Capitals,runs,37,208,20,N,Normal,Aleem Dar,BNJ Oxenford,0,Delhi Capitals
548343,2012,Chennai,2012-04-28,League,Mandeep Singh,"MA Chidambaram Stadium, Chennai",Chennai Super Kings,Punjab Kings,Punjab Kings,bat,Punjab Kings,runs,7,157,20,N,Normal,BF Bowden,SK Tarapore,1,Chennai Super Kings
548344,2012,Kolkata,2012-04-28,League,G Gambhir,"Eden Gardens, Kolkata",Kolkata Knight Riders,Royal Challengers Bengaluru,Kolkata Knight Riders,bat,Kolkata Knight Riders,runs,47,191,20,N,Normal,Asad Rauf,BR Doctrove,1,Kolkata Knight Riders
548345,2012,Delhi,2012-04-29,League,V Sehwag,"Arun Jaitley Stadium, Delhi",Delhi Capitals,Rajasthan Royals,Delhi Capitals,bat,Delhi Capitals,runs,1,153,20,N,Normal,S Ravi,RJ Tucker,1,Delhi Capitals
548346,2012,Mumbai,2012-04-29,League,DW Steyn,"Wankhede Stadium, Mumbai",Mumbai Indians,Deccan Chargers,Mumbai Indians,field,Mumbai Indians,wickets,5,101,20,N,Normal,AK Chaudhary,BNJ Oxenford,1,Mumbai Indians
548347,2012,Chennai,2012-04-30,League,G Gambhir,"MA Chidambaram Stadium, Chennai",Chennai Super Kings,Kolkata Knight Riders,Chennai Super Kings,bat,Kolkata Knight Riders,wickets,5,140,20,N,Normal,BF Bowden,C Shamshuddin,0,Chennai Super Kings
548348,2012,Cuttack,2012-05-01,League,KC Sangakkara,Barabati Stadium,Deccan Chargers,Pune Warriors,Deccan Chargers,bat,Deccan Chargers,runs,13,187,20,N,Normal,Aleem Dar,AK Chaudhary,1,Deccan Chargers
548349,2012,Jaipur,2012-05-01,League,P Negi,"Sawai Mansingh Stadium, Jaipur",Rajasthan Royals,Delhi Capitals,Rajasthan Royals,bat,Delhi Capitals,wickets,6,142,20,N,Normal,JD Cloete,SJA Taufel,0,Rajasthan Royals
548350,2012,Bangalore,2012-05-02,League,Azhar Mahmood,"M Chinnaswamy Stadium, Bengaluru",Royal Challengers Bengaluru,Punjab Kings,Punjab Kings,field,Punjab Kings,wickets,4,159,20,N,Normal,BF Bowden,C Shamshuddin,1,Royal Challengers Bengaluru
548351,2012,Pune,2012-05-03,League,SL Malinga,Subrata Roy Sahara Stadium,Pune Warriors,Mumbai Indians,Mumbai Indians,bat,Mumbai Indians,runs,1,121,20,N,Normal,Asad Rauf,S Asnani,1,Pune Warriors
548352,2012,Chennai,2012-05-04,League,SK Raina,"MA Chidambaram Stadium, Chennai",Chennai Super Kings,Deccan Chargers,Chennai Super Kings,bat,Chennai Super Kings,runs,10,161,20,N,Normal,HDPK Dharmasena,BNJ Oxenford,1,Chennai Super Kings
548353,2012,Kolkata,2012-05-05,League,SP Narine,"Eden Gardens, Kolkata",Kolkata Knight Riders,Pune Warriors,Kolkata Knight Riders,bat,Kolkata Knight Riders,runs,7,151,20,N,Normal,BF Bowden,SK Tarapore,1,Kolkata Knight Riders
548354,2012,Chandigarh,2012-05-05,League,SR Watson,"PCA IS Bindra Stadium, Mohali",Punjab Kings,Rajasthan Royals,Rajasthan Royals,bat,Rajasthan Royals,runs,43,178,20,N,Normal,JD Cloete,SJA Taufel,1,Punjab Kings
548355,2012,Mumbai,2012-05-06,League,DR Smith,"Wankhede Stadium, Mumbai",Mumbai Indians,Chennai Super Kings,Mumbai Indians,field,Mumbai Indians,wickets,2,174,20,N,Normal,Asad Rauf,S Asnani,1,Mumbai Indians
548356,2012,Bangalore,2012-05-06,League,AB de Villiers,"M Chinnaswamy Stadium, Bengaluru",Royal Challengers Bengaluru,Deccan Chargers,Royal Challengers Bengaluru,field,Royal Challengers Bengaluru,wickets,5,182,20,N,Normal,HDPK Dharmasena,BNJ Oxenford,1,Royal Challengers Bengaluru
548357,2012,Delhi,2012-05-07,League,JH Kallis,"Arun Jaitley Stadium, Delhi",Delhi Capitals,Kolkata Knight Riders,Delhi Capitals,bat,Kolkata Knight Riders,wickets,6,154,20,N,Normal,JD Cloete,S Ravi,0,Delhi Capitals
548358,2012,Pune,2012-05-08,League,SR Watson,Subrata Roy Sahara Stadium,Pune Warriors,Rajasthan Royals,Pune Warriors,bat,Rajasthan Royals,wickets,7,126,20,N,Normal,Asad Rauf,BR Doctrove,0,Pune Warriors
548359,2012,Hyderabad,2012-05-08,League,Mandeep Singh,"Rajiv Gandhi Intl Stadium, Hyderabad",Deccan Chargers,Punjab Kings,Deccan Chargers,field,Punjab Kings,runs,25,171,20,N,Normal,HDPK Dharmasena,BNJ Oxenford,0,Deccan Chargers
548360,2012,Mumbai,2012-05-09,League,CH Gayle,"Wankhede Stadium, Mumbai",Mumbai Indians,Royal Challengers Bengaluru,Royal Challengers Bengaluru,field,Royal Challengers Bengaluru,wickets,9,142,20,N,Normal,BF Bowden,VA Kulkarni,1,Mumbai Indians
548329,2012,Hyderabad,2012-05-10,League,DA Warner,"Rajiv Gandhi Intl Stadium, Hyderabad",Deccan Chargers,Delhi Capitals,Deccan Chargers,bat,Delhi Capitals,wickets,9,188,20,N,Normal,JD Cloete,SJA Taufel,0,Deccan Chargers
548361,2012,Jaipur,2012-05-10,League,BW Hilfenhaus,"Sawai Mansingh Stadium, Jaipur",Rajasthan Royals,Chennai Super Kings,Chennai Super Kings,field,Chennai Super Kings,wickets,4,127,20,N,Normal,BNJ Oxenford,C Shamshuddin,1,Rajasthan Royals
548362,2012,Pune,2012-05-11,League,CH Gayle,Subrata Roy Sahara Stadium,Pune Warriors,Royal Challengers Bengaluru,Pune Warriors,field,Royal Challengers Bengaluru,runs,35,174,20,N,Normal,BF Bowden,SK Tarapore,0,Pune Warriors
548363,2012,Kolkata,2012-05-12,League,RG Sharma,"Eden Gardens, Kolkata",Kolkata Knight Riders,Mumbai Indians,Mumbai Indians,bat,Mumbai Indians,runs,27,183,20,N,Normal,S Ravi,SJA Taufel,1,Kolkata Knight Riders
548364,2012,Chennai,2012-05-12,League,BW Hilfenhaus,"MA Chidambaram Stadium, Chennai",Chennai Super Kings,Delhi Capitals,Chennai Super Kings,field,Chennai Super Kings,wickets,9,115,20,N,Normal,S Das,BR Doctrove,1,Chennai Super Kings
548365,2012,Jaipur,2012-05-13,League,A Chandila,"Sawai Mansingh Stadium, Jaipur",Rajasthan Royals,Pune Warriors,Rajasthan Royals,bat,Rajasthan Royals,runs,45,171,20,N,Normal,BF Bowden,SK Tarapore,1,Rajasthan Royals
548366,2012,Chandigarh,2012-05-13,League,DJ Hussey,"PCA IS Bindra Stadium, Mohali",Punjab Kings,Deccan Chargers,Deccan Chargers,bat,Punjab Kings,wickets,4,191,20,N,Normal,HDPK Dharmasena,BNJ Oxenford,0,Punjab Kings
548367,2012,Bangalore,2012-05-14,League,AT Rayudu,"M Chinnaswamy Stadium, Bengaluru",Royal Challengers Bengaluru,Mumbai Indians,Mumbai Indians,field,Mumbai Indians,wickets,5,172,20,N,Normal,S Das,BR Doctrove,1,Royal Challengers Bengaluru
548368,2012,Kolkata,2012-05-14,League,MEK Hussey,"Eden Gardens, Kolkata",Kolkata Knight Riders,Chennai Super Kings,Chennai Super Kings,field,Chennai Super Kings,wickets,5,159,20,N,Normal,JD Cloete,SJA Taufel,1,Kolkata Knight Riders
548369,2012,Delhi,2012-05-15,League,UT Yadav,"Arun Jaitley Stadium, Delhi",Delhi Capitals,Punjab Kings,Punjab Kings,bat,Delhi Capitals,wickets,5,137,20,N,Normal,HDPK Dharmasena,BNJ Oxenford,0,Delhi Capitals
548370,2012,Mumbai,2012-05-16,League,SP Narine,"Wankhede Stadium, Mumbai",Mumbai Indians,Kolkata Knight Riders,Mumbai Indians,field,Kolkata Knight Riders,runs,32,141,20,N,Normal,S Das,BR Doctrove,0,Mumbai Indians
548371,2012,Dharamsala,2012-05-17,League,AC Gilchrist,"HPCA Stadium, Dharamsala",Punjab Kings,Chennai Super Kings,Punjab Kings,field,Punjab Kings,wickets,6,121,20,N,Normal,VA Kulkarni,SK Tarapore,1,Punjab Kings
548372,2012,Delhi,2012-05-17,League,CH Gayle,"Arun Jaitley Stadium, Delhi",Delhi Capitals,Royal Challengers Bengaluru,Delhi Capitals,field,Royal Challengers Bengaluru,runs,21,216,20,N,Normal,HDPK Dharmasena,C Shamshuddin,0,Delhi Capitals
548373,2012,Hyderabad,2012-05-18,League,DW Steyn,"Rajiv Gandhi Intl Stadium, Hyderabad",Deccan Chargers,Rajasthan Royals,Rajasthan Royals,bat,Deccan Chargers,wickets,5,127,20,N,Normal,S Ravi,SJA Taufel,0,Deccan Chargers
548374,2012,Dharamsala,2012-05-19,League,UT Yadav,"HPCA Stadium, Dharamsala",Punjab Kings,Delhi Capitals,Delhi Capitals,field,Delhi Capitals,wickets,6,142,20,N,Normal,BF Bowden,VA Kulkarni,1,Punjab Kings
548375,2012,Pune,2012-05-19,League,Shakib Al Hasan,Subrata Roy Sahara Stadium,Pune Warriors,Kolkata Knight Riders,Kolkata Knight Riders,bat,Kolkata Knight Riders,runs,34,137,20,N,Normal,S Asnani,BR Doctrove,1,Pune Warriors
548376,2012,Hyderabad,2012-05-20,League,DW Steyn,"Rajiv Gandhi Intl Stadium, Hyderabad",Deccan Chargers,Royal Challengers Bengaluru,Royal Challengers Bengaluru,field,Deccan Chargers,runs,9,133,20,N,Normal,S Ravi,SJA Taufel,0,Deccan Chargers
548377,2012,Jaipur,2012-05-20,League,DR Smith,"Sawai Mansingh Stadium, Jaipur",Rajasthan Royals,Mumbai Indians,Rajasthan Royals,bat,Mumbai Indians,wickets,10,163,20,N,Normal,HDPK Dharmasena,C Shamshuddin,0,Rajasthan Royals
548378,2012,Pune,2012-05-22,Qualifier 1,YK Pathan,Subrata Roy Sahara Stadium,Delhi Capitals,Kolkata Knight Riders,Kolkata Knight Riders,bat,Kolkata Knight Riders,runs,18,163,20,N,Normal,BR Doctrove,SJA Taufel,1,Delhi Capitals
548379,2012,Bangalore,2012-05-23,Elimination Final,MS Dhoni,"M Chinnaswamy Stadium, Bengaluru",Chennai Super Kings,Mumbai Indians,Mumbai Indians,field,Chennai Super Kings,runs,38,188,20,N,Normal,BF Bowden,HDPK Dharmasena,0,Chennai Super Kings
548380,2012,Chennai,2012-05-25,Qualifier 2,M Vijay,"MA Chidambaram Stadium, Chennai",Delhi Capitals,Chennai Super Kings,Delhi Capitals,field,Chennai Super Kings,runs,86,223,20,N,Normal,BR Doctrove,SJA Taufel,0,Delhi Capitals
548381,2012,Chennai,2012-05-27,Final,MS Bisla,"MA Chidambaram Stadium, Chennai",Kolkata Knight Riders,Chennai Super Kings,Chennai Super Kings,bat,Kolkata Knight Riders,wickets,5,191,20,N,Normal,BF Bowden,SJA Taufel,0,Kolkata Knight Riders
597998,2013,Kolkata,2013-04-03,League,SP Narine,"Eden Gardens, Kolkata",Kolkata Knight Riders,Delhi Capitals,Kolkata Knight Riders,field,Kolkata Knight Riders,wickets,6,129,20,N,Normal,S Ravi,SJA Taufel,1,Kolkata Knight Riders
597999,2013,Bangalore,2013-04-04,League,CH Gayle,"M Chinnaswamy Stadium, Bengaluru",Royal Challengers Bengaluru,Mumbai Indians,Mumbai Indians,field,Royal Challengers Bengaluru,runs,2,157,20,N,Normal,VA Kulkarni,C Shamshuddin,0,Royal Challengers Bengaluru
598000,2013,Hyderabad,2013-04-05,League,A Mishra,"Rajiv Gandhi Intl Stadium, Hyderabad",Sunrisers Hyderabad,Pune Warriors,Pune Warriors,field,Sunrisers Hyderabad,runs,22,127,20,N,Normal,S Ravi,SJA Taufel,0,Sunrisers Hyderabad
598001,2013,Delhi,2013-04-06,League,R Dravid,"Arun Jaitley Stadium, Delhi",Delhi Capitals,Rajasthan Royals,Rajasthan Royals,bat,Rajasthan Royals,runs,5,166,20,N,Normal,S Das,C Shamshuddin,1,Delhi Capitals
598002,2013,Chennai,2013-04-06,League,KA Pollard,"MA Chidambaram Stadium, Chennai",Chennai Super Kings,Mumbai Indians,Mumbai Indians,bat,Mumbai Indians,runs,9,149,20,N,Normal,M Erasmus,VA Kulkarni,1,Chennai Super Kings
598003,2013,Pune,2013-04-07,League,M Vohra,Subrata Roy Sahara Stadium,Pune Warriors,Punjab Kings,Pune Warriors,bat,Punjab Kings,wickets,8,100,20,N,Normal,S Asnani,SJA Taufel,0,Pune Warriors
598004,2013,Hyderabad,2013-04-07,League,GH Vihari,"Rajiv Gandhi Intl Stadium, Hyderabad",Sunrisers Hyderabad,Royal Challengers Bengaluru,Royal Challengers Bengaluru,bat,Sunrisers Hyderabad,tie,0,131,20,Y,Normal,AK Chaudhary,S Ravi,0,Sunrisers Hyderabad
598005,2013,Jaipur,2013-04-08,League,SK Trivedi,"Sawai Mansingh Stadium, Jaipur",Rajasthan Royals,Kolkata Knight Riders,Kolkata Knight Riders,field,Rajasthan Royals,runs,19,145,20,N,Normal,Aleem Dar,S Das,0,Rajasthan Royals
598006,2013,Mumbai,2013-04-09,League,KD Karthik,"Wankhede Stadium, Mumbai",Mumbai Indians,Delhi Capitals,Mumbai Indians,bat,Mumbai Indians,runs,44,210,20,N,Normal,M Erasmus,VA Kulkarni,1,Mumbai Indians
598048,2013,Bangalore,2013-04-09,League,V Kohli,"M Chinnaswamy Stadium, Bengaluru",Royal Challengers Bengaluru,Sunrisers Hyderabad,Sunrisers Hyderabad,bat,Royal Challengers Bengaluru,wickets,7,162,20,N,Normal,S Ravi,SJA Taufel,0,Royal Challengers Bengaluru
598007,2013,Chandigarh,2013-04-10,League,MEK Hussey,"PCA IS Bindra Stadium, Mohali",Punjab Kings,Chennai Super Kings,Chennai Super Kings,field,Chennai Super Kings,wickets,10,139,20,N,Normal,Aleem Dar,C Shamshuddin,1,Punjab Kings
598008,2013,Bangalore,2013-04-11,League,CH Gayle,"M Chinnaswamy Stadium, Bengaluru",Royal Challengers Bengaluru,Kolkata Knight Riders,Royal Challengers Bengaluru,field,Royal Challengers Bengaluru,wickets,8,155,20,N,Normal,Asad Rauf,AK Chaudhary,1,Royal Challengers Bengaluru
598009,2013,Pune,2013-04-11,League,AJ Finch,Subrata Roy Sahara Stadium,Pune Warriors,Rajasthan Royals,Rajasthan Royals,bat,Pune Warriors,wickets,7,146,20,N,Normal,M Erasmus,K Srinath,0,Pune Warriors
598010,2013,Delhi,2013-04-12,League,A Mishra,"Arun Jaitley Stadium, Delhi",Delhi Capitals,Sunrisers Hyderabad,Delhi Capitals,bat,Sunrisers Hyderabad,wickets,3,115,20,N,Normal,Aleem Dar,Subroto Das,0,Delhi Capitals
598011,2013,Mumbai,2013-04-13,League,RG Sharma,"Wankhede Stadium, Mumbai",Mumbai Indians,Pune Warriors,Mumbai Indians,bat,Mumbai Indians,runs,41,184,20,N,Normal,S Ravi,SJA Taufel,1,Mumbai Indians
598012,2013,Chennai,2013-04-13,League,RA Jadeja,"MA Chidambaram Stadium, Chennai",Chennai Super Kings,Royal Challengers Bengaluru,Chennai Super Kings,field,Chennai Super Kings,wickets,4,166,20,N,Normal,Asad Rauf,AK Chaudhary,1,Chennai Super Kings
598013,2013,Kolkata,2013-04-14,League,G Gambhir,"Eden Gardens, Kolkata",Kolkata Knight Riders,Sunrisers Hyderabad,Kolkata Knight Riders,bat,Kolkata Knight Riders,runs,48,181,20,N,Normal,M Erasmus,VA Kulkarni,1,Kolkata Knight Riders
598014,2013,Jaipur,2013-04-14,League,JP Faulkner,"Sawai Mansingh Stadium, Jaipur",Rajasthan Royals,Punjab Kings,Rajasthan Royals,field,Rajasthan Royals,wickets,6,125,20,N,Normal,Aleem Dar,C Shamshuddin,1,Rajasthan Royals
598015,2013,Chennai,2013-04-15,League,SPD Smith,"MA Chidambaram Stadium, Chennai",Chennai Super Kings,Pune Warriors,Pune Warriors,bat,Pune Warriors,runs,24,160,20,N,Normal,Asad Rauf,AK Chaudhary,1,Chennai Super Kings
598016,2013,Chandigarh,2013-04-16,League,MS Gony,"PCA IS Bindra Stadium, Mohali",Punjab Kings,Kolkata Knight Riders,Kolkata Knight Riders,field,Punjab Kings,runs,4,158,20,N,Normal,CK Nandan,SJA Taufel,0,Punjab Kings
598017,2013,Bangalore,2013-04-16,League,V Kohli,"M Chinnaswamy Stadium, Bengaluru",Royal Challengers Bengaluru,Delhi Capitals,Royal Challengers Bengaluru,field,Royal Challengers Bengaluru,tie,0,153,20,Y,Normal,M Erasmus,VA Kulkarni,1,Royal Challengers Bengaluru
598018,2013,Pune,2013-04-17,League,A Mishra,"MCA Stadium, Pune",Pune Warriors,Sunrisers Hyderabad,Pune Warriors,field,Sunrisers Hyderabad,runs,11,120,20,N,Normal,Asad Rauf,AK Chaudhary,0,Pune Warriors
598019,2013,Jaipur,2013-04-17,League,AM Rahane,"Sawai Mansingh Stadium, Jaipur",Rajasthan Royals,Mumbai Indians,Rajasthan Royals,bat,Rajasthan Royals,runs,87,180,20,N,Normal,Aleem Dar,C Shamshuddin,1,Rajasthan Royals
598020,2013,Delhi,2013-04-18,League,MEK Hussey,"Arun Jaitley Stadium, Delhi",Delhi Capitals,Chennai Super Kings,Chennai Super Kings,bat,Chennai Super Kings,runs,86,170,20,N,Normal,M Erasmus,VA Kulkarni,1,Delhi Capitals
598021,2013,Hyderabad,2013-04-19,League,GH Vihari,"Rajiv Gandhi Intl Stadium, Hyderabad",Sunrisers Hyderabad,Punjab Kings,Punjab Kings,bat,Sunrisers Hyderabad,wickets,5,124,20,N,Normal,HDPK Dharmasena,CK Nandan,0,Sunrisers Hyderabad
598022,2013,Kolkata,2013-04-20,League,RA Jadeja,"Eden Gardens, Kolkata",Kolkata Knight Riders,Chennai Super Kings,Kolkata Knight Riders,bat,Chennai Super Kings,wickets,4,120,20,N,Normal,Asad Rauf,AK Chaudhary,0,Kolkata Knight Riders
598023,2013,Bangalore,2013-04-20,League,R Vinay Kumar,"M Chinnaswamy Stadium, Bengaluru",Royal Challengers Bengaluru,Rajasthan Royals,Royal Challengers Bengaluru,field,Royal Challengers Bengaluru,wickets,7,118,20,N,Normal,Aleem Dar,C Shamshuddin,1,Royal Challengers Bengaluru
598024,2013,Delhi,2013-04-21,League,V Sehwag,"Arun Jaitley Stadium, Delhi",Delhi Capitals,Mumbai Indians,Mumbai Indians,bat,Delhi Capitals,wickets,9,162,20,N,Normal,HDPK Dharmasena,S Ravi,0,Delhi Capitals
598025,2013,Chandigarh,2013-04-21,League,DA Miller,"PCA IS Bindra Stadium, Mohali",Punjab Kings,Pune Warriors,Punjab Kings,field,Punjab Kings,wickets,7,186,20,N,Normal,M Erasmus,K Srinath,1,Punjab Kings
598026,2013,Chennai,2013-04-22,League,MEK Hussey,"MA Chidambaram Stadium, Chennai",Chennai Super Kings,Rajasthan Royals,Rajasthan Royals,bat,Chennai Super Kings,wickets,5,186,20,N,Normal,S Asnani,AK Chaudhary,0,Chennai Super Kings
598027,2013,Bangalore,2013-04-23,League,CH Gayle,"M Chinnaswamy Stadium, Bengaluru",Royal Challengers Bengaluru,Pune Warriors,Pune Warriors,field,Royal Challengers Bengaluru,runs,130,264,20,N,Normal,Aleem Dar,C Shamshuddin,0,Royal Challengers Bengaluru
598059,2013,Delhi,2013-04-23,League,Harmeet Singh,"Arun Jaitley Stadium, Delhi",Delhi Capitals,Punjab Kings,Punjab Kings,field,Punjab Kings,wickets,5,121,20,N,Normal,VA Kulkarni,K Srinath,1,Delhi Capitals
598029,2013,Kolkata,2013-04-24,League,DR Smith,"Eden Gardens, Kolkata",Kolkata Knight Riders,Mumbai Indians,Kolkata Knight Riders,bat,Mumbai Indians,wickets,5,160,20,N,Normal,HDPK Dharmasena,S Ravi,0,Kolkata Knight Riders
598030,2013,Chennai,2013-04-25,League,MS Dhoni,"MA Chidambaram Stadium, Chennai",Chennai Super Kings,Sunrisers Hyderabad,Sunrisers Hyderabad,bat,Chennai Super Kings,wickets,5,160,20,N,Normal,Aleem Dar,S Das,0,Chennai Super Kings
598031,2013,Kolkata,2013-04-26,League,JH Kallis,"Eden Gardens, Kolkata",Kolkata Knight Riders,Punjab Kings,Punjab Kings,bat,Kolkata Knight Riders,wickets,6,150,20,N,Normal,CK Nandan,S Ravi,0,Kolkata Knight Riders
598032,2013,Jaipur,2013-04-27,League,JP Faulkner,"Sawai Mansingh Stadium, Jaipur",Rajasthan Royals,Sunrisers Hyderabad,Sunrisers Hyderabad,bat,Rajasthan Royals,wickets,8,145,20,N,Normal,VA Kulkarni,K Srinath,0,Rajasthan Royals
598033,2013,Mumbai,2013-04-27,League,DR Smith,"Wankhede Stadium, Mumbai",Mumbai Indians,Royal Challengers Bengaluru,Mumbai Indians,bat,Mumbai Indians,runs,58,195,20,N,Normal,Asad Rauf,S Asnani,1,Mumbai Indians
598034,2013,Chennai,2013-04-28,League,MEK Hussey,"MA Chidambaram Stadium, Chennai",Chennai Super Kings,Kolkata Knight Riders,Kolkata Knight Riders,field,Chennai Super Kings,runs,14,201,20,N,Normal,Aleem Dar,SJA Taufel,0,Chennai Super Kings
598035,2013,Raipur,2013-04-28,League,DA Warner,Shaheed Veer Narayan Singh International Stadium,Delhi Capitals,Pune Warriors,Pune Warriors,field,Delhi Capitals,runs,15,165,20,N,Normal,CK Nandan,S Ravi,0,Delhi Capitals
598036,2013,Jaipur,2013-04-29,League,SV Samson,"Sawai Mansingh Stadium, Jaipur",Rajasthan Royals,Royal Challengers Bengaluru,Rajasthan Royals,field,Rajasthan Royals,wickets,4,172,20,N,Normal,M Erasmus,K Srinath,1,Rajasthan Royals
598037,2013,Mumbai,2013-04-29,League,RG Sharma,"Wankhede Stadium, Mumbai",Mumbai Indians,Punjab Kings,Mumbai Indians,bat,Mumbai Indians,runs,4,175,20,N,Normal,Asad Rauf,AK Chaudhary,1,Mumbai Indians
598038,2013,Pune,2013-04-30,League,MS Dhoni,Subrata Roy Sahara Stadium,Pune Warriors,Chennai Super Kings,Chennai Super Kings,bat,Chennai Super Kings,runs,37,165,20,N,Normal,S Das,SJA Taufel,1,Pune Warriors
598039,2013,Hyderabad,2013-05-01,League,I Sharma,"Rajiv Gandhi Intl Stadium, Hyderabad",Sunrisers Hyderabad,Mumbai Indians,Mumbai Indians,bat,Sunrisers Hyderabad,wickets,7,130,20,N,Normal,Asad Rauf,S Asnani,0,Sunrisers Hyderabad
598040,2013,Raipur,2013-05-01,League,DA Warner,Shaheed Veer Narayan Singh International Stadium,Delhi Capitals,Kolkata Knight Riders,Kolkata Knight Riders,bat,Delhi Capitals,wickets,7,137,20,N,Normal,HDPK Dharmasena,CK Nandan,0,Delhi Capitals
598041,2013,Chennai,2013-05-02,League,SK Raina,"MA Chidambaram Stadium, Chennai",Chennai Super Kings,Punjab Kings,Chennai Super Kings,bat,Chennai Super Kings,runs,15,187,20,N,Normal,M Erasmus,VA Kulkarni,1,Chennai Super Kings
598042,2013,Pune,2013-05-02,League,AB de Villiers,Subrata Roy Sahara Stadium,Pune Warriors,Royal Challengers Bengaluru,Royal Challengers Bengaluru,bat,Royal Challengers Bengaluru,runs,17,188,20,N,Normal,Aleem Dar,C Shamshuddin,1,Pune Warriors
598043,2013,Kolkata,2013-05-03,League,YK Pathan,"Eden Gardens, Kolkata",Kolkata Knight Riders,Rajasthan Royals,Rajasthan Royals,bat,Kolkata Knight Riders,wickets,8,133,20,N,Normal,HDPK Dharmasena,CK Nandan,0,Kolkata Knight Riders
598044,2013,Hyderabad,2013-05-04,League,DJG Sammy,"Rajiv Gandhi Intl Stadium, Hyderabad",Sunrisers Hyderabad,Delhi Capitals,Delhi Capitals,bat,Sunrisers Hyderabad,wickets,6,81,20,N,Normal,Asad Rauf,S Asnani,0,Sunrisers Hyderabad
598046,2013,Mumbai,2013-05-05,League,MG Johnson,"Wankhede Stadium, Mumbai",Mumbai Indians,Chennai Super Kings,Mumbai Indians,bat,Mumbai Indians,runs,60,140,20,N,Normal,HDPK Dharmasena,CK Nandan,1,Mumbai Indians
598047,2013,Jaipur,2013-05-05,League,AM Rahane,"Sawai Mansingh Stadium, Jaipur",Rajasthan Royals,Pune Warriors,Pune Warriors,bat,Rajasthan Royals,wickets,5,179,20,N,Normal,C Shamshuddin,RJ Tucker,0,Rajasthan Royals
598064,2013,Chandigarh,2013-05-06,League,DA Miller,"PCA IS Bindra Stadium, Mohali",Punjab Kings,Royal Challengers Bengaluru,Punjab Kings,field,Punjab Kings,wickets,6,191,20,N,Normal,VA Kulkarni,NJ Llong,1,Punjab Kings
598049,2013,Jaipur,2013-05-07,League,AM Rahane,"Sawai Mansingh Stadium, Jaipur",Rajasthan Royals,Delhi Capitals,Delhi Capitals,bat,Rajasthan Royals,wickets,9,155,20,N,Normal,Aleem Dar,RJ Tucker,0,Rajasthan Royals
598050,2013,Mumbai,2013-05-07,League,SR Tendulkar,"Wankhede Stadium, Mumbai",Mumbai Indians,Kolkata Knight Riders,Mumbai Indians,bat,Mumbai Indians,runs,65,171,20,N,Normal,HDPK Dharmasena,S Ravi,1,Mumbai Indians
598051,2013,Hyderabad,2013-05-08,League,SK Raina,"Rajiv Gandhi Intl Stadium, Hyderabad",Sunrisers Hyderabad,Chennai Super Kings,Sunrisers Hyderabad,field,Chennai Super Kings,runs,77,224,20,N,Normal,S Das,NJ Llong,0,Sunrisers Hyderabad
598052,2013,Chandigarh,2013-05-09,League,KK Cooper,"PCA IS Bindra Stadium, Mohali",Punjab Kings,Rajasthan Royals,Rajasthan Royals,field,Rajasthan Royals,wickets,8,146,20,N,Normal,HDPK Dharmasena,S Ravi,1,Punjab Kings
598053,2013,Pune,2013-05-09,League,G Gambhir,Subrata Roy Sahara Stadium,Pune Warriors,Kolkata Knight Riders,Kolkata Knight Riders,bat,Kolkata Knight Riders,runs,46,153,20,N,Normal,Asad Rauf,S Asnani,1,Pune Warriors
598054,2013,Delhi,2013-05-10,League,JD Unadkat,"Arun Jaitley Stadium, Delhi",Delhi Capitals,Royal Challengers Bengaluru,Delhi Capitals,field,Royal Challengers Bengaluru,runs,4,184,20,N,Normal,NJ Llong,K Srinath,0,Delhi Capitals
598055,2013,Pune,2013-05-11,League,MG Johnson,Subrata Roy Sahara Stadium,Pune Warriors,Mumbai Indians,Pune Warriors,bat,Mumbai Indians,wickets,5,113,20,N,Normal,Asad Rauf,AK Chaudhary,0,Pune Warriors
598056,2013,Chandigarh,2013-05-11,League,PA Patel,"PCA IS Bindra Stadium, Mohali",Punjab Kings,Sunrisers Hyderabad,Punjab Kings,field,Sunrisers Hyderabad,runs,30,151,20,N,Normal,S Das,RJ Tucker,0,Punjab Kings
598057,2013,Ranchi,2013-05-12,League,JH Kallis,JSCA International Stadium Complex,Kolkata Knight Riders,Royal Challengers Bengaluru,Kolkata Knight Riders,field,Kolkata Knight Riders,wickets,5,116,20,N,Normal,NJ Llong,K Srinath,1,Kolkata Knight Riders
598058,2013,Jaipur,2013-05-12,League,SR Watson,"Sawai Mansingh Stadium, Jaipur",Rajasthan Royals,Chennai Super Kings,Rajasthan Royals,field,Rajasthan Royals,wickets,5,142,20,N,Normal,HDPK Dharmasena,CK Nandan,1,Rajasthan Royals
598060,2013,Mumbai,2013-05-13,League,KA Pollard,"Wankhede Stadium, Mumbai",Mumbai Indians,Sunrisers Hyderabad,Sunrisers Hyderabad,bat,Mumbai Indians,wickets,7,179,20,N,Normal,AK Chaudhary,SJA Taufel,0,Mumbai Indians
598045,2013,Bangalore,2013-05-14,League,AC Gilchrist,"M Chinnaswamy Stadium, Bengaluru",Royal Challengers Bengaluru,Punjab Kings,Punjab Kings,field,Punjab Kings,wickets,7,175,20,N,Normal,HDPK Dharmasena,S Ravi,1,Royal Challengers Bengaluru
598062,2013,Chennai,2013-05-14,League,MS Dhoni,"MA Chidambaram Stadium, Chennai",Chennai Super Kings,Delhi Capitals,Chennai Super Kings,bat,Chennai Super Kings,runs,33,169,20,N,Normal,C Shamshuddin,RJ Tucker,1,Chennai Super Kings
598061,2013,Ranchi,2013-05-15,League,MK Pandey,JSCA International Stadium Complex,Kolkata Knight Riders,Pune Warriors,Kolkata Knight Riders,field,Pune Warriors,runs,7,171,20,N,Normal,NJ Llong,K Srinath,0,Kolkata Knight Riders
598063,2013,Mumbai,2013-05-15,League,AP Tare,"Wankhede Stadium, Mumbai",Mumbai Indians,Rajasthan Royals,Rajasthan Royals,field,Mumbai Indians,runs,14,167,20,N,Normal,Asad Rauf,S Asnani,0,Mumbai Indians
598028,2013,Dharamsala,2013-05-16,League,DA Miller,"HPCA Stadium, Dharamsala",Punjab Kings,Delhi Capitals,Delhi Capitals,field,Punjab Kings,runs,7,172,20,N,Normal,HDPK Dharmasena,S Ravi,0,Punjab Kings
598065,2013,Hyderabad,2013-05-17,League,A Mishra,"Rajiv Gandhi Intl Stadium, Hyderabad",Sunrisers Hyderabad,Rajasthan Royals,Sunrisers Hyderabad,bat,Sunrisers Hyderabad,runs,23,137,20,N,Normal,Asad Rauf,AK Chaudhary,1,Sunrisers Hyderabad
598066,2013,Dharamsala,2013-05-18,League,Azhar Mahmood,"HPCA Stadium, Dharamsala",Punjab Kings,Mumbai Indians,Mumbai Indians,field,Punjab Kings,runs,50,184,20,N,Normal,HDPK Dharmasena,CK Nandan,0,Punjab Kings
598068,2013,Bangalore,2013-05-18,League,V Kohli,"M Chinnaswamy Stadium, Bengaluru",Royal Challengers Bengaluru,Chennai Super Kings,Chennai Super Kings,field,Royal Challengers Bengaluru,runs,24,107,8,N,Normal,C Shamshuddin,RJ Tucker,0,Royal Challengers Bengaluru
598067,2013,Pune,2013-05-19,League,LJ Wright,Subrata Roy Sahara Stadium,Pune Warriors,Delhi Capitals,Pune Warriors,bat,Pune Warriors,runs,38,173,20,N,Normal,NJ Llong,SJA Taufel,1,Pune Warriors
598069,2013,Hyderabad,2013-05-19,League,PA Patel,"Rajiv Gandhi Intl Stadium, Hyderabad",Sunrisers Hyderabad,Kolkata Knight Riders,Kolkata Knight Riders,bat,Sunrisers Hyderabad,wickets,5,131,20,N,Normal,Asad Rauf,S Asnani,0,Sunrisers Hyderabad
598070,2013,Delhi,2013-05-21,Qualifier 1,MEK Hussey,"Arun Jaitley Stadium, Delhi",Chennai Super Kings,Mumbai Indians,Chennai Super Kings,bat,Chennai Super Kings,runs,48,193,20,N,Normal,NJ Llong,RJ Tucker,1,Chennai Super Kings
598071,2013,Delhi,2013-05-22,Eliminator,BJ Hodge,"Arun Jaitley Stadium, Delhi",Rajasthan Royals,Sunrisers Hyderabad,Sunrisers Hyderabad,bat,Rajasthan Royals,wickets,4,133,20,N,Normal,S Ravi,RJ Tucker,0,Rajasthan Royals
598072,2013,Kolkata,2013-05-24,Qualifier 2,Harbhajan Singh,"Eden Gardens, Kolkata",Mumbai Indians,Rajasthan Royals,Rajasthan Royals,bat,Mumbai Indians,wickets,4,166,20,N,Normal,C Shamshuddin,SJA Taufel,0,Mumbai Indians
598073,2013,Kolkata,2013-05-26,Final,KA Pollard,"Eden Gardens, Kolkata",Chennai Super Kings,Mumbai Indians,Mumbai Indians,bat,Mumbai Indians,runs,23,149,20,N,Normal,HDPK Dharmasena,SJA Taufel,1,Chennai Super Kings
729279,2014,Abu Dhabi,2014-04-16,League,JH Kallis,Sheikh Zayed Stadium,Mumbai Indians,Kolkata Knight Riders,Kolkata Knight Riders,bat,Kolkata Knight Riders,runs,41,164,20,N,Normal,M Erasmus,RK Illingworth,1,Mumbai Indians
729281,2014,Sharjah,2014-04-17,League,YS Chahal,Sharjah Cricket Stadium,Delhi Capitals,Royal Challengers Bengaluru,Royal Challengers Bengaluru,field,Royal Challengers Bengaluru,wickets,8,146,20,N,Normal,Aleem Dar,S Ravi,1,Delhi Capitals
729283,2014,Abu Dhabi,2014-04-18,League,GJ Maxwell,Sheikh Zayed Stadium,Chennai Super Kings,Punjab Kings,Chennai Super Kings,bat,Punjab Kings,wickets,6,206,20,N,Normal,RK Illingworth,C Shamshuddin,0,Chennai Super Kings
729285,2014,Abu Dhabi,2014-04-18,League,AM Rahane,Sheikh Zayed Stadium,Sunrisers Hyderabad,Rajasthan Royals,Rajasthan Royals,field,Rajasthan Royals,wickets,4,134,20,N,Normal,BF Bowden,RK Illingworth,1,Sunrisers Hyderabad
729287,2014,Dubai,2014-04-19,League,PA Patel,Dubai International Cricket Stadium,Royal Challengers Bengaluru,Mumbai Indians,Royal Challengers Bengaluru,field,Royal Challengers Bengaluru,wickets,7,116,20,N,Normal,Aleem Dar,AK Chaudhary,1,Royal Challengers Bengaluru
729289,2014,Dubai,2014-04-19,League,JP Duminy,Dubai International Cricket Stadium,Kolkata Knight Riders,Delhi Capitals,Kolkata Knight Riders,bat,Delhi Capitals,wickets,4,167,20,N,Normal,Aleem Dar,VA Kulkarni,0,Kolkata Knight Riders
729291,2014,Sharjah,2014-04-20,League,GJ Maxwell,Sharjah Cricket Stadium,Rajasthan Royals,Punjab Kings,Punjab Kings,field,Punjab Kings,wickets,7,192,20,N,Normal,BF Bowden,M Erasmus,1,Rajasthan Royals
729293,2014,Abu Dhabi,2014-04-21,League,SK Raina,Sheikh Zayed Stadium,Chennai Super Kings,Delhi Capitals,Chennai Super Kings,bat,Chennai Super Kings,runs,93,178,20,N,Normal,RK Illingworth,C Shamshuddin,1,Chennai Super Kings
729295,2014,Sharjah,2014-04-22,League,GJ Maxwell,Sharjah Cricket Stadium,Punjab Kings,Sunrisers Hyderabad,Sunrisers Hyderabad,field,Punjab Kings,runs,72,194,20,N,Normal,M Erasmus,S Ravi,0,Punjab Kings
729297,2014,Dubai,2014-04-23,League,RA Jadeja,Dubai International Cricket Stadium,Rajasthan Royals,Chennai Super Kings,Rajasthan Royals,field,Chennai Super Kings,runs,7,141,20,N,Normal,HDPK Dharmasena,RK Illingworth,0,Rajasthan Royals
729299,2014,Sharjah,2014-04-24,League,CA Lynn,Sharjah Cricket Stadium,Royal Challengers Bengaluru,Kolkata Knight Riders,Royal Challengers Bengaluru,field,Kolkata Knight Riders,runs,2,151,20,N,Normal,Aleem Dar,VA Kulkarni,0,Royal Challengers Bengaluru
729301,2014,Dubai,2014-04-25,League,AJ Finch,Dubai International Cricket Stadium,Sunrisers Hyderabad,Delhi Capitals,Sunrisers Hyderabad,bat,Sunrisers Hyderabad,runs,4,185,20,N,Normal,M Erasmus,S Ravi,1,Sunrisers Hyderabad
729303,2014,Dubai,2014-04-25,League,MM Sharma,Dubai International Cricket Stadium,Chennai Super Kings,Mumbai Indians,Mumbai Indians,bat,Chennai Super Kings,wickets,7,142,20,N,Normal,BF Bowden,M Erasmus,0,Chennai Super Kings
729305,2014,Abu Dhabi,2014-04-26,League,PV Tambe,Sheikh Zayed Stadium,Rajasthan Royals,Royal Challengers Bengaluru,Rajasthan Royals,field,Rajasthan Royals,wickets,6,71,20,N,Normal,HDPK Dharmasena,C Shamshuddin,1,Rajasthan Royals
729307,2014,Abu Dhabi,2014-04-26,League,Sandeep Sharma,Sheikh Zayed Stadium,Kolkata Knight Riders,Punjab Kings,Kolkata Knight Riders,field,Punjab Kings,runs,23,133,20,N,Normal,HDPK Dharmasena,RK Illingworth,0,Kolkata Knight Riders
729309,2014,Sharjah,2014-04-27,League,M Vijay,Sharjah Cricket Stadium,Delhi Capitals,Mumbai Indians,Mumbai Indians,bat,Delhi Capitals,wickets,6,126,20,N,Normal,Aleem Dar,VA Kulkarni,0,Delhi Capitals
729311,2014,Sharjah,2014-04-27,League,DR Smith,Sharjah Cricket Stadium,Sunrisers Hyderabad,Chennai Super Kings,Sunrisers Hyderabad,bat,Chennai Super Kings,wickets,5,146,20,N,Normal,AK Chaudhary,VA Kulkarni,0,Sunrisers Hyderabad
729313,2014,Dubai,2014-04-28,League,Sandeep Sharma,Dubai International Cricket Stadium,Punjab Kings,Royal Challengers Bengaluru,Punjab Kings,field,Punjab Kings,wickets,5,125,20,N,Normal,BF Bowden,S Ravi,1,Punjab Kings
729315,2014,Abu Dhabi,2014-04-29,League,JP Faulkner,Sheikh Zayed Stadium,Kolkata Knight Riders,Rajasthan Royals,Rajasthan Royals,bat,Rajasthan Royals,tie,0,153,20,Y,Normal,Aleem Dar,AK Chaudhary,1,Kolkata Knight Riders
729317,2014,Dubai,2014-04-30,League,B Kumar,Dubai International Cricket Stadium,Mumbai Indians,Sunrisers Hyderabad,Mumbai Indians,field,Sunrisers Hyderabad,runs,15,173,20,N,Normal,HDPK Dharmasena,M Erasmus,0,Mumbai Indians
733971,2014,Ranchi,2014-05-02,League,RA Jadeja,JSCA International Stadium Complex,Chennai Super Kings,Kolkata Knight Riders,Chennai Super Kings,bat,Chennai Super Kings,runs,34,149,17,N,Normal,AK Chaudhary,NJ Llong,1,Chennai Super Kings
733973,2014,Mumbai,2014-05-03,League,CJ Anderson,"Wankhede Stadium, Mumbai",Mumbai Indians,Punjab Kings,Punjab Kings,bat,Mumbai Indians,wickets,5,169,20,N,Normal,BNJ Oxenford,C Shamshuddin,0,Mumbai Indians
733975,2014,Delhi,2014-05-03,League,KK Nair,"Arun Jaitley Stadium, Delhi",Delhi Capitals,Rajasthan Royals,Rajasthan Royals,field,Rajasthan Royals,wickets,7,153,20,N,Normal,SS Hazare,S Ravi,1,Delhi Capitals
733977,2014,Bangalore,2014-05-04,League,AB de Villiers,"M Chinnaswamy Stadium, Bengaluru",Royal Challengers Bengaluru,Sunrisers Hyderabad,Royal Challengers Bengaluru,field,Royal Challengers Bengaluru,wickets,4,156,20,N,Normal,HDPK Dharmasena,VA Kulkarni,1,Royal Challengers Bengaluru
733979,2014,Ahmedabad,2014-05-05,League,PV Tambe,"Sardar Patel Stadium, Motera",Rajasthan Royals,Kolkata Knight Riders,Kolkata Knight Riders,field,Rajasthan Royals,runs,10,171,20,N,Normal,NJ Llong,CK Nandan,0,Rajasthan Royals
733981,2014,Delhi,2014-05-05,League,DR Smith,"Arun Jaitley Stadium, Delhi",Delhi Capitals,Chennai Super Kings,Chennai Super Kings,field,Chennai Super Kings,wickets,8,179,20,N,Normal,RM Deshpande,BNJ Oxenford,1,Delhi Capitals
733983,2014,Mumbai,2014-05-06,League,RG Sharma,"Wankhede Stadium, Mumbai",Mumbai Indians,Royal Challengers Bengaluru,Royal Challengers Bengaluru,field,Mumbai Indians,runs,19,188,20,N,Normal,S Ravi,K Srinath,0,Mumbai Indians
733985,2014,Delhi,2014-05-07,League,G Gambhir,"Arun Jaitley Stadium, Delhi",Delhi Capitals,Kolkata Knight Riders,Delhi Capitals,bat,Kolkata Knight Riders,wickets,8,161,20,N,Normal,BNJ Oxenford,C Shamshuddin,0,Delhi Capitals
733987,2014,Cuttack,2014-05-07,League,GJ Maxwell,Barabati Stadium,Punjab Kings,Chennai Super Kings,Chennai Super Kings,field,Punjab Kings,runs,44,232,20,N,Normal,HDPK Dharmasena,PG Pathak,0,Punjab Kings
733989,2014,Ahmedabad,2014-05-08,League,B Kumar,"Sardar Patel Stadium, Motera",Rajasthan Royals,Sunrisers Hyderabad,Rajasthan Royals,field,Sunrisers Hyderabad,runs,32,135,20,N,Normal,AK Chaudhary,NJ Llong,0,Rajasthan Royals
733991,2014,Bangalore,2014-05-09,League,Sandeep Sharma,"M Chinnaswamy Stadium, Bengaluru",Royal Challengers Bengaluru,Punjab Kings,Royal Challengers Bengaluru,field,Punjab Kings,runs,32,199,20,N,Normal,S Ravi,K Srinath,0,Royal Challengers Bengaluru
733993,2014,Delhi,2014-05-10,League,DW Steyn,"Arun Jaitley Stadium, Delhi",Delhi Capitals,Sunrisers Hyderabad,Sunrisers Hyderabad,field,Sunrisers Hyderabad,wickets,8,43,5,N,D/L,RM Deshpande,BNJ Oxenford,1,Delhi Capitals
733995,2014,Mumbai,2014-05-10,League,DR Smith,"Wankhede Stadium, Mumbai",Mumbai Indians,Chennai Super Kings,Chennai Super Kings,field,Chennai Super Kings,wickets,4,158,20,N,Normal,HDPK Dharmasena,VA Kulkarni,1,Mumbai Indians
733997,2014,Cuttack,2014-05-11,League,G Gambhir,Barabati Stadium,Punjab Kings,Kolkata Knight Riders,Kolkata Knight Riders,field,Kolkata Knight Riders,wickets,9,150,20,N,Normal,NJ Llong,CK Nandan,1,Punjab Kings
733999,2014,Bangalore,2014-05-11,League,JP Faulkner,"M Chinnaswamy Stadium, Bengaluru",Royal Challengers Bengaluru,Rajasthan Royals,Royal Challengers Bengaluru,bat,Rajasthan Royals,wickets,5,191,20,N,Normal,S Ravi,RJ Tucker,0,Royal Challengers Bengaluru
734001,2014,Hyderabad,2014-05-12,League,AT Rayudu,"Rajiv Gandhi Intl Stadium, Hyderabad",Sunrisers Hyderabad,Mumbai Indians,Sunrisers Hyderabad,bat,Mumbai Indians,wickets,7,158,20,N,Normal,HDPK Dharmasena,VA Kulkarni,0,Sunrisers Hyderabad
734003,2014,Ranchi,2014-05-13,League,RA Jadeja,JSCA International Stadium Complex,Chennai Super Kings,Rajasthan Royals,Rajasthan Royals,bat,Chennai Super Kings,wickets,5,149,20,N,Normal,BNJ Oxenford,C Shamshuddin,0,Chennai Super Kings
734005,2014,Bangalore,2014-05-13,League,Yuvraj Singh,"M Chinnaswamy Stadium, Bengaluru",Royal Challengers Bengaluru,Delhi Capitals,Delhi Capitals,field,Royal Challengers Bengaluru,runs,16,187,20,N,Normal,K Srinath,RJ Tucker,0,Royal Challengers Bengaluru
734007,2014,Hyderabad,2014-05-14,League,WP Saha,"Rajiv Gandhi Intl Stadium, Hyderabad",Sunrisers Hyderabad,Punjab Kings,Punjab Kings,field,Punjab Kings,wickets,6,206,20,N,Normal,VA Kulkarni,PG Pathak,1,Sunrisers Hyderabad
734009,2014,Cuttack,2014-05-14,League,RV Uthappa,Barabati Stadium,Kolkata Knight Riders,Mumbai Indians,Kolkata Knight Riders,field,Kolkata Knight Riders,wickets,6,142,20,N,Normal,AK Chaudhary,NJ Llong,1,Kolkata Knight Riders
734011,2014,Ahmedabad,2014-05-15,League,AM Rahane,"Sardar Patel Stadium, Motera",Rajasthan Royals,Delhi Capitals,Delhi Capitals,field,Rajasthan Royals,runs,62,202,20,N,Normal,S Ravi,RJ Tucker,0,Rajasthan Royals
734013,2014,Ranchi,2014-05-18,League,AB de Villiers,JSCA International Stadium Complex,Chennai Super Kings,Royal Challengers Bengaluru,Chennai Super Kings,bat,Royal Challengers Bengaluru,wickets,5,139,20,N,Normal,BNJ Oxenford,C Shamshuddin,0,Chennai Super Kings
734015,2014,Hyderabad,2014-05-18,League,UT Yadav,"Rajiv Gandhi Intl Stadium, Hyderabad",Sunrisers Hyderabad,Kolkata Knight Riders,Sunrisers Hyderabad,bat,Kolkata Knight Riders,wickets,7,143,20,N,Normal,NJ Llong,CK Nandan,0,Sunrisers Hyderabad
734017,2014,Ahmedabad,2014-05-19,League,MEK Hussey,"Sardar Patel Stadium, Motera",Rajasthan Royals,Mumbai Indians,Mumbai Indians,bat,Mumbai Indians,runs,25,179,20,N,Normal,S Ravi,RJ Tucker,1,Rajasthan Royals
734019,2014,Delhi,2014-05-19,League,AR Patel,"Arun Jaitley Stadium, Delhi",Delhi Capitals,Punjab Kings,Punjab Kings,field,Punjab Kings,wickets,4,165,20,N,Normal,HDPK Dharmasena,PG Pathak,1,Delhi Capitals
734021,2014,Hyderabad,2014-05-20,League,DA Warner,"Rajiv Gandhi Intl Stadium, Hyderabad",Sunrisers Hyderabad,Royal Challengers Bengaluru,Royal Challengers Bengaluru,bat,Sunrisers Hyderabad,wickets,7,161,20,N,Normal,AK Chaudhary,NJ Llong,0,Sunrisers Hyderabad
734023,2014,Kolkata,2014-05-20,League,RV Uthappa,"Eden Gardens, Kolkata",Kolkata Knight Riders,Chennai Super Kings,Kolkata Knight Riders,field,Kolkata Knight Riders,wickets,8,155,20,N,Normal,RM Deshpande,C Shamshuddin,1,Kolkata Knight Riders
734025,2014,Chandigarh,2014-05-21,League,LMP Simmons,"PCA IS Bindra Stadium, Mohali",Punjab Kings,Mumbai Indians,Mumbai Indians,field,Mumbai Indians,wickets,7,157,20,N,Normal,HDPK Dharmasena,VA Kulkarni,1,Punjab Kings
734027,2014,Kolkata,2014-05-22,League,RV Uthappa,"Eden Gardens, Kolkata",Kolkata Knight Riders,Royal Challengers Bengaluru,Royal Challengers Bengaluru,field,Kolkata Knight Riders,runs,30,196,20,N,Normal,AK Chaudhary,CK Nandan,0,Kolkata Knight Riders
734029,2014,Ranchi,2014-05-22,League,DA Warner,JSCA International Stadium Complex,Chennai Super Kings,Sunrisers Hyderabad,Sunrisers Hyderabad,field,Sunrisers Hyderabad,wickets,6,186,20,N,Normal,BNJ Oxenford,C Shamshuddin,1,Chennai Super Kings
734031,2014,Mumbai,2014-05-23,League,MEK Hussey,"Wankhede Stadium, Mumbai",Mumbai Indians,Delhi Capitals,Delhi Capitals,field,Mumbai Indians,runs,15,174,20,N,Normal,S Ravi,RJ Tucker,0,Mumbai Indians
734033,2014,Chandigarh,2014-05-23,League,SE Marsh,"PCA IS Bindra Stadium, Mohali",Punjab Kings,Rajasthan Royals,Rajasthan Royals,field,Punjab Kings,runs,16,180,20,N,Normal,HDPK Dharmasena,PG Pathak,0,Punjab Kings
734035,2014,Bangalore,2014-05-24,League,MS Dhoni,"M Chinnaswamy Stadium, Bengaluru",Royal Challengers Bengaluru,Chennai Super Kings,Chennai Super Kings,field,Chennai Super Kings,wickets,8,155,20,N,Normal,AK Chaudhary,NJ Llong,1,Royal Challengers Bengaluru
734037,2014,Kolkata,2014-05-24,League,YK Pathan,"Eden Gardens, Kolkata",Kolkata Knight Riders,Sunrisers Hyderabad,Kolkata Knight Riders,field,Kolkata Knight Riders,wickets,4,161,20,N,Normal,RM Deshpande,BNJ Oxenford,1,Kolkata Knight Riders
734039,2014,Chandigarh,2014-05-25,League,M Vohra,"PCA IS Bindra Stadium, Mohali",Punjab Kings,Delhi Capitals,Punjab Kings,field,Punjab Kings,wickets,7,116,20,N,Normal,HDPK Dharmasena,VA Kulkarni,1,Punjab Kings
734041,2014,Mumbai,2014-05-25,League,CJ Anderson,"Wankhede Stadium, Mumbai",Mumbai Indians,Rajasthan Royals,Mumbai Indians,field,Mumbai Indians,wickets,5,190,20,N,Normal,K Srinath,RJ Tucker,1,Mumbai Indians
734043,2014,Kolkata,2014-05-27,Qualifier 1,UT Yadav,"Eden Gardens, Kolkata",Punjab Kings,Kolkata Knight Riders,Punjab Kings,field,Kolkata Knight Riders,runs,28,164,20,N,Normal,NJ Llong,S Ravi,0,Punjab Kings
734045,2014,Mumbai,2014-05-28,Eliminator,SK Raina,"Brabourne Stadium, Mumbai",Chennai Super Kings,Mumbai Indians,Chennai Super Kings,field,Chennai Super Kings,wickets,7,174,20,N,Normal,VA Kulkarni,BNJ Oxenford,1,Chennai Super Kings
734047,2014,Mumbai,2014-05-30,Qualifier 2,V Sehwag,"Wankhede Stadium, Mumbai",Chennai Super Kings,Punjab Kings,Chennai Super Kings,field,Punjab Kings,runs,24,227,20,N,Normal,HDPK Dharmasena,RJ Tucker,0,Chennai Super Kings
734049,2014,Bangalore,2014-06-01,Final,MK Pandey,"M Chinnaswamy Stadium, Bengaluru",Kolkata Knight Riders,Punjab Kings,Kolkata Knight Riders,field,Kolkata Knight Riders,wickets,3,200,20,N,Normal,HDPK Dharmasena,BNJ Oxenford,1,Kolkata Knight Riders
829705,2015,Kolkata,2015-04-08,League,M Morkel,"Eden Gardens, Kolkata",Kolkata Knight Riders,Mumbai Indians,Kolkata Knight Riders,field,Kolkata Knight Riders,wickets,7,169,20,N,Normal,S Ravi,C Shamshuddin,1,Kolkata Knight Riders
829707,2015,Chennai,2015-04-09,League,A Nehra,"MA Chidambaram Stadium, Chennai",Chennai Super Kings,Delhi Capitals,Delhi Capitals,field,Chennai Super Kings,runs,1,151,20,N,Normal,RK Illingworth,VA Kulkarni,0,Chennai Super Kings
829709,2015,Pune,2015-04-10,League,JP Faulkner,"MCA Stadium, Pune",Punjab Kings,Rajasthan Royals,Punjab Kings,field,Rajasthan Royals,runs,26,163,20,N,Normal,SD Fry,CB Gaffaney,0,Punjab Kings
829711,2015,Chennai,2015-04-11,League,BB McCullum,"MA Chidambaram Stadium, Chennai",Chennai Super Kings,Sunrisers Hyderabad,Chennai Super Kings,bat,Chennai Super Kings,runs,45,210,20,N,Normal,RK Illingworth,VA Kulkarni,1,Chennai Super Kings
829713,2015,Kolkata,2015-04-11,League,CH Gayle,"Eden Gardens, Kolkata",Kolkata Knight Riders,Royal Challengers Bengaluru,Royal Challengers Bengaluru,field,Royal Challengers Bengaluru,wickets,3,178,20,N,Normal,S Ravi,C Shamshuddin,1,Kolkata Knight Riders
829715,2015,Delhi,2015-04-12,League,DJ Hooda,"Arun Jaitley Stadium, Delhi",Delhi Capitals,Rajasthan Royals,Rajasthan Royals,field,Rajasthan Royals,wickets,3,185,20,N,Normal,SD Fry,CB Gaffaney,1,Delhi Capitals
829717,2015,Mumbai,2015-04-12,League,GJ Bailey,"Wankhede Stadium, Mumbai",Mumbai Indians,Punjab Kings,Mumbai Indians,field,Punjab Kings,runs,18,178,20,N,Normal,AK Chaudhary,K Srinivasan,0,Mumbai Indians
829719,2015,Bangalore,2015-04-13,League,DA Warner,"M Chinnaswamy Stadium, Bengaluru",Royal Challengers Bengaluru,Sunrisers Hyderabad,Sunrisers Hyderabad,field,Sunrisers Hyderabad,wickets,8,167,20,N,Normal,RM Deshpande,RK Illingworth,1,Royal Challengers Bengaluru
829721,2015,Ahmedabad,2015-04-14,League,SPD Smith,"Sardar Patel Stadium, Motera",Rajasthan Royals,Mumbai Indians,Mumbai Indians,bat,Rajasthan Royals,wickets,7,165,20,N,Normal,AK Chaudhary,SD Fry,0,Rajasthan Royals
829725,2015,Pune,2015-04-15,League,MA Agarwal,"MCA Stadium, Pune",Punjab Kings,Delhi Capitals,Punjab Kings,bat,Delhi Capitals,wickets,5,166,20,N,Normal,CB Gaffaney,K Srinath,0,Punjab Kings
829727,2015,Visakhapatnam,2015-04-16,League,AM Rahane,"ACA-VDCA Stadium, Visakhapatnam",Sunrisers Hyderabad,Rajasthan Royals,Rajasthan Royals,field,Rajasthan Royals,wickets,6,128,20,N,Normal,PG Pathak,S Ravi,1,Sunrisers Hyderabad
829729,2015,Mumbai,2015-04-17,League,A Nehra,"Wankhede Stadium, Mumbai",Mumbai Indians,Chennai Super Kings,Mumbai Indians,bat,Chennai Super Kings,wickets,6,184,20,N,Normal,AK Chaudhary,M Erasmus,0,Mumbai Indians
829731,2015,Visakhapatnam,2015-04-18,League,JP Duminy,"ACA-VDCA Stadium, Visakhapatnam",Sunrisers Hyderabad,Delhi Capitals,Delhi Capitals,bat,Delhi Capitals,runs,4,168,20,N,Normal,PG Pathak,S Ravi,1,Sunrisers Hyderabad
829733,2015,Pune,2015-04-18,League,AD Russell,"MCA Stadium, Pune",Punjab Kings,Kolkata Knight Riders,Kolkata Knight Riders,field,Kolkata Knight Riders,wickets,4,156,20,N,Normal,SD Fry,CK Nandan,1,Punjab Kings
829735,2015,Ahmedabad,2015-04-19,League,AM Rahane,"Sardar Patel Stadium, Motera",Rajasthan Royals,Chennai Super Kings,Chennai Super Kings,bat,Rajasthan Royals,wickets,8,157,20,N,Normal,AK Chaudhary,M Erasmus,0,Rajasthan Royals
829737,2015,Bangalore,2015-04-19,League,Harbhajan Singh,"M Chinnaswamy Stadium, Bengaluru",Royal Challengers Bengaluru,Mumbai Indians,Royal Challengers Bengaluru,field,Mumbai Indians,runs,18,210,20,N,Normal,RK Illingworth,VA Kulkarni,0,Royal Challengers Bengaluru
829739,2015,Delhi,2015-04-20,League,UT Yadav,"Arun Jaitley Stadium, Delhi",Delhi Capitals,Kolkata Knight Riders,Kolkata Knight Riders,field,Kolkata Knight Riders,wickets,6,147,20,N,Normal,SD Fry,CB Gaffaney,1,Delhi Capitals
829741,2015,Ahmedabad,2015-04-21,League,SE Marsh,"Sardar Patel Stadium, Motera",Rajasthan Royals,Punjab Kings,Punjab Kings,field,Punjab Kings,tie,0,192,20,Y,Normal,M Erasmus,S Ravi,1,Rajasthan Royals
829743,2015,Visakhapatnam,2015-04-22,League,DA Warner,"ACA-VDCA Stadium, Visakhapatnam",Sunrisers Hyderabad,Kolkata Knight Riders,Kolkata Knight Riders,field,Sunrisers Hyderabad,runs,16,118,12,N,D/L,RK Illingworth,VA Kulkarni,0,Sunrisers Hyderabad
829745,2015,Bangalore,2015-04-22,League,SK Raina,"M Chinnaswamy Stadium, Bengaluru",Royal Challengers Bengaluru,Chennai Super Kings,Royal Challengers Bengaluru,field,Chennai Super Kings,runs,27,182,20,N,Normal,JD Cloete,C Shamshuddin,0,Royal Challengers Bengaluru
829747,2015,Delhi,2015-04-23,League,SS Iyer,"Arun Jaitley Stadium, Delhi",Delhi Capitals,Mumbai Indians,Mumbai Indians,field,Delhi Capitals,runs,37,191,20,N,Normal,SD Fry,CK Nandan,0,Delhi Capitals
829749,2015,Ahmedabad,2015-04-24,League,MA Starc,"Sardar Patel Stadium, Motera",Rajasthan Royals,Royal Challengers Bengaluru,Royal Challengers Bengaluru,field,Royal Challengers Bengaluru,wickets,9,131,20,N,Normal,M Erasmus,S Ravi,1,Rajasthan Royals
829751,2015,Mumbai,2015-04-25,League,SL Malinga,"Wankhede Stadium, Mumbai",Mumbai Indians,Sunrisers Hyderabad,Mumbai Indians,bat,Mumbai Indians,runs,20,158,20,N,Normal,HDPK Dharmasena,CB Gaffaney,1,Mumbai Indians
829753,2015,Chennai,2015-04-25,League,BB McCullum,"MA Chidambaram Stadium, Chennai",Chennai Super Kings,Punjab Kings,Chennai Super Kings,bat,Chennai Super Kings,runs,97,193,20,N,Normal,JD Cloete,C Shamshuddin,1,Chennai Super Kings
829757,2015,Delhi,2015-04-26,League,VR Aaron,"Arun Jaitley Stadium, Delhi",Delhi Capitals,Royal Challengers Bengaluru,Royal Challengers Bengaluru,field,Royal Challengers Bengaluru,wickets,10,96,20,N,Normal,M Erasmus,S Ravi,1,Delhi Capitals
829759,2015,Chandigarh,2015-04-27,League,TA Boult,"PCA IS Bindra Stadium, Mohali",Punjab Kings,Sunrisers Hyderabad,Punjab Kings,field,Sunrisers Hyderabad,runs,20,151,20,N,Normal,HDPK Dharmasena,CB Gaffaney,0,Punjab Kings
829765,2015,Chennai,2015-04-28,League,DJ Bravo,"MA Chidambaram Stadium, Chennai",Chennai Super Kings,Kolkata Knight Riders,Kolkata Knight Riders,field,Chennai Super Kings,runs,2,135,20,N,Normal,RM Deshpande,VA Kulkarni,0,Chennai Super Kings
829763,2015,Bangalore,2015-04-29,League,,"M Chinnaswamy Stadium, Bengaluru",Royal Challengers Bengaluru,Rajasthan Royals,Rajasthan Royals,field,No Result,no result,0,0,0,N,Normal,JD Cloete,PG Pathak,0,Royal Challengers Bengaluru
829723,2015,Kolkata,2015-04-30,League,AD Russell,"Eden Gardens, Kolkata",Kolkata Knight Riders,Chennai Super Kings,Kolkata Knight Riders,field,Kolkata Knight Riders,wickets,7,166,20,N,Normal,AK Chaudhary,M Erasmus,1,Kolkata Knight Riders
829767,2015,Delhi,2015-05-01,League,NM Coulter-Nile,"Arun Jaitley Stadium, Delhi",Delhi Capitals,Punjab Kings,Delhi Capitals,field,Delhi Capitals,wickets,9,119,20,N,Normal,RK Illingworth,S Ravi,1,Delhi Capitals
829769,2015,Mumbai,2015-05-01,League,AT Rayudu,"Wankhede Stadium, Mumbai",Mumbai Indians,Rajasthan Royals,Rajasthan Royals,field,Mumbai Indians,runs,8,188,20,N,Normal,HDPK Dharmasena,CK Nandan,0,Mumbai Indians
829771,2015,Bangalore,2015-05-02,League,Mandeep Singh,"M Chinnaswamy Stadium, Bengaluru",Royal Challengers Bengaluru,Kolkata Knight Riders,Royal Challengers Bengaluru,field,Royal Challengers Bengaluru,wickets,7,112,10,N,Normal,JD Cloete,PG Pathak,1,Royal Challengers Bengaluru
829773,2015,Hyderabad,2015-05-02,League,DA Warner,"Rajiv Gandhi Intl Stadium, Hyderabad",Sunrisers Hyderabad,Chennai Super Kings,Chennai Super Kings,field,Sunrisers Hyderabad,runs,22,193,20,N,Normal,AK Chaudhary,K Srinivasan,0,Sunrisers Hyderabad
829775,2015,Chandigarh,2015-05-03,League,LMP Simmons,"PCA IS Bindra Stadium, Mohali",Punjab Kings,Mumbai Indians,Mumbai Indians,bat,Mumbai Indians,runs,23,173,20,N,Normal,RK Illingworth,VA Kulkarni,1,Punjab Kings
829777,2015,Mumbai,2015-05-03,League,AM Rahane,"Brabourne Stadium, Mumbai",Rajasthan Royals,Delhi Capitals,Delhi Capitals,field,Rajasthan Royals,runs,14,190,20,N,Normal,HDPK Dharmasena,CB Gaffaney,0,Rajasthan Royals
829779,2015,Chennai,2015-05-04,League,SK Raina,"MA Chidambaram Stadium, Chennai",Chennai Super Kings,Royal Challengers Bengaluru,Chennai Super Kings,bat,Chennai Super Kings,runs,24,149,20,N,Normal,C Shamshuddin,K Srinath,1,Chennai Super Kings
829781,2015,Kolkata,2015-05-04,League,UT Yadav,"Eden Gardens, Kolkata",Kolkata Knight Riders,Sunrisers Hyderabad,Sunrisers Hyderabad,field,Kolkata Knight Riders,runs,35,168,20,N,Normal,AK Chaudhary,M Erasmus,0,Kolkata Knight Riders
829783,2015,Mumbai,2015-05-05,League,Harbhajan Singh,"Wankhede Stadium, Mumbai",Mumbai Indians,Delhi Capitals,Delhi Capitals,bat,Mumbai Indians,wickets,5,153,20,N,Normal,HDPK Dharmasena,CB Gaffaney,0,Mumbai Indians
829785,2015,Bangalore,2015-05-06,League,CH Gayle,"M Chinnaswamy Stadium, Bengaluru",Royal Challengers Bengaluru,Punjab Kings,Punjab Kings,field,Royal Challengers Bengaluru,runs,138,227,20,N,Normal,RK Illingworth,VA Kulkarni,0,Royal Challengers Bengaluru
829761,2015,Kolkata,2015-05-07,League,PP Chawla,"Eden Gardens, Kolkata",Kolkata Knight Riders,Delhi Capitals,Kolkata Knight Riders,bat,Kolkata Knight Riders,runs,13,172,20,N,Normal,AK Chaudhary,M Erasmus,1,Kolkata Knight Riders
829787,2015,Mumbai,2015-05-07,League,EJG Morgan,"Brabourne Stadium, Mumbai",Rajasthan Royals,Sunrisers Hyderabad,Rajasthan Royals,field,Sunrisers Hyderabad,runs,7,202,20,N,Normal,JD Cloete,C Shamshuddin,0,Rajasthan Royals
829789,2015,Chennai,2015-05-08,League,HH Pandya,"MA Chidambaram Stadium, Chennai",Chennai Super Kings,Mumbai Indians,Chennai Super Kings,bat,Mumbai Indians,wickets,6,159,20,N,Normal,CB Gaffaney,CK Nandan,0,Chennai Super Kings
829791,2015,Kolkata,2015-05-09,League,AD Russell,"Eden Gardens, Kolkata",Kolkata Knight Riders,Punjab Kings,Punjab Kings,bat,Kolkata Knight Riders,wickets,1,184,20,N,Normal,AK Chaudhary,HDPK Dharmasena,0,Kolkata Knight Riders
829793,2015,Raipur,2015-05-09,League,MC Henriques,Shaheed Veer Narayan Singh International Stadium,Delhi Capitals,Sunrisers Hyderabad,Sunrisers Hyderabad,bat,Sunrisers Hyderabad,runs,6,164,20,N,Normal,VA Kulkarni,S Ravi,1,Delhi Capitals
829795,2015,Mumbai,2015-05-10,League,AB de Villiers,"Wankhede Stadium, Mumbai",Mumbai Indians,Royal Challengers Bengaluru,Royal Challengers Bengaluru,bat,Royal Challengers Bengaluru,runs,39,236,20,N,Normal,JD Cloete,C Shamshuddin,1,Mumbai Indians
829797,2015,Chennai,2015-05-10,League,RA Jadeja,"MA Chidambaram Stadium, Chennai",Chennai Super Kings,Rajasthan Royals,Chennai Super Kings,bat,Chennai Super Kings,runs,12,158,20,N,Normal,M Erasmus,CK Nandan,1,Chennai Super Kings
829799,2015,Hyderabad,2015-05-11,League,DA Warner,"Rajiv Gandhi Intl Stadium, Hyderabad",Sunrisers Hyderabad,Punjab Kings,Sunrisers Hyderabad,bat,Sunrisers Hyderabad,runs,5,186,20,N,Normal,AK Chaudhary,HDPK Dharmasena,1,Sunrisers Hyderabad
829801,2015,Raipur,2015-05-12,League,Z Khan,Shaheed Veer Narayan Singh International Stadium,Delhi Capitals,Chennai Super Kings,Chennai Super Kings,bat,Delhi Capitals,wickets,6,120,20,N,Normal,RK Illingworth,VA Kulkarni,0,Delhi Capitals
829803,2015,Chandigarh,2015-05-13,League,AR Patel,"PCA IS Bindra Stadium, Mohali",Punjab Kings,Royal Challengers Bengaluru,Royal Challengers Bengaluru,field,Punjab Kings,runs,22,107,10,N,Normal,JD Cloete,C Shamshuddin,0,Punjab Kings
829805,2015,Mumbai,2015-05-14,League,HH Pandya,"Wankhede Stadium, Mumbai",Mumbai Indians,Kolkata Knight Riders,Kolkata Knight Riders,field,Mumbai Indians,runs,5,172,20,N,Normal,RK Illingworth,VA Kulkarni,0,Mumbai Indians
829807,2015,Hyderabad,2015-05-15,League,V Kohli,"Rajiv Gandhi Intl Stadium, Hyderabad",Sunrisers Hyderabad,Royal Challengers Bengaluru,Sunrisers Hyderabad,bat,Royal Challengers Bengaluru,wickets,6,81,6,N,D/L,AK Chaudhary,HDPK Dharmasena,0,Sunrisers Hyderabad
829809,2015,Chandigarh,2015-05-16,League,P Negi,"PCA IS Bindra Stadium, Mohali",Punjab Kings,Chennai Super Kings,Punjab Kings,bat,Chennai Super Kings,wickets,7,131,20,N,Normal,CK Nandan,C Shamshuddin,0,Punjab Kings
829811,2015,Mumbai,2015-05-16,League,SR Watson,"Brabourne Stadium, Mumbai",Rajasthan Royals,Kolkata Knight Riders,Rajasthan Royals,bat,Rajasthan Royals,runs,9,200,20,N,Normal,RM Deshpande,RK Illingworth,1,Rajasthan Royals
829813,2015,Bangalore,2015-05-17,League,,"M Chinnaswamy Stadium, Bengaluru",Royal Challengers Bengaluru,Delhi Capitals,Royal Challengers Bengaluru,field,No Result,no result,0,188,20,N,Normal,HDPK Dharmasena,K Srinivasan,0,Royal Challengers Bengaluru
829815,2015,Hyderabad,2015-05-17,League,MJ McClenaghan,"Rajiv Gandhi Intl Stadium, Hyderabad",Sunrisers Hyderabad,Mumbai Indians,Sunrisers Hyderabad,bat,Mumbai Indians,wickets,9,114,20,N,Normal,CB Gaffaney,K Srinath,0,Sunrisers Hyderabad
829817,2015,Mumbai,2015-05-19,Qualifier 1,KA Pollard,"Wankhede Stadium, Mumbai",Chennai Super Kings,Mumbai Indians,Mumbai Indians,bat,Mumbai Indians,runs,25,188,20,N,Normal,HDPK Dharmasena,RK Illingworth,1,Chennai Super Kings
829819,2015,Pune,2015-05-20,Eliminator,AB de Villiers,"MCA Stadium, Pune",Royal Challengers Bengaluru,Rajasthan Royals,Royal Challengers Bengaluru,bat,Royal Challengers Bengaluru,runs,71,181,20,N,Normal,AK Chaudhary,C Shamshuddin,1,Royal Challengers Bengaluru
829821,2015,Ranchi,2015-05-22,Qualifier 2,A Nehra,JSCA International Stadium Complex,Chennai Super Kings,Royal Challengers Bengaluru,Chennai Super Kings,field,Chennai Super Kings,wickets,3,140,20,N,Normal,AK Chaudhary,CB Gaffaney,1,Chennai Super Kings
829823,2015,Kolkata,2015-05-24,Final,RG Sharma,"Eden Gardens, Kolkata",Mumbai Indians,Chennai Super Kings,Chennai Super Kings,field,Mumbai Indians,runs,41,203,20,N,Normal,HDPK Dharmasena,RK Illingworth,0,Mumbai Indians
980901,2016,Mumbai,2016-04-09,League,AM Rahane,"Wankhede Stadium, Mumbai",Mumbai Indians,Rising Pune Supergiant,Mumbai Indians,bat,Rising Pune Supergiant,wickets,9,122,20,N,Normal,HDPK Dharmasena,CK Nandan,0,Mumbai Indians
980903,2016,Kolkata,2016-04-10,League,AD Russell,"Eden Gardens, Kolkata",Kolkata Knight Riders,Delhi Capitals,Kolkata Knight Riders,field,Kolkata Knight Riders,wickets,9,99,20,N,Normal,S Ravi,C Shamshuddin,1,Kolkata Knight Riders
980905,2016,Chandigarh,2016-04-11,League,AJ Finch,"PCA IS Bindra Stadium, Mohali",Punjab Kings,Gujarat Lions,Gujarat Lions,field,Gujarat Lions,wickets,5,162,20,N,Normal,AK Chaudhary,VA Kulkarni,1,Punjab Kings
980907,2016,Bangalore,2016-04-12,League,AB de Villiers,"M Chinnaswamy Stadium, Bengaluru",Royal Challengers Bengaluru,Sunrisers Hyderabad,Sunrisers Hyderabad,field,Royal Challengers Bengaluru,runs,45,228,20,N,Normal,HDPK Dharmasena,VK Sharma,0,Royal Challengers Bengaluru
980909,2016,Kolkata,2016-04-13,League,RG Sharma,"Eden Gardens, Kolkata",Kolkata Knight Riders,Mumbai Indians,Mumbai Indians,field,Mumbai Indians,wickets,6,188,20,N,Normal,Nitin Menon,S Ravi,1,Kolkata Knight Riders
980911,2016,Rajkot,2016-04-14,League,AJ Finch,Saurashtra Cricket Association Stadium,Gujarat Lions,Rising Pune Supergiant,Rising Pune Supergiant,bat,Gujarat Lions,wickets,7,164,20,N,Normal,VA Kulkarni,CK Nandan,0,Gujarat Lions
980913,2016,Delhi,2016-04-15,League,A Mishra,"Arun Jaitley Stadium, Delhi",Delhi Capitals,Punjab Kings,Delhi Capitals,field,Delhi Capitals,wickets,8,112,20,N,Normal,S Ravi,C Shamshuddin,1,Delhi Capitals
980915,2016,Hyderabad,2016-04-16,League,G Gambhir,"Rajiv Gandhi Intl Stadium, Hyderabad",Sunrisers Hyderabad,Kolkata Knight Riders,Sunrisers Hyderabad,bat,Kolkata Knight Riders,wickets,8,143,20,N,Normal,AK Chaudhary,CK Nandan,0,Sunrisers Hyderabad
980917,2016,Mumbai,2016-04-16,League,AJ Finch,"Wankhede Stadium, Mumbai",Mumbai Indians,Gujarat Lions,Gujarat Lions,field,Gujarat Lions,wickets,3,144,20,N,Normal,HDPK Dharmasena,VK Sharma,1,Mumbai Indians
980919,2016,Chandigarh,2016-04-17,League,M Vohra,"PCA IS Bindra Stadium, Mohali",Punjab Kings,Rising Pune Supergiant,Rising Pune Supergiant,bat,Punjab Kings,wickets,6,153,20,N,Normal,S Ravi,C Shamshuddin,0,Punjab Kings
980921,2016,Bangalore,2016-04-17,League,Q de Kock,"M Chinnaswamy Stadium, Bengaluru",Royal Challengers Bengaluru,Delhi Capitals,Delhi Capitals,field,Delhi Capitals,wickets,7,192,20,N,Normal,VA Kulkarni,A Nand Kishore,1,Royal Challengers Bengaluru
980923,2016,Hyderabad,2016-04-18,League,DA Warner,"Rajiv Gandhi Intl Stadium, Hyderabad",Sunrisers Hyderabad,Mumbai Indians,Sunrisers Hyderabad,field,Sunrisers Hyderabad,wickets,7,143,20,N,Normal,HDPK Dharmasena,VK Sharma,1,Sunrisers Hyderabad
980925,2016,Chandigarh,2016-04-19,League,RV Uthappa,"PCA IS Bindra Stadium, Mohali",Punjab Kings,Kolkata Knight Riders,Kolkata Knight Riders,field,Kolkata Knight Riders,wickets,6,139,20,N,Normal,S Ravi,C Shamshuddin,1,Punjab Kings
980927,2016,Mumbai,2016-04-20,League,RG Sharma,"Wankhede Stadium, Mumbai",Mumbai Indians,Royal Challengers Bengaluru,Mumbai Indians,field,Mumbai Indians,wickets,6,171,20,N,Normal,AK Chaudhary,CK Nandan,1,Mumbai Indians
980929,2016,Rajkot,2016-04-21,League,B Kumar,Saurashtra Cricket Association Stadium,Gujarat Lions,Sunrisers Hyderabad,Sunrisers Hyderabad,field,Sunrisers Hyderabad,wickets,10,136,20,N,Normal,K Bharatan,HDPK Dharmasena,1,Gujarat Lions
980931,2016,Pune,2016-04-22,League,AB de Villiers,"MCA Stadium, Pune",Rising Pune Supergiant,Royal Challengers Bengaluru,Rising Pune Supergiant,field,Royal Challengers Bengaluru,runs,13,186,20,N,Normal,CB Gaffaney,VK Sharma,0,Rising Pune Supergiant
980933,2016,Delhi,2016-04-23,League,SV Samson,"Arun Jaitley Stadium, Delhi",Delhi Capitals,Mumbai Indians,Mumbai Indians,field,Delhi Capitals,runs,10,165,20,N,Normal,S Ravi,C Shamshuddin,0,Delhi Capitals
980935,2016,Hyderabad,2016-04-23,League,Mustafizur Rahman,"Rajiv Gandhi Intl Stadium, Hyderabad",Sunrisers Hyderabad,Punjab Kings,Sunrisers Hyderabad,field,Sunrisers Hyderabad,wickets,5,144,20,N,Normal,AK Chaudhary,CK Nandan,1,Sunrisers Hyderabad
980937,2016,Rajkot,2016-04-24,League,V Kohli,Saurashtra Cricket Association Stadium,Gujarat Lions,Royal Challengers Bengaluru,Royal Challengers Bengaluru,bat,Gujarat Lions,wickets,6,181,20,N,Normal,K Bharatan,BNJ Oxenford,0,Gujarat Lions
980939,2016,Pune,2016-04-24,League,SA Yadav,"MCA Stadium, Pune",Rising Pune Supergiant,Kolkata Knight Riders,Kolkata Knight Riders,field,Kolkata Knight Riders,wickets,2,161,20,N,Normal,CB Gaffaney,A Nand Kishore,1,Rising Pune Supergiant
980941,2016,Chandigarh,2016-04-25,League,PA Patel,"PCA IS Bindra Stadium, Mohali",Punjab Kings,Mumbai Indians,Punjab Kings,field,Mumbai Indians,runs,25,190,20,N,Normal,Nitin Menon,RJ Tucker,0,Punjab Kings
980943,2016,Hyderabad,2016-04-26,League,AB Dinda,"Rajiv Gandhi Intl Stadium, Hyderabad",Sunrisers Hyderabad,Rising Pune Supergiant,Rising Pune Supergiant,field,Rising Pune Supergiant,runs,34,61,11,N,D/L,AY Dandekar,CK Nandan,1,Sunrisers Hyderabad
980945,2016,Delhi,2016-04-27,League,CH Morris,"Arun Jaitley Stadium, Delhi",Delhi Capitals,Gujarat Lions,Delhi Capitals,field,Gujarat Lions,runs,1,173,20,N,Normal,M Erasmus,S Ravi,0,Delhi Capitals
980947,2016,Mumbai,2016-04-28,League,RG Sharma,"Wankhede Stadium, Mumbai",Mumbai Indians,Kolkata Knight Riders,Mumbai Indians,field,Mumbai Indians,wickets,6,175,20,N,Normal,Nitin Menon,RJ Tucker,1,Mumbai Indians
980949,2016,Pune,2016-04-29,League,DR Smith,"MCA Stadium, Pune",Rising Pune Supergiant,Gujarat Lions,Gujarat Lions,field,Gujarat Lions,wickets,3,196,20,N,Normal,CB Gaffaney,BNJ Oxenford,1,Rising Pune Supergiant
980951,2016,Delhi,2016-04-30,League,CR Brathwaite,"Arun Jaitley Stadium, Delhi",Delhi Capitals,Kolkata Knight Riders,Kolkata Knight Riders,field,Delhi Capitals,runs,27,187,20,N,Normal,KN Ananthapadmanabhan,M Erasmus,0,Delhi Capitals
980953,2016,Hyderabad,2016-04-30,League,DA Warner,"Rajiv Gandhi Intl Stadium, Hyderabad",Sunrisers Hyderabad,Royal Challengers Bengaluru,Royal Challengers Bengaluru,field,Sunrisers Hyderabad,runs,15,195,20,N,Normal,AK Chaudhary,HDPK Dharmasena,0,Sunrisers Hyderabad
980955,2016,Rajkot,2016-05-01,League,AR Patel,Saurashtra Cricket Association Stadium,Gujarat Lions,Punjab Kings,Gujarat Lions,field,Punjab Kings,runs,23,155,20,N,Normal,BNJ Oxenford,VK Sharma,0,Gujarat Lions
980957,2016,Pune,2016-05-01,League,RG Sharma,"MCA Stadium, Pune",Rising Pune Supergiant,Mumbai Indians,Mumbai Indians,field,Mumbai Indians,wickets,8,160,20,N,Normal,AY Dandekar,RJ Tucker,1,Rising Pune Supergiant
980959,2016,Bangalore,2016-05-02,League,AD Russell,"M Chinnaswamy Stadium, Bengaluru",Royal Challengers Bengaluru,Kolkata Knight Riders,Kolkata Knight Riders,field,Kolkata Knight Riders,wickets,5,186,20,N,Normal,M Erasmus,S Ravi,1,Royal Challengers Bengaluru
980961,2016,Rajkot,2016-05-03,League,RR Pant,Saurashtra Cricket Association Stadium,Gujarat Lions,Delhi Capitals,Delhi Capitals,field,Delhi Capitals,wickets,8,150,20,N,Normal,CB Gaffaney,BNJ Oxenford,1,Gujarat Lions
980963,2016,Kolkata,2016-05-04,League,AD Russell,"Eden Gardens, Kolkata",Kolkata Knight Riders,Punjab Kings,Punjab Kings,field,Kolkata Knight Riders,runs,7,165,20,N,Normal,AK Chaudhary,HDPK Dharmasena,0,Kolkata Knight Riders
980965,2016,Delhi,2016-05-05,League,AM Rahane,"Arun Jaitley Stadium, Delhi",Delhi Capitals,Rising Pune Supergiant,Rising Pune Supergiant,field,Rising Pune Supergiant,wickets,7,163,20,N,Normal,C Shamshuddin,RJ Tucker,1,Delhi Capitals
980967,2016,Hyderabad,2016-05-06,League,B Kumar,"Rajiv Gandhi Intl Stadium, Hyderabad",Sunrisers Hyderabad,Gujarat Lions,Sunrisers Hyderabad,field,Sunrisers Hyderabad,wickets,5,127,20,N,Normal,M Erasmus,S Ravi,1,Sunrisers Hyderabad
980969,2016,Bangalore,2016-05-07,League,V Kohli,"M Chinnaswamy Stadium, Bengaluru",Royal Challengers Bengaluru,Rising Pune Supergiant,Royal Challengers Bengaluru,field,Royal Challengers Bengaluru,wickets,7,192,20,N,Normal,CB Gaffaney,BNJ Oxenford,1,Royal Challengers Bengaluru
980971,2016,Chandigarh,2016-05-07,League,MP Stoinis,"PCA IS Bindra Stadium, Mohali",Punjab Kings,Delhi Capitals,Delhi Capitals,field,Punjab Kings,runs,9,182,20,N,Normal,HDPK Dharmasena,CK Nandan,0,Punjab Kings
980973,2016,Visakhapatnam,2016-05-08,League,A Nehra,"ACA-VDCA Stadium, Visakhapatnam",Mumbai Indians,Sunrisers Hyderabad,Mumbai Indians,field,Sunrisers Hyderabad,runs,85,178,20,N,Normal,S Ravi,C Shamshuddin,0,Mumbai Indians
980975,2016,Kolkata,2016-05-08,League,P Kumar,"Eden Gardens, Kolkata",Kolkata Knight Riders,Gujarat Lions,Gujarat Lions,field,Gujarat Lions,wickets,5,159,20,N,Normal,M Erasmus,RJ Tucker,1,Kolkata Knight Riders
980977,2016,Chandigarh,2016-05-09,League,SR Watson,"PCA IS Bindra Stadium, Mohali",Punjab Kings,Royal Challengers Bengaluru,Punjab Kings,field,Royal Challengers Bengaluru,runs,1,176,20,N,Normal,AK Chaudhary,HDPK Dharmasena,0,Punjab Kings
980979,2016,Visakhapatnam,2016-05-10,League,A Zampa,"ACA-VDCA Stadium, Visakhapatnam",Rising Pune Supergiant,Sunrisers Hyderabad,Sunrisers Hyderabad,bat,Sunrisers Hyderabad,runs,4,138,20,N,Normal,CB Gaffaney,VK Sharma,1,Rising Pune Supergiant
980981,2016,Bangalore,2016-05-11,League,KH Pandya,"M Chinnaswamy Stadium, Bengaluru",Royal Challengers Bengaluru,Mumbai Indians,Mumbai Indians,field,Mumbai Indians,wickets,6,152,20,N,Normal,AY Dandekar,C Shamshuddin,1,Royal Challengers Bengaluru
980983,2016,Hyderabad,2016-05-12,League,CH Morris,"Rajiv Gandhi Intl Stadium, Hyderabad",Sunrisers Hyderabad,Delhi Capitals,Delhi Capitals,field,Delhi Capitals,wickets,7,147,20,N,Normal,K Bharatan,M Erasmus,1,Sunrisers Hyderabad
980985,2016,Visakhapatnam,2016-05-13,League,MP Stoinis,"ACA-VDCA Stadium, Visakhapatnam",Mumbai Indians,Punjab Kings,Mumbai Indians,bat,Punjab Kings,wickets,7,125,20,N,Normal,HDPK Dharmasena,CK Nandan,0,Mumbai Indians
980987,2016,Bangalore,2016-05-14,League,AB de Villiers,"M Chinnaswamy Stadium, Bengaluru",Royal Challengers Bengaluru,Gujarat Lions,Gujarat Lions,field,Royal Challengers Bengaluru,runs,144,249,20,N,Normal,AY Dandekar,VK Sharma,0,Royal Challengers Bengaluru
980989,2016,Kolkata,2016-05-14,League,YK Pathan,"Eden Gardens, Kolkata",Kolkata Knight Riders,Rising Pune Supergiant,Rising Pune Supergiant,bat,Kolkata Knight Riders,wickets,8,66,9,N,D/L,A Nand Kishore,BNJ Oxenford,0,Kolkata Knight Riders
980991,2016,Chandigarh,2016-05-15,League,HM Amla,"PCA IS Bindra Stadium, Mohali",Punjab Kings,Sunrisers Hyderabad,Punjab Kings,bat,Sunrisers Hyderabad,wickets,7,180,20,N,Normal,KN Ananthapadmanabhan,M Erasmus,0,Punjab Kings
980993,2016,Visakhapatnam,2016-05-15,League,KH Pandya,"ACA-VDCA Stadium, Visakhapatnam",Mumbai Indians,Delhi Capitals,Delhi Capitals,field,Mumbai Indians,runs,80,207,20,N,Normal,Nitin Menon,CK Nandan,0,Mumbai Indians
980995,2016,Kolkata,2016-05-16,League,V Kohli,"Eden Gardens, Kolkata",Kolkata Knight Riders,Royal Challengers Bengaluru,Royal Challengers Bengaluru,field,Royal Challengers Bengaluru,wickets,9,184,20,N,Normal,CB Gaffaney,A Nand Kishore,1,Kolkata Knight Riders
980997,2016,Visakhapatnam,2016-05-17,League,AB Dinda,"ACA-VDCA Stadium, Visakhapatnam",Rising Pune Supergiant,Delhi Capitals,Rising Pune Supergiant,field,Rising Pune Supergiant,runs,19,58,11,N,D/L,Nitin Menon,C Shamshuddin,1,Rising Pune Supergiant
980999,2016,Bangalore,2016-05-18,League,V Kohli,"M Chinnaswamy Stadium, Bengaluru",Royal Challengers Bengaluru,Punjab Kings,Punjab Kings,field,Royal Challengers Bengaluru,runs,82,203,14,N,D/L,KN Ananthapadmanabhan,M Erasmus,0,Royal Challengers Bengaluru
981001,2016,Kanpur,2016-05-19,League,DR Smith,Green Park,Gujarat Lions,Kolkata Knight Riders,Gujarat Lions,field,Gujarat Lions,wickets,6,125,20,N,Normal,AK Chaudhary,CK Nandan,1,Gujarat Lions
981003,2016,Raipur,2016-05-20,League,KK Nair,Shaheed Veer Narayan Singh International Stadium,Delhi Capitals,Sunrisers Hyderabad,Delhi Capitals,field,Delhi Capitals,wickets,6,159,20,N,Normal,A Nand Kishore,BNJ Oxenford,1,Delhi Capitals
981005,2016,Visakhapatnam,2016-05-21,League,MS Dhoni,"ACA-VDCA Stadium, Visakhapatnam",Rising Pune Supergiant,Punjab Kings,Punjab Kings,bat,Rising Pune Supergiant,wickets,4,173,20,N,Normal,HDPK Dharmasena,Nitin Menon,0,Rising Pune Supergiant
981007,2016,Kanpur,2016-05-21,League,SK Raina,Green Park,Gujarat Lions,Mumbai Indians,Gujarat Lions,field,Gujarat Lions,wickets,6,173,20,N,Normal,AK Chaudhary,CK Nandan,1,Gujarat Lions
981009,2016,Kolkata,2016-05-22,League,YK Pathan,"Eden Gardens, Kolkata",Kolkata Knight Riders,Sunrisers Hyderabad,Sunrisers Hyderabad,field,Kolkata Knight Riders,runs,22,172,20,N,Normal,KN Ananthapadmanabhan,M Erasmus,0,Kolkata Knight Riders
981011,2016,Raipur,2016-05-22,League,V Kohli,Shaheed Veer Narayan Singh International Stadium,Delhi Capitals,Royal Challengers Bengaluru,Royal Challengers Bengaluru,field,Royal Challengers Bengaluru,wickets,6,139,20,N,Normal,A Nand Kishore,BNJ Oxenford,1,Delhi Capitals
981013,2016,Bangalore,2016-05-24,Qualifier 1,AB de Villiers,"M Chinnaswamy Stadium, Bengaluru",Gujarat Lions,Royal Challengers Bengaluru,Royal Challengers Bengaluru,field,Royal Challengers Bengaluru,wickets,4,159,20,N,Normal,AK Chaudhary,HDPK Dharmasena,1,Gujarat Lions
981015,2016,Delhi,2016-05-25,Elimination Final,MC Henriques,"Arun Jaitley Stadium, Delhi",Sunrisers Hyderabad,Kolkata Knight Riders,Kolkata Knight Riders,field,Sunrisers Hyderabad,runs,22,163,20,N,Normal,M Erasmus,C Shamshuddin,0,Sunrisers Hyderabad
981017,2016,Delhi,2016-05-27,Qualifier 2,DA Warner,"Arun Jaitley Stadium, Delhi",Gujarat Lions,Sunrisers Hyderabad,Sunrisers Hyderabad,field,Sunrisers Hyderabad,wickets,4,163,20,N,Normal,M Erasmus,CK Nandan,1,Gujarat Lions
981019,2016,Bangalore,2016-05-29,Final,BCJ Cutting,"M Chinnaswamy Stadium, Bengaluru",Royal Challengers Bengaluru,Sunrisers Hyderabad,Sunrisers Hyderabad,bat,Sunrisers Hyderabad,runs,8,209,20,N,Normal,HDPK Dharmasena,BNJ Oxenford,1,Royal Challengers Bengaluru
1082591,2017,Hyderabad,2017-04-05,League,Yuvraj Singh,"Rajiv Gandhi Intl Stadium, Hyderabad",Sunrisers Hyderabad,Royal Challengers Bengaluru,Royal Challengers Bengaluru,field,Sunrisers Hyderabad,runs,35,208,20,N,Normal,AY Dandekar,NJ Llong,0,Sunrisers Hyderabad
1082592,2017,Pune,2017-04-06,League,SPD Smith,"MCA Stadium, Pune",Rising Pune Supergiant,Mumbai Indians,Rising Pune Supergiant,field,Rising Pune Supergiant,wickets,7,185,20,N,Normal,A Nand Kishore,S Ravi,1,Rising Pune Supergiant
1082593,2017,Rajkot,2017-04-07,League,CA Lynn,Saurashtra Cricket Association Stadium,Gujarat Lions,Kolkata Knight Riders,Kolkata Knight Riders,field,Kolkata Knight Riders,wickets,10,184,20,N,Normal,Nitin Menon,CK Nandan,1,Gujarat Lions
1082594,2017,Indore,2017-04-08,League,GJ Maxwell,Holkar Cricket Stadium,Punjab Kings,Rising Pune Supergiant,Punjab Kings,field,Punjab Kings,wickets,6,164,20,N,Normal,AK Chaudhary,C Shamshuddin,1,Punjab Kings
1082595,2017,Bengaluru,2017-04-08,League,KM Jadhav,"M Chinnaswamy Stadium, Bengaluru",Royal Challengers Bengaluru,Delhi Capitals,Royal Challengers Bengaluru,bat,Royal Challengers Bengaluru,runs,15,158,20,N,Normal,S Ravi,VK Sharma,1,Royal Challengers Bengaluru
1082596,2017,Hyderabad,2017-04-09,League,Rashid Khan,"Rajiv Gandhi Intl Stadium, Hyderabad",Sunrisers Hyderabad,Gujarat Lions,Sunrisers Hyderabad,field,Sunrisers Hyderabad,wickets,9,136,20,N,Normal,A Deshmukh,NJ Llong,1,Sunrisers Hyderabad
1082597,2017,Mumbai,2017-04-09,League,N Rana,"Wankhede Stadium, Mumbai",Mumbai Indians,Kolkata Knight Riders,Mumbai Indians,field,Mumbai Indians,wickets,4,179,20,N,Normal,Nitin Menon,CK Nandan,1,Mumbai Indians
1082598,2017,Indore,2017-04-10,League,AR Patel,Holkar Cricket Stadium,Punjab Kings,Royal Challengers Bengaluru,Royal Challengers Bengaluru,bat,Punjab Kings,wickets,8,149,20,N,Normal,AK Chaudhary,C Shamshuddin,0,Punjab Kings
1082599,2017,Pune,2017-04-11,League,SV Samson,"MCA Stadium, Pune",Rising Pune Supergiant,Delhi Capitals,Rising Pune Supergiant,field,Delhi Capitals,runs,97,206,20,N,Normal,AY Dandekar,S Ravi,0,Rising Pune Supergiant
1082600,2017,Mumbai,2017-04-12,League,JJ Bumrah,"Wankhede Stadium, Mumbai",Mumbai Indians,Sunrisers Hyderabad,Mumbai Indians,field,Mumbai Indians,wickets,4,159,20,N,Normal,Nitin Menon,CK Nandan,1,Mumbai Indians
1082601,2017,Kolkata,2017-04-13,League,SP Narine,"Eden Gardens, Kolkata",Kolkata Knight Riders,Punjab Kings,Kolkata Knight Riders,field,Kolkata Knight Riders,wickets,8,171,20,N,Normal,A Deshmukh,NJ Llong,1,Kolkata Knight Riders
1082602,2017,Bangalore,2017-04-14,League,KA Pollard,"M Chinnaswamy Stadium, Bengaluru",Royal Challengers Bengaluru,Mumbai Indians,Mumbai Indians,field,Mumbai Indians,wickets,4,143,20,N,Normal,KN Ananthapadmanabhan,AK Chaudhary,1,Royal Challengers Bengaluru
1082603,2017,Rajkot,2017-04-14,League,AJ Tye,Saurashtra Cricket Association Stadium,Gujarat Lions,Rising Pune Supergiant,Gujarat Lions,field,Gujarat Lions,wickets,7,172,20,N,Normal,A Nand Kishore,S Ravi,1,Gujarat Lions
1082604,2017,Kolkata,2017-04-15,League,RV Uthappa,"Eden Gardens, Kolkata",Kolkata Knight Riders,Sunrisers Hyderabad,Sunrisers Hyderabad,field,Kolkata Knight Riders,runs,17,173,20,N,Normal,AY Dandekar,NJ Llong,0,Kolkata Knight Riders
1082605,2017,Delhi,2017-04-15,League,CJ Anderson,"Arun Jaitley Stadium, Delhi",Delhi Capitals,Punjab Kings,Delhi Capitals,bat,Delhi Capitals,runs,51,189,20,N,Normal,YC Barde,Nitin Menon,1,Delhi Capitals
1082606,2017,Mumbai,2017-04-16,League,N Rana,"Wankhede Stadium, Mumbai",Mumbai Indians,Gujarat Lions,Mumbai Indians,field,Mumbai Indians,wickets,6,177,20,N,Normal,A Nand Kishore,S Ravi,1,Mumbai Indians
1082607,2017,Bangalore,2017-04-16,League,BA Stokes,"M Chinnaswamy Stadium, Bengaluru",Royal Challengers Bengaluru,Rising Pune Supergiant,Royal Challengers Bengaluru,field,Rising Pune Supergiant,runs,27,162,20,N,Normal,KN Ananthapadmanabhan,C Shamshuddin,0,Royal Challengers Bengaluru
1082608,2017,Delhi,2017-04-17,League,NM Coulter-Nile,"Arun Jaitley Stadium, Delhi",Delhi Capitals,Kolkata Knight Riders,Delhi Capitals,bat,Kolkata Knight Riders,wickets,4,169,20,N,Normal,Nitin Menon,CK Nandan,0,Delhi Capitals
1082609,2017,Hyderabad,2017-04-17,League,B Kumar,"Rajiv Gandhi Intl Stadium, Hyderabad",Sunrisers Hyderabad,Punjab Kings,Punjab Kings,field,Sunrisers Hyderabad,runs,5,160,20,N,Normal,AY Dandekar,A Deshmukh,0,Sunrisers Hyderabad
1082610,2017,Rajkot,2017-04-18,League,CH Gayle,Saurashtra Cricket Association Stadium,Gujarat Lions,Royal Challengers Bengaluru,Gujarat Lions,field,Royal Challengers Bengaluru,runs,21,214,20,N,Normal,S Ravi,VK Sharma,0,Gujarat Lions
1082611,2017,Hyderabad,2017-04-19,League,KS Williamson,"Rajiv Gandhi Intl Stadium, Hyderabad",Sunrisers Hyderabad,Delhi Capitals,Sunrisers Hyderabad,bat,Sunrisers Hyderabad,runs,15,192,20,N,Normal,CB Gaffaney,NJ Llong,1,Sunrisers Hyderabad
1082612,2017,Indore,2017-04-20,League,JC Buttler,Holkar Cricket Stadium,Punjab Kings,Mumbai Indians,Mumbai Indians,field,Mumbai Indians,wickets,8,199,20,N,Normal,M Erasmus,C Shamshuddin,1,Punjab Kings
1082613,2017,Kolkata,2017-04-21,League,SK Raina,"Eden Gardens, Kolkata",Kolkata Knight Riders,Gujarat Lions,Gujarat Lions,field,Gujarat Lions,wickets,4,188,20,N,Normal,CB Gaffaney,Nitin Menon,1,Kolkata Knight Riders
1082614,2017,Mumbai,2017-04-22,League,MJ McClenaghan,"Wankhede Stadium, Mumbai",Mumbai Indians,Delhi Capitals,Delhi Capitals,field,Mumbai Indians,runs,14,143,20,N,Normal,A Nand Kishore,S Ravi,0,Mumbai Indians
1082615,2017,Pune,2017-04-22,League,MS Dhoni,"MCA Stadium, Pune",Rising Pune Supergiant,Sunrisers Hyderabad,Rising Pune Supergiant,field,Rising Pune Supergiant,wickets,6,177,20,N,Normal,AY Dandekar,A Deshmukh,1,Rising Pune Supergiant
1082616,2017,Rajkot,2017-04-23,League,HM Amla,Saurashtra Cricket Association Stadium,Gujarat Lions,Punjab Kings,Gujarat Lions,field,Punjab Kings,runs,26,189,20,N,Normal,AK Chaudhary,M Erasmus,0,Gujarat Lions
1082617,2017,Kolkata,2017-04-23,League,NM Coulter-Nile,"Eden Gardens, Kolkata",Kolkata Knight Riders,Royal Challengers Bengaluru,Royal Challengers Bengaluru,field,Kolkata Knight Riders,runs,82,132,20,N,Normal,CB Gaffaney,CK Nandan,0,Kolkata Knight Riders
1082618,2017,Mumbai,2017-04-24,League,BA Stokes,"Wankhede Stadium, Mumbai",Mumbai Indians,Rising Pune Supergiant,Mumbai Indians,field,Rising Pune Supergiant,runs,3,161,20,N,Normal,A Nand Kishore,S Ravi,0,Mumbai Indians
1082620,2017,Pune,2017-04-26,League,RV Uthappa,"MCA Stadium, Pune",Rising Pune Supergiant,Kolkata Knight Riders,Kolkata Knight Riders,field,Kolkata Knight Riders,wickets,7,183,20,N,Normal,AY Dandekar,NJ Llong,1,Rising Pune Supergiant
1082621,2017,Bangalore,2017-04-27,League,AJ Tye,"M Chinnaswamy Stadium, Bengaluru",Royal Challengers Bengaluru,Gujarat Lions,Gujarat Lions,field,Gujarat Lions,wickets,7,135,20,N,Normal,AK Chaudhary,C Shamshuddin,1,Royal Challengers Bengaluru
1082622,2017,Kolkata,2017-04-28,League,G Gambhir,"Eden Gardens, Kolkata",Kolkata Knight Riders,Delhi Capitals,Kolkata Knight Riders,field,Kolkata Knight Riders,wickets,7,161,20,N,Normal,NJ Llong,S Ravi,1,Kolkata Knight Riders
1082623,2017,Chandigarh,2017-04-28,League,Rashid Khan,"PCA IS Bindra Stadium, Mohali",Punjab Kings,Sunrisers Hyderabad,Punjab Kings,field,Sunrisers Hyderabad,runs,26,208,20,N,Normal,Nitin Menon,CK Nandan,0,Punjab Kings
1082624,2017,Pune,2017-04-29,League,LH Ferguson,"MCA Stadium, Pune",Rising Pune Supergiant,Royal Challengers Bengaluru,Royal Challengers Bengaluru,field,Rising Pune Supergiant,runs,61,158,20,N,Normal,KN Ananthapadmanabhan,M Erasmus,0,Rising Pune Supergiant
1082625,2017,Rajkot,2017-04-29,League,KH Pandya,Saurashtra Cricket Association Stadium,Gujarat Lions,Mumbai Indians,Gujarat Lions,bat,Mumbai Indians,tie,0,154,20,Y,Normal,AK Chaudhary,CB Gaffaney,0,Gujarat Lions
1082626,2017,Chandigarh,2017-04-30,League,Sandeep Sharma,"PCA IS Bindra Stadium, Mohali",Punjab Kings,Delhi Capitals,Punjab Kings,field,Punjab Kings,wickets,10,68,20,N,Normal,YC Barde,CK Nandan,1,Punjab Kings
1082627,2017,Hyderabad,2017-04-30,League,DA Warner,"Rajiv Gandhi Intl Stadium, Hyderabad",Sunrisers Hyderabad,Kolkata Knight Riders,Kolkata Knight Riders,field,Sunrisers Hyderabad,runs,48,210,20,N,Normal,AY Dandekar,S Ravi,0,Sunrisers Hyderabad
1082628,2017,Mumbai,2017-05-01,League,RG Sharma,"Wankhede Stadium, Mumbai",Mumbai Indians,Royal Challengers Bengaluru,Royal Challengers Bengaluru,bat,Mumbai Indians,wickets,5,163,20,N,Normal,AK Chaudhary,CB Gaffaney,0,Mumbai Indians
1082629,2017,Pune,2017-05-01,League,BA Stokes,"MCA Stadium, Pune",Rising Pune Supergiant,Gujarat Lions,Rising Pune Supergiant,field,Rising Pune Supergiant,wickets,5,162,20,N,Normal,M Erasmus,C Shamshuddin,1,Rising Pune Supergiant
1082630,2017,Delhi,2017-05-02,League,Mohammed Shami,"Arun Jaitley Stadium, Delhi",Delhi Capitals,Sunrisers Hyderabad,Delhi Capitals,field,Delhi Capitals,wickets,6,186,20,N,Normal,YC Barde,Nitin Menon,1,Delhi Capitals
1082631,2017,Kolkata,2017-05-03,League,RA Tripathi,"Eden Gardens, Kolkata",Kolkata Knight Riders,Rising Pune Supergiant,Rising Pune Supergiant,field,Rising Pune Supergiant,wickets,4,156,20,N,Normal,KN Ananthapadmanabhan,A Nand Kishore,1,Kolkata Knight Riders
1082632,2017,Delhi,2017-05-04,League,RR Pant,"Arun Jaitley Stadium, Delhi",Delhi Capitals,Gujarat Lions,Delhi Capitals,field,Delhi Capitals,wickets,7,209,20,N,Normal,M Erasmus,Nitin Menon,1,Delhi Capitals
1082633,2017,Bangalore,2017-05-05,League,Sandeep Sharma,"M Chinnaswamy Stadium, Bengaluru",Royal Challengers Bengaluru,Punjab Kings,Royal Challengers Bengaluru,field,Punjab Kings,runs,19,139,20,N,Normal,CB Gaffaney,C Shamshuddin,0,Royal Challengers Bengaluru
1082634,2017,Hyderabad,2017-05-06,League,JD Unadkat,"Rajiv Gandhi Intl Stadium, Hyderabad",Sunrisers Hyderabad,Rising Pune Supergiant,Sunrisers Hyderabad,field,Rising Pune Supergiant,runs,12,149,20,N,Normal,KN Ananthapadmanabhan,AK Chaudhary,0,Sunrisers Hyderabad
1082635,2017,Delhi,2017-05-06,League,LMP Simmons,"Arun Jaitley Stadium, Delhi",Delhi Capitals,Mumbai Indians,Delhi Capitals,field,Mumbai Indians,runs,146,213,20,N,Normal,Nitin Menon,CK Nandan,0,Delhi Capitals
1082636,2017,Bangalore,2017-05-07,League,SP Narine,"M Chinnaswamy Stadium, Bengaluru",Royal Challengers Bengaluru,Kolkata Knight Riders,Kolkata Knight Riders,field,Kolkata Knight Riders,wickets,6,159,20,N,Normal,AY Dandekar,C Shamshuddin,1,Royal Challengers Bengaluru
1082637,2017,Chandigarh,2017-05-07,League,DR Smith,"PCA IS Bindra Stadium, Mohali",Punjab Kings,Gujarat Lions,Gujarat Lions,field,Gujarat Lions,wickets,6,190,20,N,Normal,A Nand Kishore,VK Sharma,1,Punjab Kings
1082638,2017,Hyderabad,2017-05-08,League,S Dhawan,"Rajiv Gandhi Intl Stadium, Hyderabad",Sunrisers Hyderabad,Mumbai Indians,Mumbai Indians,bat,Sunrisers Hyderabad,wickets,7,139,20,N,Normal,KN Ananthapadmanabhan,M Erasmus,0,Sunrisers Hyderabad
1082639,2017,Chandigarh,2017-05-09,League,MM Sharma,"PCA IS Bindra Stadium, Mohali",Punjab Kings,Kolkata Knight Riders,Kolkata Knight Riders,field,Punjab Kings,runs,14,168,20,N,Normal,A Nand Kishore,S Ravi,0,Punjab Kings
1082640,2017,Kanpur,2017-05-10,League,SS Iyer,Green Park,Gujarat Lions,Delhi Capitals,Delhi Capitals,field,Delhi Capitals,wickets,2,196,20,N,Normal,YC Barde,AK Chaudhary,1,Gujarat Lions
1082641,2017,Mumbai,2017-05-11,League,WP Saha,"Wankhede Stadium, Mumbai",Mumbai Indians,Punjab Kings,Mumbai Indians,field,Punjab Kings,runs,7,231,20,N,Normal,A Deshmukh,A Nand Kishore,0,Mumbai Indians
1082642,2017,Delhi,2017-05-12,League,KK Nair,"Arun Jaitley Stadium, Delhi",Delhi Capitals,Rising Pune Supergiant,Delhi Capitals,bat,Delhi Capitals,runs,7,169,20,N,Normal,KN Ananthapadmanabhan,CK Nandan,1,Delhi Capitals
1082643,2017,Kanpur,2017-05-13,League,Mohammed Siraj,Green Park,Gujarat Lions,Sunrisers Hyderabad,Sunrisers Hyderabad,field,Sunrisers Hyderabad,wickets,8,155,20,N,Normal,AK Chaudhary,Nitin Menon,1,Gujarat Lions
1082644,2017,Kolkata,2017-05-13,League,AT Rayudu,"Eden Gardens, Kolkata",Kolkata Knight Riders,Mumbai Indians,Kolkata Knight Riders,field,Mumbai Indians,runs,9,174,20,N,Normal,A Nand Kishore,S Ravi,0,Kolkata Knight Riders
1082645,2017,Pune,2017-05-14,League,JD Unadkat,"MCA Stadium, Pune",Rising Pune Supergiant,Punjab Kings,Rising Pune Supergiant,field,Rising Pune Supergiant,wickets,9,74,20,N,Normal,AY Dandekar,A Deshmukh,1,Rising Pune Supergiant
1082646,2017,Delhi,2017-05-14,League,HV Patel,"Arun Jaitley Stadium, Delhi",Delhi Capitals,Royal Challengers Bengaluru,Royal Challengers Bengaluru,bat,Royal Challengers Bengaluru,runs,10,162,20,N,Normal,CK Nandan,C Shamshuddin,1,Delhi Capitals
1082647,2017,Mumbai,2017-05-16,Qualifier 1,Washington Sundar,"Wankhede Stadium, Mumbai",Mumbai Indians,Rising Pune Supergiant,Mumbai Indians,field,Rising Pune Supergiant,runs,20,163,20,N,Normal,S Ravi,C Shamshuddin,0,Mumbai Indians
1082648,2017,Bangalore,2017-05-17,Eliminator,NM Coulter-Nile,"M Chinnaswamy Stadium, Bengaluru",Sunrisers Hyderabad,Kolkata Knight Riders,Kolkata Knight Riders,field,Kolkata Knight Riders,wickets,7,48,6,N,D/L,AK Chaudhary,Nitin Menon,1,Sunrisers Hyderabad
1082649,2017,Bangalore,2017-05-19,Qualifier 2,KV Sharma,"M Chinnaswamy Stadium, Bengaluru",Mumbai Indians,Kolkata Knight Riders,Mumbai Indians,field,Mumbai Indians,wickets,6,108,20,N,Normal,NJ Llong,Nitin Menon,1,Mumbai Indians
1082650,2017,Hyderabad,2017-05-21,Final,KH Pandya,"Rajiv Gandhi Intl Stadium, Hyderabad",Mumbai Indians,Rising Pune Supergiant,Mumbai Indians,bat,Mumbai Indians,runs,1,130,20,N,Normal,NJ Llong,S Ravi,1,Mumbai Indians
1136561,2018,Mumbai,2018-04-07,League,DJ Bravo,"Wankhede Stadium, Mumbai",Mumbai Indians,Chennai Super Kings,Chennai Super Kings,field,Chennai Super Kings,wickets,1,166,20,N,Normal,CB Gaffaney,A Nand Kishore,1,Mumbai Indians
1136562,2018,Chandigarh,2018-04-08,League,KL Rahul,"PCA IS Bindra Stadium, Mohali",Delhi Capitals,Punjab Kings,Punjab Kings,field,Punjab Kings,wickets,6,167,20,N,Normal,KN Ananthapadmanabhan,RJ Tucker,1,Delhi Capitals
1136563,2018,Kolkata,2018-04-08,League,SP Narine,"Eden Gardens, Kolkata",Royal Challengers Bengaluru,Kolkata Knight Riders,Kolkata Knight Riders,field,Kolkata Knight Riders,wickets,4,177,20,N,Normal,A Deshmukh,C Shamshuddin,1,Royal Challengers Bengaluru
1136564,2018,Hyderabad,2018-04-09,League,S Dhawan,"Rajiv Gandhi Intl Stadium, Hyderabad",Rajasthan Royals,Sunrisers Hyderabad,Sunrisers Hyderabad,field,Sunrisers Hyderabad,wickets,9,126,20,N,Normal,NJ Llong,VA Kulkarni,1,Rajasthan Royals
1136565,2018,Chennai,2018-04-10,League,SW Billings,"MA Chidambaram Stadium, Chennai",Kolkata Knight Riders,Chennai Super Kings,Chennai Super Kings,field,Chennai Super Kings,wickets,5,203,20,N,Normal,AK Chaudhary,CB Gaffaney,1,Kolkata Knight Riders
1136566,2018,Jaipur,2018-04-11,League,SV Samson,"Sawai Mansingh Stadium, Jaipur",Rajasthan Royals,Delhi Capitals,Delhi Capitals,field,Rajasthan Royals,runs,10,71,6,N,D/L,KN Ananthapadmanabhan,Nitin Menon,0,Rajasthan Royals
1136567,2018,Hyderabad,2018-04-12,League,Rashid Khan,"Rajiv Gandhi Intl Stadium, Hyderabad",Mumbai Indians,Sunrisers Hyderabad,Sunrisers Hyderabad,field,Sunrisers Hyderabad,wickets,1,148,20,N,Normal,CK Nandan,NJ Llong,1,Mumbai Indians
1136568,2018,Bengaluru,2018-04-13,League,UT Yadav,"M Chinnaswamy Stadium, Bengaluru",Punjab Kings,Royal Challengers Bengaluru,Royal Challengers Bengaluru,field,Royal Challengers Bengaluru,wickets,4,156,20,N,Normal,A Deshmukh,S Ravi,1,Punjab Kings
1136569,2018,Mumbai,2018-04-14,League,JJ Roy,"Wankhede Stadium, Mumbai",Mumbai Indians,Delhi Capitals,Delhi Capitals,field,Delhi Capitals,wickets,7,195,20,N,Normal,KN Ananthapadmanabhan,Nitin Menon,1,Mumbai Indians
1136570,2018,Kolkata,2018-04-14,League,B Stanlake,"Eden Gardens, Kolkata",Kolkata Knight Riders,Sunrisers Hyderabad,Sunrisers Hyderabad,field,Sunrisers Hyderabad,wickets,5,139,20,N,Normal,AK Chaudhary,A Nand Kishore,1,Kolkata Knight Riders
1136571,2018,Bengaluru,2018-04-15,League,SV Samson,"M Chinnaswamy Stadium, Bengaluru",Rajasthan Royals,Royal Challengers Bengaluru,Royal Challengers Bengaluru,field,Rajasthan Royals,runs,19,218,20,N,Normal,C Shamshuddin,S Ravi,0,Rajasthan Royals
1136572,2018,Chandigarh,2018-04-15,League,CH Gayle,"PCA IS Bindra Stadium, Mohali",Punjab Kings,Chennai Super Kings,Chennai Super Kings,field,Punjab Kings,runs,4,198,20,N,Normal,CK Nandan,VA Kulkarni,0,Punjab Kings
1136573,2018,Kolkata,2018-04-16,League,N Rana,"Eden Gardens, Kolkata",Kolkata Knight Riders,Delhi Capitals,Delhi Capitals,field,Kolkata Knight Riders,runs,71,201,20,N,Normal,AK Chaudhary,A Nand Kishore,0,Kolkata Knight Riders
1136574,2018,Mumbai,2018-04-17,League,RG Sharma,"Wankhede Stadium, Mumbai",Mumbai Indians,Royal Challengers Bengaluru,Royal Challengers Bengaluru,field,Mumbai Indians,runs,46,214,20,N,Normal,Nitin Menon,RJ Tucker,0,Mumbai Indians
1136575,2018,Jaipur,2018-04-18,League,N Rana,"Sawai Mansingh Stadium, Jaipur",Rajasthan Royals,Kolkata Knight Riders,Kolkata Knight Riders,field,Kolkata Knight Riders,wickets,7,161,20,N,Normal,A Deshmukh,S Ravi,1,Rajasthan Royals
1136576,2018,Chandigarh,2018-04-19,League,CH Gayle,"PCA IS Bindra Stadium, Mohali",Punjab Kings,Sunrisers Hyderabad,Punjab Kings,bat,Punjab Kings,runs,15,194,20,N,Normal,AK Chaudhary,NJ Llong,1,Punjab Kings
1136577,2018,Pune,2018-04-20,League,SR Watson,"MCA Stadium, Pune",Chennai Super Kings,Rajasthan Royals,Rajasthan Royals,field,Chennai Super Kings,runs,64,205,20,N,Normal,KN Ananthapadmanabhan,Nitin Menon,0,Chennai Super Kings
1136578,2018,Kolkata,2018-04-21,League,KL Rahul,"Eden Gardens, Kolkata",Kolkata Knight Riders,Punjab Kings,Punjab Kings,field,Punjab Kings,wickets,9,125,13,N,D/L,A Deshmukh,C Shamshuddin,1,Kolkata Knight Riders
1136579,2018,Bengaluru,2018-04-21,League,AB de Villiers,"M Chinnaswamy Stadium, Bengaluru",Delhi Capitals,Royal Challengers Bengaluru,Royal Challengers Bengaluru,field,Royal Challengers Bengaluru,wickets,6,175,20,N,Normal,CB Gaffaney,CK Nandan,1,Delhi Capitals
1136580,2018,Hyderabad,2018-04-22,League,AT Rayudu,"Rajiv Gandhi Intl Stadium, Hyderabad",Chennai Super Kings,Sunrisers Hyderabad,Sunrisers Hyderabad,field,Chennai Super Kings,runs,4,183,20,N,Normal,AK Chaudhary,VA Kulkarni,0,Chennai Super Kings
1136581,2018,Jaipur,2018-04-22,League,JC Archer,"Sawai Mansingh Stadium, Jaipur",Mumbai Indians,Rajasthan Royals,Mumbai Indians,bat,Rajasthan Royals,wickets,3,168,20,N,Normal,KN Ananthapadmanabhan,RJ Tucker,0,Mumbai Indians
1136582,2018,Delhi,2018-04-23,League,AS Rajpoot,"Arun Jaitley Stadium, Delhi",Punjab Kings,Delhi Capitals,Delhi Capitals,field,Punjab Kings,runs,4,144,20,N,Normal,A Nand Kishore,CK Nandan,0,Punjab Kings
1136583,2018,Mumbai,2018-04-24,League,Rashid Khan,"Wankhede Stadium, Mumbai",Sunrisers Hyderabad,Mumbai Indians,Mumbai Indians,field,Sunrisers Hyderabad,runs,31,119,20,N,Normal,C Shamshuddin,S Ravi,0,Sunrisers Hyderabad
1136584,2018,Bengaluru,2018-04-25,League,MS Dhoni,"M Chinnaswamy Stadium, Bengaluru",Royal Challengers Bengaluru,Chennai Super Kings,Chennai Super Kings,field,Chennai Super Kings,wickets,5,206,20,N,Normal,NJ Llong,VK Sharma,1,Royal Challengers Bengaluru
1136585,2018,Hyderabad,2018-04-26,League,AS Rajpoot,"Rajiv Gandhi Intl Stadium, Hyderabad",Sunrisers Hyderabad,Punjab Kings,Punjab Kings,field,Sunrisers Hyderabad,runs,13,133,20,N,Normal,CK Nandan,YC Barde,0,Sunrisers Hyderabad
1136586,2018,Delhi,2018-04-27,League,SS Iyer,"Arun Jaitley Stadium, Delhi",Delhi Capitals,Kolkata Knight Riders,Kolkata Knight Riders,field,Delhi Capitals,runs,55,220,20,N,Normal,C Shamshuddin,S Ravi,0,Delhi Capitals
1136587,2018,Pune,2018-04-28,League,RG Sharma,"MCA Stadium, Pune",Chennai Super Kings,Mumbai Indians,Mumbai Indians,field,Mumbai Indians,wickets,8,170,20,N,Normal,CB Gaffaney,Nitin Menon,1,Chennai Super Kings
1136588,2018,Jaipur,2018-04-29,League,KS Williamson,"Sawai Mansingh Stadium, Jaipur",Sunrisers Hyderabad,Rajasthan Royals,Sunrisers Hyderabad,bat,Sunrisers Hyderabad,runs,11,152,20,N,Normal,BNJ Oxenford,A Nand Kishore,1,Sunrisers Hyderabad
1136589,2018,Bengaluru,2018-04-29,League,CA Lynn,"M Chinnaswamy Stadium, Bengaluru",Royal Challengers Bengaluru,Kolkata Knight Riders,Kolkata Knight Riders,field,Kolkata Knight Riders,wickets,6,176,20,N,Normal,AK Chaudhary,NJ Llong,1,Royal Challengers Bengaluru
1136590,2018,Pune,2018-04-30,League,SR Watson,"MCA Stadium, Pune",Chennai Super Kings,Delhi Capitals,Delhi Capitals,field,Chennai Super Kings,runs,13,212,20,N,Normal,AY Dandekar,C Shamshuddin,0,Chennai Super Kings
1136591,2018,Bengaluru,2018-05-01,League,TG Southee,"M Chinnaswamy Stadium, Bengaluru",Royal Challengers Bengaluru,Mumbai Indians,Mumbai Indians,field,Royal Challengers Bengaluru,runs,14,168,20,N,Normal,M Erasmus,Nitin Menon,0,Royal Challengers Bengaluru
1136592,2018,Delhi,2018-05-02,League,RR Pant,"Arun Jaitley Stadium, Delhi",Delhi Capitals,Rajasthan Royals,Rajasthan Royals,field,Delhi Capitals,runs,4,151,12,N,D/L,CK Nandan,VK Sharma,0,Delhi Capitals
1136593,2018,Kolkata,2018-05-03,League,SP Narine,"Eden Gardens, Kolkata",Chennai Super Kings,Kolkata Knight Riders,Kolkata Knight Riders,field,Kolkata Knight Riders,wickets,6,178,20,N,Normal,A Deshmukh,HDPK Dharmasena,1,Chennai Super Kings
1136594,2018,Indore,2018-05-04,League,SA Yadav,Holkar Cricket Stadium,Punjab Kings,Mumbai Indians,Mumbai Indians,field,Mumbai Indians,wickets,6,175,20,N,Normal,AY Dandekar,S Ravi,1,Punjab Kings
1136595,2018,Pune,2018-05-05,League,RA Jadeja,"MCA Stadium, Pune",Royal Challengers Bengaluru,Chennai Super Kings,Chennai Super Kings,field,Chennai Super Kings,wickets,6,128,20,N,Normal,Nitin Menon,YC Barde,1,Royal Challengers Bengaluru
1136596,2018,Hyderabad,2018-05-05,League,Rashid Khan,"Rajiv Gandhi Intl Stadium, Hyderabad",Delhi Capitals,Sunrisers Hyderabad,Delhi Capitals,bat,Sunrisers Hyderabad,wickets,7,164,20,N,Normal,BNJ Oxenford,CK Nandan,0,Delhi Capitals
1136597,2018,Mumbai,2018-05-06,League,HH Pandya,"Wankhede Stadium, Mumbai",Mumbai Indians,Kolkata Knight Riders,Kolkata Knight Riders,field,Mumbai Indians,runs,13,182,20,N,Normal,A Deshmukh,HDPK Dharmasena,0,Mumbai Indians
1136598,2018,Indore,2018-05-06,League,Mujeeb Ur Rahman,Holkar Cricket Stadium,Rajasthan Royals,Punjab Kings,Punjab Kings,field,Punjab Kings,wickets,6,153,20,N,Normal,C Shamshuddin,S Ravi,1,Rajasthan Royals
1136599,2018,Hyderabad,2018-05-07,League,KS Williamson,"Rajiv Gandhi Intl Stadium, Hyderabad",Sunrisers Hyderabad,Royal Challengers Bengaluru,Royal Challengers Bengaluru,field,Sunrisers Hyderabad,runs,5,147,20,N,Normal,BNJ Oxenford,VK Sharma,0,Sunrisers Hyderabad
1136600,2018,Jaipur,2018-05-08,League,JC Buttler,"Sawai Mansingh Stadium, Jaipur",Rajasthan Royals,Punjab Kings,Rajasthan Royals,bat,Rajasthan Royals,runs,15,159,20,N,Normal,M Erasmus,Nitin Menon,1,Rajasthan Royals
1136601,2018,Kolkata,2018-05-09,League,Ishan Kishan,"Eden Gardens, Kolkata",Mumbai Indians,Kolkata Knight Riders,Kolkata Knight Riders,field,Mumbai Indians,runs,102,211,20,N,Normal,KN Ananthapadmanabhan,AK Chaudhary,0,Mumbai Indians
1136602,2018,Delhi,2018-05-10,League,S Dhawan,"Arun Jaitley Stadium, Delhi",Delhi Capitals,Sunrisers Hyderabad,Delhi Capitals,bat,Sunrisers Hyderabad,wickets,9,188,20,N,Normal,AY Dandekar,C Shamshuddin,0,Delhi Capitals
1136603,2018,Jaipur,2018-05-11,League,JC Buttler,"Sawai Mansingh Stadium, Jaipur",Chennai Super Kings,Rajasthan Royals,Chennai Super Kings,bat,Rajasthan Royals,wickets,4,177,20,N,Normal,M Erasmus,YC Barde,0,Chennai Super Kings
1136604,2018,Indore,2018-05-12,League,SP Narine,Holkar Cricket Stadium,Kolkata Knight Riders,Punjab Kings,Punjab Kings,field,Kolkata Knight Riders,runs,31,246,20,N,Normal,CK Nandan,VK Sharma,0,Kolkata Knight Riders
1136605,2018,Delhi,2018-05-12,League,AB de Villiers,"Arun Jaitley Stadium, Delhi",Delhi Capitals,Royal Challengers Bengaluru,Royal Challengers Bengaluru,field,Royal Challengers Bengaluru,wickets,5,182,20,N,Normal,KN Ananthapadmanabhan,HDPK Dharmasena,1,Delhi Capitals
1136606,2018,Pune,2018-05-13,League,AT Rayudu,"MCA Stadium, Pune",Sunrisers Hyderabad,Chennai Super Kings,Chennai Super Kings,field,Chennai Super Kings,wickets,8,180,20,N,Normal,M Erasmus,YC Barde,1,Sunrisers Hyderabad
1136607,2018,Mumbai,2018-05-13,League,JC Buttler,"Wankhede Stadium, Mumbai",Mumbai Indians,Rajasthan Royals,Rajasthan Royals,field,Rajasthan Royals,wickets,7,169,20,N,Normal,Nitin Menon,S Ravi,1,Mumbai Indians
1136608,2018,Indore,2018-05-14,League,UT Yadav,Holkar Cricket Stadium,Punjab Kings,Royal Challengers Bengaluru,Royal Challengers Bengaluru,field,Royal Challengers Bengaluru,wickets,10,89,20,N,Normal,BNJ Oxenford,VK Sharma,1,Punjab Kings
1136609,2018,Kolkata,2018-05-15,League,Kuldeep Yadav,"Eden Gardens, Kolkata",Rajasthan Royals,Kolkata Knight Riders,Kolkata Knight Riders,field,Kolkata Knight Riders,wickets,6,143,20,N,Normal,AK Chaudhary,HDPK Dharmasena,1,Rajasthan Royals
1136610,2018,Mumbai,2018-05-16,League,JJ Bumrah,"Wankhede Stadium, Mumbai",Mumbai Indians,Punjab Kings,Punjab Kings,field,Mumbai Indians,runs,3,187,20,N,Normal,M Erasmus,Nitin Menon,0,Mumbai Indians
1136611,2018,Bengaluru,2018-05-17,League,AB de Villiers,"M Chinnaswamy Stadium, Bengaluru",Royal Challengers Bengaluru,Sunrisers Hyderabad,Sunrisers Hyderabad,field,Royal Challengers Bengaluru,runs,14,219,20,N,Normal,AY Dandekar,S Ravi,0,Royal Challengers Bengaluru
1136612,2018,Delhi,2018-05-18,League,HV Patel,"Arun Jaitley Stadium, Delhi",Delhi Capitals,Chennai Super Kings,Chennai Super Kings,field,Delhi Capitals,runs,34,163,20,N,Normal,HDPK Dharmasena,VA Kulkarni,0,Delhi Capitals
1136613,2018,Jaipur,2018-05-19,League,S Gopal,"Sawai Mansingh Stadium, Jaipur",Rajasthan Royals,Royal Challengers Bengaluru,Rajasthan Royals,bat,Rajasthan Royals,runs,30,165,20,N,Normal,BNJ Oxenford,VK Sharma,1,Rajasthan Royals
1136614,2018,Hyderabad,2018-05-19,League,CA Lynn,"Rajiv Gandhi Intl Stadium, Hyderabad",Sunrisers Hyderabad,Kolkata Knight Riders,Sunrisers Hyderabad,bat,Kolkata Knight Riders,wickets,5,173,20,N,Normal,AK Chaudhary,S Ravi,0,Sunrisers Hyderabad
1136615,2018,Delhi,2018-05-20,League,A Mishra,"Arun Jaitley Stadium, Delhi",Delhi Capitals,Mumbai Indians,Delhi Capitals,bat,Delhi Capitals,runs,11,175,20,N,Normal,HDPK Dharmasena,CK Nandan,1,Delhi Capitals
1136616,2018,Pune,2018-05-20,League,L Ngidi,"MCA Stadium, Pune",Punjab Kings,Chennai Super Kings,Chennai Super Kings,field,Chennai Super Kings,wickets,5,154,20,N,Normal,Nitin Menon,YC Barde,1,Punjab Kings
1136617,2018,Mumbai,2018-05-22,Qualifier 1,F du Plessis,"Wankhede Stadium, Mumbai",Sunrisers Hyderabad,Chennai Super Kings,Chennai Super Kings,field,Chennai Super Kings,wickets,2,140,20,N,Normal,C Shamshuddin,M Erasmus,1,Sunrisers Hyderabad
1136618,2018,Kolkata,2018-05-23,Eliminator,AD Russell,"Eden Gardens, Kolkata",Kolkata Knight Riders,Rajasthan Royals,Rajasthan Royals,field,Kolkata Knight Riders,runs,25,170,20,N,Normal,AK Chaudhary,Nitin Menon,0,Kolkata Knight Riders
1136619,2018,Kolkata,2018-05-25,Qualifier 2,Rashid Khan,"Eden Gardens, Kolkata",Sunrisers Hyderabad,Kolkata Knight Riders,Kolkata Knight Riders,field,Sunrisers Hyderabad,runs,14,175,20,N,Normal,HDPK Dharmasena,Nitin Menon,0,Sunrisers Hyderabad
1136620,2018,Mumbai,2018-05-27,Final,SR Watson,"Wankhede Stadium, Mumbai",Sunrisers Hyderabad,Chennai Super Kings,Chennai Super Kings,field,Chennai Super Kings,wickets,8,179,20,N,Normal,M Erasmus,S Ravi,1,Sunrisers Hyderabad
1175356,2019,Chennai,2019-03-23,League,Harbhajan Singh,"MA Chidambaram Stadium, Chennai",Royal Challengers Bengaluru,Chennai Super Kings,Chennai Super Kings,field,Chennai Super Kings,wickets,7,71,20,N,Normal,AY Dandekar,BNJ Oxenford,1,Royal Challengers Bengaluru
1175357,2019,Kolkata,2019-03-24,League,AD Russell,"Eden Gardens, Kolkata",Sunrisers Hyderabad,Kolkata Knight Riders,Kolkata Knight Riders,field,Kolkata Knight Riders,wickets,6,182,20,N,Normal,AK Chaudhary,CB Gaffaney,1,Sunrisers Hyderabad
1175358,2019,Mumbai,2019-03-24,League,RR Pant,"Wankhede Stadium, Mumbai",Delhi Capitals,Mumbai Indians,Mumbai Indians,field,Delhi Capitals,runs,37,214,20,N,Normal,S Ravi,YC Barde,0,Delhi Capitals
1175359,2019,Jaipur,2019-03-25,League,CH Gayle,"Sawai Mansingh Stadium, Jaipur",Punjab Kings,Rajasthan Royals,Rajasthan Royals,field,Punjab Kings,runs,14,185,20,N,Normal,C Shamshuddin,KN Ananthapadmanabhan,0,Punjab Kings
1175360,2019,Delhi,2019-03-26,League,SR Watson,"Arun Jaitley Stadium, Delhi",Delhi Capitals,Chennai Super Kings,Delhi Capitals,bat,Chennai Super Kings,wickets,6,148,20,N,Normal,M Erasmus,Nitin Menon,0,Delhi Capitals
1175361,2019,Kolkata,2019-03-27,League,AD Russell,"Eden Gardens, Kolkata",Kolkata Knight Riders,Punjab Kings,Punjab Kings,field,Kolkata Knight Riders,runs,28,219,20,N,Normal,AK Chaudhary,VA Kulkarni,0,Kolkata Knight Riders
1175362,2019,Bengaluru,2019-03-28,League,JJ Bumrah,"M Chinnaswamy Stadium, Bengaluru",Mumbai Indians,Royal Challengers Bengaluru,Royal Challengers Bengaluru,field,Mumbai Indians,runs,6,188,20,N,Normal,CK Nandan,S Ravi,0,Mumbai Indians
1175363,2019,Hyderabad,2019-03-29,League,Rashid Khan,"Rajiv Gandhi Intl Stadium, Hyderabad",Rajasthan Royals,Sunrisers Hyderabad,Rajasthan Royals,bat,Sunrisers Hyderabad,wickets,5,199,20,N,Normal,BNJ Oxenford,C Shamshuddin,0,Rajasthan Royals
1175364,2019,Chandigarh,2019-03-30,League,MA Agarwal,"PCA IS Bindra Stadium, Mohali",Mumbai Indians,Punjab Kings,Punjab Kings,field,Punjab Kings,wickets,8,177,20,N,Normal,CB Gaffaney,VA Kulkarni,1,Mumbai Indians
1175365,2019,Delhi,2019-03-30,League,PP Shaw,"Arun Jaitley Stadium, Delhi",Kolkata Knight Riders,Delhi Capitals,Delhi Capitals,field,Delhi Capitals,tie,0,186,20,Y,Normal,AY Dandekar,Nitin Menon,1,Kolkata Knight Riders
1175366,2019,Hyderabad,2019-03-31,League,JM Bairstow,"Rajiv Gandhi Intl Stadium, Hyderabad",Sunrisers Hyderabad,Royal Challengers Bengaluru,Royal Challengers Bengaluru,field,Sunrisers Hyderabad,runs,118,232,20,N,Normal,KN Ananthapadmanabhan,S Ravi,0,Sunrisers Hyderabad
1175367,2019,Chennai,2019-03-31,League,MS Dhoni,"MA Chidambaram Stadium, Chennai",Chennai Super Kings,Rajasthan Royals,Rajasthan Royals,field,Chennai Super Kings,runs,8,176,20,N,Normal,CK Nandan,YC Barde,0,Chennai Super Kings
1175368,2019,Chandigarh,2019-04-01,League,SM Curran,"PCA IS Bindra Stadium, Mohali",Punjab Kings,Delhi Capitals,Delhi Capitals,field,Punjab Kings,runs,14,167,20,N,Normal,AK Chaudhary,CB Gaffaney,0,Punjab Kings
1175369,2019,Jaipur,2019-04-02,League,S Gopal,"Sawai Mansingh Stadium, Jaipur",Royal Challengers Bengaluru,Rajasthan Royals,Rajasthan Royals,field,Rajasthan Royals,wickets,7,159,20,N,Normal,AY Dandekar,M Erasmus,1,Royal Challengers Bengaluru
1175370,2019,Mumbai,2019-04-03,League,HH Pandya,"Wankhede Stadium, Mumbai",Mumbai Indians,Chennai Super Kings,Chennai Super Kings,field,Mumbai Indians,runs,37,171,20,N,Normal,BNJ Oxenford,RJ Tucker,0,Mumbai Indians
1175371,2019,Delhi,2019-04-04,League,JM Bairstow,"Arun Jaitley Stadium, Delhi",Delhi Capitals,Sunrisers Hyderabad,Sunrisers Hyderabad,field,Sunrisers Hyderabad,wickets,5,130,20,N,Normal,C Shamshuddin,KN Ananthapadmanabhan,1,Delhi Capitals
1175372,2019,Bengaluru,2019-04-05,League,AD Russell,"M Chinnaswamy Stadium, Bengaluru",Royal Challengers Bengaluru,Kolkata Knight Riders,Kolkata Knight Riders,field,Kolkata Knight Riders,wickets,5,206,20,N,Normal,AK Chaudhary,CB Gaffaney,1,Royal Challengers Bengaluru
1178393,2019,Chennai,2019-04-06,League,Harbhajan Singh,"MA Chidambaram Stadium, Chennai",Chennai Super Kings,Punjab Kings,Chennai Super Kings,bat,Chennai Super Kings,runs,22,161,20,N,Normal,KN Ananthapadmanabhan,RJ Tucker,1,Chennai Super Kings
1178394,2019,Hyderabad,2019-04-06,League,AS Joseph,"Rajiv Gandhi Intl Stadium, Hyderabad",Mumbai Indians,Sunrisers Hyderabad,Sunrisers Hyderabad,field,Mumbai Indians,runs,40,137,20,N,Normal,AY Dandekar,Nitin Menon,0,Mumbai Indians
1178395,2019,Bengaluru,2019-04-07,League,K Rabada,"M Chinnaswamy Stadium, Bengaluru",Royal Challengers Bengaluru,Delhi Capitals,Delhi Capitals,field,Delhi Capitals,wickets,4,150,20,N,Normal,S Ravi,YC Barde,1,Royal Challengers Bengaluru
1178396,2019,Jaipur,2019-04-07,League,HF Gurney,"Sawai Mansingh Stadium, Jaipur",Rajasthan Royals,Kolkata Knight Riders,Kolkata Knight Riders,field,Kolkata Knight Riders,wickets,8,140,20,N,Normal,AK Chaudhary,CB Gaffaney,1,Rajasthan Royals
1178397,2019,Chandigarh,2019-04-08,League,KL Rahul,"PCA IS Bindra Stadium, Mohali",Sunrisers Hyderabad,Punjab Kings,Punjab Kings,field,Punjab Kings,wickets,6,151,20,N,Normal,AY Dandekar,M Erasmus,1,Sunrisers Hyderabad
1178398,2019,Chennai,2019-04-09,League,DL Chahar,"MA Chidambaram Stadium, Chennai",Kolkata Knight Riders,Chennai Super Kings,Chennai Super Kings,field,Chennai Super Kings,wickets,7,109,20,N,Normal,C Shamshuddin,RJ Tucker,1,Kolkata Knight Riders
1178399,2019,Mumbai,2019-04-10,League,KA Pollard,"Wankhede Stadium, Mumbai",Punjab Kings,Mumbai Indians,Mumbai Indians,field,Mumbai Indians,wickets,3,198,20,N,Normal,S Ravi,YC Barde,1,Punjab Kings
1178400,2019,Jaipur,2019-04-11,League,MS Dhoni,"Sawai Mansingh Stadium, Jaipur",Rajasthan Royals,Chennai Super Kings,Chennai Super Kings,field,Chennai Super Kings,wickets,4,152,20,N,Normal,BNJ Oxenford,UV Gandhe,1,Rajasthan Royals
1178401,2019,Kolkata,2019-04-12,League,S Dhawan,"Eden Gardens, Kolkata",Kolkata Knight Riders,Delhi Capitals,Delhi Capitals,field,Delhi Capitals,wickets,7,179,20,N,Normal,CK Nandan,YC Barde,1,Kolkata Knight Riders
1178402,2019,Mumbai,2019-04-13,League,JC Buttler,"Wankhede Stadium, Mumbai",Mumbai Indians,Rajasthan Royals,Rajasthan Royals,field,Rajasthan Royals,wickets,4,188,20,N,Normal,A Nand Kishore,Nitin Menon,1,Mumbai Indians
1178403,2019,Chandigarh,2019-04-13,League,AB de Villiers,"PCA IS Bindra Stadium, Mohali",Punjab Kings,Royal Challengers Bengaluru,Royal Challengers Bengaluru,field,Royal Challengers Bengaluru,wickets,8,174,20,N,Normal,S Ravi,UV Gandhe,1,Punjab Kings
1178404,2019,Kolkata,2019-04-14,League,Imran Tahir,"Eden Gardens, Kolkata",Kolkata Knight Riders,Chennai Super Kings,Chennai Super Kings,field,Chennai Super Kings,wickets,5,162,20,N,Normal,CK Nandan,RJ Tucker,1,Kolkata Knight Riders
1178405,2019,Hyderabad,2019-04-14,League,KMA Paul,"Rajiv Gandhi Intl Stadium, Hyderabad",Delhi Capitals,Sunrisers Hyderabad,Sunrisers Hyderabad,field,Delhi Capitals,runs,39,156,20,N,Normal,AK Chaudhary,BNJ Oxenford,0,Delhi Capitals
1178406,2019,Mumbai,2019-04-15,League,SL Malinga,"Wankhede Stadium, Mumbai",Royal Challengers Bengaluru,Mumbai Indians,Mumbai Indians,field,Mumbai Indians,wickets,5,172,20,N,Normal,M Erasmus,Nitin Menon,1,Royal Challengers Bengaluru
1178407,2019,Chandigarh,2019-04-16,League,R Ashwin,"PCA IS Bindra Stadium, Mohali",Punjab Kings,Rajasthan Royals,Rajasthan Royals,field,Punjab Kings,runs,12,183,20,N,Normal,AK Chaudhary,VA Kulkarni,0,Punjab Kings
1178408,2019,Hyderabad,2019-04-17,League,DA Warner,"Rajiv Gandhi Intl Stadium, Hyderabad",Chennai Super Kings,Sunrisers Hyderabad,Chennai Super Kings,bat,Sunrisers Hyderabad,wickets,6,133,20,N,Normal,IJ Gould,UV Gandhe,0,Chennai Super Kings
1178409,2019,Delhi,2019-04-18,League,HH Pandya,"Arun Jaitley Stadium, Delhi",Mumbai Indians,Delhi Capitals,Mumbai Indians,bat,Mumbai Indians,runs,40,169,20,N,Normal,BNJ Oxenford,NJ Llong,1,Mumbai Indians
1178410,2019,Kolkata,2019-04-19,League,V Kohli,"Eden Gardens, Kolkata",Royal Challengers Bengaluru,Kolkata Knight Riders,Kolkata Knight Riders,field,Royal Challengers Bengaluru,runs,10,214,20,N,Normal,IJ Gould,Nitin Menon,0,Royal Challengers Bengaluru
1178411,2019,Jaipur,2019-04-20,League,SPD Smith,"Sawai Mansingh Stadium, Jaipur",Mumbai Indians,Rajasthan Royals,Rajasthan Royals,field,Rajasthan Royals,wickets,5,162,20,N,Normal,S Ravi,YC Barde,1,Mumbai Indians
1178412,2019,Delhi,2019-04-20,League,SS Iyer,"Arun Jaitley Stadium, Delhi",Punjab Kings,Delhi Capitals,Delhi Capitals,field,Delhi Capitals,wickets,5,164,20,N,Normal,C Shamshuddin,UV Gandhe,1,Punjab Kings
1178413,2019,Hyderabad,2019-04-21,League,KK Ahmed,"Rajiv Gandhi Intl Stadium, Hyderabad",Kolkata Knight Riders,Sunrisers Hyderabad,Sunrisers Hyderabad,field,Sunrisers Hyderabad,wickets,9,160,20,N,Normal,NJ Llong,Nitin Menon,1,Kolkata Knight Riders
1178414,2019,Bengaluru,2019-04-21,League,PA Patel,"M Chinnaswamy Stadium, Bengaluru",Royal Challengers Bengaluru,Chennai Super Kings,Chennai Super Kings,field,Royal Challengers Bengaluru,runs,1,162,20,N,Normal,RJ Tucker,VA Kulkarni,0,Royal Challengers Bengaluru
1178415,2019,Jaipur,2019-04-22,League,RR Pant,"Sawai Mansingh Stadium, Jaipur",Rajasthan Royals,Delhi Capitals,Delhi Capitals,field,Delhi Capitals,wickets,6,192,20,N,Normal,A Nand Kishore,S Ravi,1,Rajasthan Royals
1178416,2019,Chennai,2019-04-23,League,SR Watson,"MA Chidambaram Stadium, Chennai",Sunrisers Hyderabad,Chennai Super Kings,Chennai Super Kings,field,Chennai Super Kings,wickets,6,176,20,N,Normal,AK Chaudhary,NJ Llong,1,Sunrisers Hyderabad
1178417,2019,Bengaluru,2019-04-24,League,AB de Villiers,"M Chinnaswamy Stadium, Bengaluru",Royal Challengers Bengaluru,Punjab Kings,Punjab Kings,field,Royal Challengers Bengaluru,runs,17,203,20,N,Normal,BNJ Oxenford,C Shamshuddin,0,Royal Challengers Bengaluru
1178418,2019,Kolkata,2019-04-25,League,VR Aaron,"Eden Gardens, Kolkata",Kolkata Knight Riders,Rajasthan Royals,Rajasthan Royals,field,Rajasthan Royals,wickets,3,176,20,N,Normal,AY Dandekar,IJ Gould,1,Kolkata Knight Riders
1178419,2019,Chennai,2019-04-26,League,RG Sharma,"MA Chidambaram Stadium, Chennai",Mumbai Indians,Chennai Super Kings,Chennai Super Kings,field,Mumbai Indians,runs,46,156,20,N,Normal,AK Chaudhary,NJ Llong,0,Mumbai Indians
1178420,2019,Jaipur,2019-04-27,League,JD Unadkat,"Sawai Mansingh Stadium, Jaipur",Sunrisers Hyderabad,Rajasthan Royals,Rajasthan Royals,field,Rajasthan Royals,wickets,7,161,20,N,Normal,A Nand Kishore,YC Barde,1,Sunrisers Hyderabad
1178421,2019,Delhi,2019-04-28,League,S Dhawan,"Arun Jaitley Stadium, Delhi",Delhi Capitals,Royal Challengers Bengaluru,Delhi Capitals,bat,Delhi Capitals,runs,16,188,20,N,Normal,BNJ Oxenford,KN Ananthapadmanabhan,1,Delhi Capitals
1178422,2019,Kolkata,2019-04-28,League,AD Russell,"Eden Gardens, Kolkata",Kolkata Knight Riders,Mumbai Indians,Mumbai Indians,field,Kolkata Knight Riders,runs,34,233,20,N,Normal,IJ Gould,Nitin Menon,0,Kolkata Knight Riders
1178423,2019,Hyderabad,2019-04-29,League,DA Warner,"Rajiv Gandhi Intl Stadium, Hyderabad",Sunrisers Hyderabad,Punjab Kings,Punjab Kings,field,Sunrisers Hyderabad,runs,45,213,20,N,Normal,CK Nandan,S Ravi,0,Sunrisers Hyderabad
1178424,2019,Bengaluru,2019-04-30,League,,"M Chinnaswamy Stadium, Bengaluru",Royal Challengers Bengaluru,Rajasthan Royals,Rajasthan Royals,field,No Result,no result,0,63,5,N,Normal,NJ Llong,UV Gandhe,0,Royal Challengers Bengaluru
1178425,2019,Chennai,2019-05-01,League,MS Dhoni,"MA Chidambaram Stadium, Chennai",Chennai Super Kings,Delhi Capitals,Delhi Capitals,field,Chennai Super Kings,runs,80,180,20,N,Normal,AY Dandekar,Nitin Menon,0,Chennai Super Kings
1178426,2019,Mumbai,2019-05-02,League,JJ Bumrah,"Wankhede Stadium, Mumbai",Mumbai Indians,Sunrisers Hyderabad,Mumbai Indians,bat,Mumbai Indians,tie,0,163,20,Y,Normal,CK Nandan,S Ravi,1,Mumbai Indians
1178427,2019,Chandigarh,2019-05-03,League,Shubman Gill,"PCA IS Bindra Stadium, Mohali",Punjab Kings,Kolkata Knight Riders,Kolkata Knight Riders,field,Kolkata Knight Riders,wickets,7,184,20,N,Normal,BNJ Oxenford,C Shamshuddin,1,Punjab Kings
1178428,2019,Delhi,2019-05-04,League,A Mishra,"Arun Jaitley Stadium, Delhi",Rajasthan Royals,Delhi Capitals,Rajasthan Royals,bat,Delhi Capitals,wickets,5,116,20,N,Normal,AY Dandekar,IJ Gould,0,Rajasthan Royals
1178429,2019,Bengaluru,2019-05-04,League,SO Hetmyer,"M Chinnaswamy Stadium, Bengaluru",Sunrisers Hyderabad,Royal Challengers Bengaluru,Royal Challengers Bengaluru,field,Royal Challengers Bengaluru,wickets,4,176,20,N,Normal,AK Chaudhary,NJ Llong,1,Sunrisers Hyderabad
1178430,2019,Chandigarh,2019-05-05,League,KL Rahul,"PCA IS Bindra Stadium, Mohali",Chennai Super Kings,Punjab Kings,Punjab Kings,field,Punjab Kings,wickets,6,171,20,N,Normal,C Shamshuddin,KN Ananthapadmanabhan,1,Chennai Super Kings
1178431,2019,Mumbai,2019-05-05,League,HH Pandya,"Wankhede Stadium, Mumbai",Kolkata Knight Riders,Mumbai Indians,Mumbai Indians,field,Mumbai Indians,wickets,9,134,20,N,Normal,A Nand Kishore,CK Nandan,1,Kolkata Knight Riders
1181764,2019,Chennai,2019-05-07,Qualifier 1,SA Yadav,"MA Chidambaram Stadium, Chennai",Chennai Super Kings,Mumbai Indians,Chennai Super Kings,bat,Mumbai Indians,wickets,6,132,20,N,Normal,NJ Llong,Nitin Menon,0,Chennai Super Kings
1181766,2019,Visakhapatnam,2019-05-08,Eliminator,RR Pant,"ACA-VDCA Stadium, Visakhapatnam",Sunrisers Hyderabad,Delhi Capitals,Delhi Capitals,field,Delhi Capitals,wickets,2,163,20,N,Normal,BNJ Oxenford,S Ravi,1,Sunrisers Hyderabad
1181767,2019,Visakhapatnam,2019-05-10,Qualifier 2,F du Plessis,"ACA-VDCA Stadium, Visakhapatnam",Delhi Capitals,Chennai Super Kings,Chennai Super Kings,field,Chennai Super Kings,wickets,6,148,20,N,Normal,BNJ Oxenford,S Ravi,1,Delhi Capitals
1181768,2019,Hyderabad,2019-05-12,Final,JJ Bumrah,"Rajiv Gandhi Intl Stadium, Hyderabad",Mumbai Indians,Chennai Super Kings,Mumbai Indians,bat,Mumbai Indians,runs,1,150,20,N,Normal,IJ Gould,Nitin Menon,1,Mumbai Indians
1216492,2020,Abu Dhabi,2020-09-19,League,AT Rayudu,Sheikh Zayed Stadium,Mumbai Indians,Chennai Super Kings,Chennai Super Kings,field,Chennai Super Kings,wickets,5,163,20,N,Normal,CB Gaffaney,VK Sharma,1,Mumbai Indians
1216493,2020,Dubai,2020-09-20,League,MP Stoinis,Dubai International Cricket Stadium,Delhi Capitals,Punjab Kings,Punjab Kings,field,Delhi Capitals,tie,0,158,20,Y,Normal,AK Chaudhary,Nitin Menon,0,Delhi Capitals
1216534,2020,Dubai,2020-09-21,League,YS Chahal,Dubai International Cricket Stadium,Royal Challengers Bengaluru,Sunrisers Hyderabad,Sunrisers Hyderabad,field,Royal Challengers Bengaluru,runs,10,164,20,N,Normal,AY Dandekar,Nitin Menon,0,Royal Challengers Bengaluru
1216496,2020,Sharjah,2020-09-22,League,SV Samson,Sharjah Cricket Stadium,Rajasthan Royals,Chennai Super Kings,Chennai Super Kings,field,Rajasthan Royals,runs,16,217,20,N,Normal,C Shamshuddin,VA Kulkarni,0,Rajasthan Royals
1216508,2020,Abu Dhabi,2020-09-23,League,RG Sharma,Sheikh Zayed Stadium,Mumbai Indians,Kolkata Knight Riders,Kolkata Knight Riders,field,Mumbai Indians,runs,49,196,20,N,Normal,CB Gaffaney,S Ravi,0,Mumbai Indians
1216510,2020,Dubai,2020-09-24,League,KL Rahul,Dubai International Cricket Stadium,Punjab Kings,Royal Challengers Bengaluru,Royal Challengers Bengaluru,field,Punjab Kings,runs,97,207,20,N,Normal,AK Chaudhary,PR Reiffel,0,Punjab Kings
1216539,2020,Dubai,2020-09-25,League,PP Shaw,Dubai International Cricket Stadium,Delhi Capitals,Chennai Super Kings,Chennai Super Kings,field,Delhi Capitals,runs,44,176,20,N,Normal,KN Ananthapadmanabhan,RK Illingworth,0,Delhi Capitals
1216545,2020,Abu Dhabi,2020-09-26,League,Shubman Gill,Sheikh Zayed Stadium,Sunrisers Hyderabad,Kolkata Knight Riders,Sunrisers Hyderabad,bat,Kolkata Knight Riders,wickets,7,143,20,N,Normal,CB Gaffaney,VK Sharma,0,Sunrisers Hyderabad
1216527,2020,Sharjah,2020-09-27,League,SV Samson,Sharjah Cricket Stadium,Punjab Kings,Rajasthan Royals,Rajasthan Royals,field,Rajasthan Royals,wickets,4,224,20,N,Normal,RK Illingworth,K Srinivasan,1,Punjab Kings
1216547,2020,Dubai,2020-09-28,League,AB de Villiers,Dubai International Cricket Stadium,Royal Challengers Bengaluru,Mumbai Indians,Mumbai Indians,field,Royal Challengers Bengaluru,tie,0,202,20,Y,Normal,Nitin Menon,PR Reiffel,0,Royal Challengers Bengaluru
1216532,2020,Abu Dhabi,2020-09-29,League,Rashid Khan,Sheikh Zayed Stadium,Sunrisers Hyderabad,Delhi Capitals,Delhi Capitals,field,Sunrisers Hyderabad,runs,15,163,20,N,Normal,VK Sharma,S Ravi,0,Sunrisers Hyderabad
1216504,2020,Dubai,2020-09-30,League,Shivam Mavi,Dubai International Cricket Stadium,Kolkata Knight Riders,Rajasthan Royals,Rajasthan Royals,field,Kolkata Knight Riders,runs,37,175,20,N,Normal,KN Ananthapadmanabhan,C Shamshuddin,0,Kolkata Knight Riders
1216503,2020,Abu Dhabi,2020-10-01,League,KA Pollard,Sheikh Zayed Stadium,Mumbai Indians,Punjab Kings,Punjab Kings,field,Mumbai Indians,runs,48,192,20,N,Normal,VK Sharma,S Ravi,0,Mumbai Indians
1216516,2020,Dubai,2020-10-02,League,PK Garg,Dubai International Cricket Stadium,Sunrisers Hyderabad,Chennai Super Kings,Sunrisers Hyderabad,bat,Sunrisers Hyderabad,runs,7,165,20,N,Normal,AK Chaudhary,PR Reiffel,1,Sunrisers Hyderabad
1216514,2020,Abu Dhabi,2020-10-03,League,YS Chahal,Sheikh Zayed Stadium,Rajasthan Royals,Royal Challengers Bengaluru,Rajasthan Royals,bat,Royal Challengers Bengaluru,wickets,8,155,20,N,Normal,CB Gaffaney,S Ravi,0,Rajasthan Royals
1216515,2020,Sharjah,2020-10-03,League,SS Iyer,Sharjah Cricket Stadium,Delhi Capitals,Kolkata Knight Riders,Kolkata Knight Riders,field,Delhi Capitals,runs,18,229,20,N,Normal,VA Kulkarni,RK Illingworth,0,Delhi Capitals
1216513,2020,Dubai,2020-10-04,League,SR Watson,Dubai International Cricket Stadium,Punjab Kings,Chennai Super Kings,Punjab Kings,bat,Chennai Super Kings,wickets,10,179,20,N,Normal,AY Dandekar,Nitin Menon,0,Punjab Kings
1216538,2020,Sharjah,2020-10-04,League,TA Boult,Sharjah Cricket Stadium,Mumbai Indians,Sunrisers Hyderabad,Mumbai Indians,bat,Mumbai Indians,runs,34,209,20,N,Normal,KN Ananthapadmanabhan,RK Illingworth,1,Mumbai Indians
1216519,2020,Dubai,2020-10-05,League,AR Patel,Dubai International Cricket Stadium,Delhi Capitals,Royal Challengers Bengaluru,Royal Challengers Bengaluru,field,Delhi Capitals,runs,59,197,20,N,Normal,Nitin Menon,YC Barde,0,Delhi Capitals
1216511,2020,Abu Dhabi,2020-10-06,League,SA Yadav,Sheikh Zayed Stadium,Mumbai Indians,Rajasthan Royals,Mumbai Indians,bat,Mumbai Indians,runs,57,194,20,N,Normal,VK Sharma,S Ravi,1,Mumbai Indians
1216501,2020,Abu Dhabi,2020-10-07,League,RA Tripathi,Sheikh Zayed Stadium,Kolkata Knight Riders,Chennai Super Kings,Kolkata Knight Riders,bat,Kolkata Knight Riders,runs,10,168,20,N,Normal,KN Ananthapadmanabhan,RK Illingworth,1,Kolkata Knight Riders
1216542,2020,Dubai,2020-10-08,League,JM Bairstow,Dubai International Cricket Stadium,Sunrisers Hyderabad,Punjab Kings,Sunrisers Hyderabad,bat,Sunrisers Hyderabad,runs,69,202,20,N,Normal,AK Chaudhary,Nitin Menon,1,Sunrisers Hyderabad
1216500,2020,Sharjah,2020-10-09,League,R Ashwin,Sharjah Cricket Stadium,Delhi Capitals,Rajasthan Royals,Rajasthan Royals,field,Delhi Capitals,runs,46,185,20,N,Normal,KN Ananthapadmanabhan,C Shamshuddin,0,Delhi Capitals
1216523,2020,Abu Dhabi,2020-10-10,League,KD Karthik,Sheikh Zayed Stadium,Kolkata Knight Riders,Punjab Kings,Kolkata Knight Riders,bat,Kolkata Knight Riders,runs,2,165,20,N,Normal,UV Gandhe,CB Gaffaney,1,Kolkata Knight Riders
1216525,2020,Dubai,2020-10-10,League,V Kohli,Dubai International Cricket Stadium,Royal Challengers Bengaluru,Chennai Super Kings,Royal Challengers Bengaluru,bat,Royal Challengers Bengaluru,runs,37,170,20,N,Normal,AK Chaudhary,PR Reiffel,1,Royal Challengers Bengaluru
1216507,2020,Dubai,2020-10-11,League,R Tewatia,Dubai International Cricket Stadium,Sunrisers Hyderabad,Rajasthan Royals,Sunrisers Hyderabad,bat,Rajasthan Royals,wickets,5,159,20,N,Normal,YC Barde,PR Reiffel,0,Sunrisers Hyderabad
1216529,2020,Abu Dhabi,2020-10-11,League,Q de Kock,Sheikh Zayed Stadium,Delhi Capitals,Mumbai Indians,Delhi Capitals,bat,Mumbai Indians,wickets,5,163,20,N,Normal,CB Gaffaney,S Ravi,0,Delhi Capitals
1216540,2020,Sharjah,2020-10-12,League,AB de Villiers,Sharjah Cricket Stadium,Royal Challengers Bengaluru,Kolkata Knight Riders,Royal Challengers Bengaluru,bat,Royal Challengers Bengaluru,runs,82,195,20,N,Normal,RK Illingworth,K Srinivasan,1,Royal Challengers Bengaluru
1216528,2020,Dubai,2020-10-13,League,RA Jadeja,Dubai International Cricket Stadium,Chennai Super Kings,Sunrisers Hyderabad,Chennai Super Kings,bat,Chennai Super Kings,runs,20,168,20,N,Normal,AK Chaudhary,PR Reiffel,1,Chennai Super Kings
1216543,2020,Dubai,2020-10-14,League,A Nortje,Dubai International Cricket Stadium,Delhi Capitals,Rajasthan Royals,Delhi Capitals,bat,Delhi Capitals,runs,13,162,20,N,Normal,AK Chaudhary,Nitin Menon,1,Delhi Capitals
1216531,2020,Sharjah,2020-10-15,League,KL Rahul,Sharjah Cricket Stadium,Royal Challengers Bengaluru,Punjab Kings,Royal Challengers Bengaluru,bat,Punjab Kings,wickets,8,172,20,N,Normal,KN Ananthapadmanabhan,C Shamshuddin,0,Royal Challengers Bengaluru
1216526,2020,Abu Dhabi,2020-10-16,League,Q de Kock,Sheikh Zayed Stadium,Kolkata Knight Riders,Mumbai Indians,Kolkata Knight Riders,bat,Mumbai Indians,wickets,8,149,20,N,Normal,CB Gaffaney,VK Sharma,0,Kolkata Knight Riders
1216509,2020,Sharjah,2020-10-17,League,S Dhawan,Sharjah Cricket Stadium,Chennai Super Kings,Delhi Capitals,Chennai Super Kings,bat,Delhi Capitals,wickets,5,180,20,N,Normal,KN Ananthapadmanabhan,RK Illingworth,0,Chennai Super Kings
1216522,2020,Dubai,2020-10-17,League,AB de Villiers,Dubai International Cricket Stadium,Rajasthan Royals,Royal Challengers Bengaluru,Rajasthan Royals,bat,Royal Challengers Bengaluru,wickets,7,178,20,N,Normal,AK Chaudhary,Nitin Menon,0,Rajasthan Royals
1216512,2020,Abu Dhabi,2020-10-18,League,LH Ferguson,Sheikh Zayed Stadium,Kolkata Knight Riders,Sunrisers Hyderabad,Sunrisers Hyderabad,field,Kolkata Knight Riders,tie,0,164,20,Y,Normal,PG Pathak,S Ravi,0,Kolkata Knight Riders
1216517,2020,Dubai,2020-10-18,League,KL Rahul,Dubai International Cricket Stadium,Mumbai Indians,Punjab Kings,Mumbai Indians,bat,Punjab Kings,tie,0,177,20,Y,Normal,Nitin Menon,PR Reiffel,0,Mumbai Indians
1216533,2020,Abu Dhabi,2020-10-19,League,JC Buttler,Sheikh Zayed Stadium,Chennai Super Kings,Rajasthan Royals,Chennai Super Kings,bat,Rajasthan Royals,wickets,7,126,20,N,Normal,CB Gaffaney,VK Sharma,0,Chennai Super Kings
1216546,2020,Dubai,2020-10-20,League,S Dhawan,Dubai International Cricket Stadium,Delhi Capitals,Punjab Kings,Delhi Capitals,bat,Punjab Kings,wickets,5,165,20,N,Normal,C Shamshuddin,RK Illingworth,0,Delhi Capitals
1216494,2020,Abu Dhabi,2020-10-21,League,Mohammed Siraj,Sheikh Zayed Stadium,Kolkata Knight Riders,Royal Challengers Bengaluru,Kolkata Knight Riders,bat,Royal Challengers Bengaluru,wickets,8,85,20,N,Normal,VK Sharma,S Ravi,0,Kolkata Knight Riders
1216518,2020,Dubai,2020-10-22,League,MK Pandey,Dubai International Cricket Stadium,Rajasthan Royals,Sunrisers Hyderabad,Sunrisers Hyderabad,field,Sunrisers Hyderabad,wickets,8,155,20,N,Normal,Nitin Menon,PR Reiffel,1,Rajasthan Royals
1216521,2020,Sharjah,2020-10-23,League,TA Boult,Sharjah Cricket Stadium,Chennai Super Kings,Mumbai Indians,Mumbai Indians,field,Mumbai Indians,wickets,10,115,20,N,Normal,C Shamshuddin,VA Kulkarni,1,Chennai Super Kings
1216497,2020,Abu Dhabi,2020-10-24,League,CV Varun,Sheikh Zayed Stadium,Kolkata Knight Riders,Delhi Capitals,Delhi Capitals,field,Kolkata Knight Riders,runs,59,195,20,N,Normal,CB Gaffaney,PG Pathak,0,Kolkata Knight Riders
1216498,2020,Dubai,2020-10-24,League,CJ Jordan,Dubai International Cricket Stadium,Punjab Kings,Sunrisers Hyderabad,Sunrisers Hyderabad,field,Punjab Kings,runs,12,127,20,N,Normal,AY Dandekar,PR Reiffel,0,Punjab Kings
1216541,2020,Abu Dhabi,2020-10-25,League,BA Stokes,Sheikh Zayed Stadium,Mumbai Indians,Rajasthan Royals,Mumbai Indians,bat,Rajasthan Royals,wickets,8,196,20,N,Normal,UV Gandhe,VK Sharma,0,Mumbai Indians
1216544,2020,Dubai,2020-10-25,League,RD Gaikwad,Dubai International Cricket Stadium,Royal Challengers Bengaluru,Chennai Super Kings,Royal Challengers Bengaluru,bat,Chennai Super Kings,wickets,8,146,20,N,Normal,C Shamshuddin,RK Illingworth,0,Royal Challengers Bengaluru
1216520,2020,Sharjah,2020-10-26,League,CH Gayle,Sharjah Cricket Stadium,Kolkata Knight Riders,Punjab Kings,Punjab Kings,field,Punjab Kings,wickets,8,150,20,N,Normal,KN Ananthapadmanabhan,RK Illingworth,1,Kolkata Knight Riders
1216524,2020,Dubai,2020-10-27,League,WP Saha,Dubai International Cricket Stadium,Sunrisers Hyderabad,Delhi Capitals,Delhi Capitals,field,Sunrisers Hyderabad,runs,88,220,20,N,Normal,AK Chaudhary,Nitin Menon,0,Sunrisers Hyderabad
1216499,2020,Abu Dhabi,2020-10-28,League,SA Yadav,Sheikh Zayed Stadium,Royal Challengers Bengaluru,Mumbai Indians,Mumbai Indians,field,Mumbai Indians,wickets,5,165,20,N,Normal,UV Gandhe,CB Gaffaney,1,Royal Challengers Bengaluru
1216536,2020,Dubai,2020-10-29,League,RD Gaikwad,Dubai International Cricket Stadium,Kolkata Knight Riders,Chennai Super Kings,Chennai Super Kings,field,Chennai Super Kings,wickets,6,173,20,N,Normal,C Shamshuddin,RK Illingworth,1,Kolkata Knight Riders
1216537,2020,Abu Dhabi,2020-10-30,League,BA Stokes,Sheikh Zayed Stadium,Punjab Kings,Rajasthan Royals,Rajasthan Royals,field,Rajasthan Royals,wickets,7,186,20,N,Normal,CB Gaffaney,S Ravi,1,Punjab Kings
1216502,2020,Sharjah,2020-10-31,League,Sandeep Sharma,Sharjah Cricket Stadium,Royal Challengers Bengaluru,Sunrisers Hyderabad,Sunrisers Hyderabad,field,Sunrisers Hyderabad,wickets,5,121,20,N,Normal,KN Ananthapadmanabhan,K Srinivasan,1,Royal Challengers Bengaluru
1216535,2020,Dubai,2020-10-31,League,Ishan Kishan,Dubai International Cricket Stadium,Delhi Capitals,Mumbai Indians,Mumbai Indians,field,Mumbai Indians,wickets,9,111,20,N,Normal,YC Barde,PR Reiffel,1,Delhi Capitals
1216506,2020,Abu Dhabi,2020-11-01,League,RD Gaikwad,Sheikh Zayed Stadium,Punjab Kings,Chennai Super Kings,Chennai Super Kings,field,Chennai Super Kings,wickets,9,154,20,N,Normal,PG Pathak,VK Sharma,1,Punjab Kings
1216530,2020,Dubai,2020-11-01,League,PJ Cummins,Dubai International Cricket Stadium,Kolkata Knight Riders,Rajasthan Royals,Rajasthan Royals,field,Kolkata Knight Riders,runs,60,192,20,N,Normal,Nitin Menon,PR Reiffel,0,Kolkata Knight Riders
1216505,2020,Abu Dhabi,2020-11-02,League,A Nortje,Sheikh Zayed Stadium,Royal Challengers Bengaluru,Delhi Capitals,Delhi Capitals,field,Delhi Capitals,wickets,6,153,20,N,Normal,CB Gaffaney,S Ravi,1,Royal Challengers Bengaluru
1216495,2020,Sharjah,2020-11-03,League,S Nadeem,Sharjah Cricket Stadium,Mumbai Indians,Sunrisers Hyderabad,Sunrisers Hyderabad,field,Sunrisers Hyderabad,wickets,10,150,20,N,Normal,C Shamshuddin,RK Illingworth,1,Mumbai Indians
1237177,2020,Dubai,2020-11-05,Qualifier 1,JJ Bumrah,Dubai International Cricket Stadium,Mumbai Indians,Delhi Capitals,Delhi Capitals,field,Mumbai Indians,runs,57,201,20,N,Normal,CB Gaffaney,Nitin Menon,0,Mumbai Indians
1237178,2020,Abu Dhabi,2020-11-06,Eliminator,KS Williamson,Sheikh Zayed Stadium,Royal Challengers Bengaluru,Sunrisers Hyderabad,Sunrisers Hyderabad,field,Sunrisers Hyderabad,wickets,6,132,20,N,Normal,PR Reiffel,S Ravi,1,Royal Challengers Bengaluru
1237180,2020,Abu Dhabi,2020-11-08,Qualifier 2,MP Stoinis,Sheikh Zayed Stadium,Delhi Capitals,Sunrisers Hyderabad,Delhi Capitals,bat,Delhi Capitals,runs,17,190,20,N,Normal,PR Reiffel,S Ravi,1,Delhi Capitals
1237181,2020,Dubai,2020-11-10,Final,TA Boult,Dubai International Cricket Stadium,Delhi Capitals,Mumbai Indians,Delhi Capitals,bat,Mumbai Indians,wickets,5,157,20,N,Normal,CB Gaffaney,Nitin Menon,0,Delhi Capitals
1254058,2021,Chennai,2021-04-09,League,HV Patel,"MA Chidambaram Stadium, Chennai",Mumbai Indians,Royal Challengers Bengaluru,Royal Challengers Bengaluru,field,Royal Challengers Bengaluru,wickets,2,160,20,N,Normal,KN Ananthapadmanabhan,Nitin Menon,1,Mumbai Indians
1254059,2021,Mumbai,2021-04-10,League,S Dhawan,"Wankhede Stadium, Mumbai",Chennai Super Kings,Delhi Capitals,Delhi Capitals,field,Delhi Capitals,wickets,7,189,20,N,Normal,AK Chaudhary,VK Sharma,1,Chennai Super Kings
1254060,2021,Chennai,2021-04-11,League,N Rana,"MA Chidambaram Stadium, Chennai",Kolkata Knight Riders,Sunrisers Hyderabad,Sunrisers Hyderabad,field,Kolkata Knight Riders,runs,10,188,20,N,Normal,KN Ananthapadmanabhan,Nitin Menon,0,Kolkata Knight Riders
1254061,2021,Mumbai,2021-04-12,League,SV Samson,"Wankhede Stadium, Mumbai",Punjab Kings,Rajasthan Royals,Rajasthan Royals,field,Punjab Kings,runs,4,222,20,N,Normal,AK Chaudhary,S Ravi,0,Punjab Kings
1254062,2021,Chennai,2021-04-13,League,RD Chahar,"MA Chidambaram Stadium, Chennai",Mumbai Indians,Kolkata Knight Riders,Kolkata Knight Riders,field,Mumbai Indians,runs,10,153,20,N,Normal,C Shamshuddin,CB Gaffaney,0,Mumbai Indians
1254063,2021,Chennai,2021-04-14,League,GJ Maxwell,"MA Chidambaram Stadium, Chennai",Royal Challengers Bengaluru,Sunrisers Hyderabad,Sunrisers Hyderabad,field,Royal Challengers Bengaluru,runs,6,150,20,N,Normal,Nitin Menon,UV Gandhe,0,Royal Challengers Bengaluru
1254064,2021,Mumbai,2021-04-15,League,JD Unadkat,"Wankhede Stadium, Mumbai",Delhi Capitals,Rajasthan Royals,Rajasthan Royals,field,Rajasthan Royals,wickets,3,148,20,N,Normal,S Ravi,VK Sharma,1,Delhi Capitals
1254065,2021,Mumbai,2021-04-16,League,DL Chahar,"Wankhede Stadium, Mumbai",Punjab Kings,Chennai Super Kings,Chennai Super Kings,field,Chennai Super Kings,wickets,6,107,20,N,Normal,AK Chaudhary,AY Dandekar,1,Punjab Kings
1254066,2021,Chennai,2021-04-17,League,KA Pollard,"MA Chidambaram Stadium, Chennai",Mumbai Indians,Sunrisers Hyderabad,Mumbai Indians,bat,Mumbai Indians,runs,13,151,20,N,Normal,CB Gaffaney,K Srinivasan,1,Mumbai Indians
1254067,2021,Chennai,2021-04-18,League,AB de Villiers,"MA Chidambaram Stadium, Chennai",Royal Challengers Bengaluru,Kolkata Knight Riders,Royal Challengers Bengaluru,bat,Royal Challengers Bengaluru,runs,38,205,20,N,Normal,C Shamshuddin,Nitin Menon,1,Royal Challengers Bengaluru
1254068,2021,Mumbai,2021-04-18,League,S Dhawan,"Wankhede Stadium, Mumbai",Punjab Kings,Delhi Capitals,Delhi Capitals,field,Delhi Capitals,wickets,6,196,20,N,Normal,AK Chaudhary,PR Reiffel,1,Punjab Kings
1254069,2021,Mumbai,2021-04-19,League,MM Ali,"Wankhede Stadium, Mumbai",Chennai Super Kings,Rajasthan Royals,Rajasthan Royals,field,Chennai Super Kings,runs,45,189,20,N,Normal,PR Reiffel,VK Sharma,0,Chennai Super Kings
1254070,2021,Chennai,2021-04-20,League,A Mishra,"MA Chidambaram Stadium, Chennai",Mumbai Indians,Delhi Capitals,Mumbai Indians,bat,Delhi Capitals,wickets,6,138,20,N,Normal,C Shamshuddin,CB Gaffaney,0,Mumbai Indians
1254071,2021,Chennai,2021-04-21,League,JM Bairstow,"MA Chidambaram Stadium, Chennai",Punjab Kings,Sunrisers Hyderabad,Punjab Kings,bat,Sunrisers Hyderabad,wickets,9,121,20,N,Normal,K Srinivasan,Nitin Menon,0,Punjab Kings
1254072,2021,Mumbai,2021-04-21,League,F du Plessis,"Wankhede Stadium, Mumbai",Chennai Super Kings,Kolkata Knight Riders,Kolkata Knight Riders,field,Chennai Super Kings,runs,18,221,20,N,Normal,AY Dandekar,PR Reiffel,0,Chennai Super Kings
1254073,2021,Mumbai,2021-04-22,League,D Padikkal,"Wankhede Stadium, Mumbai",Rajasthan Royals,Royal Challengers Bengaluru,Royal Challengers Bengaluru,field,Royal Challengers Bengaluru,wickets,10,178,20,N,Normal,J Madanagopal,S Ravi,1,Rajasthan Royals
1254074,2021,Chennai,2021-04-23,League,KL Rahul,"MA Chidambaram Stadium, Chennai",Mumbai Indians,Punjab Kings,Punjab Kings,field,Punjab Kings,wickets,9,132,20,N,Normal,C Shamshuddin,Nitin Menon,1,Mumbai Indians
1254075,2021,Mumbai,2021-04-24,League,CH Morris,"Wankhede Stadium, Mumbai",Kolkata Knight Riders,Rajasthan Royals,Rajasthan Royals,field,Rajasthan Royals,wickets,6,134,20,N,Normal,Navdeep Singh,S Ravi,1,Kolkata Knight Riders
1254076,2021,Mumbai,2021-04-25,League,RA Jadeja,"Wankhede Stadium, Mumbai",Chennai Super Kings,Royal Challengers Bengaluru,Chennai Super Kings,bat,Chennai Super Kings,runs,69,192,20,N,Normal,AK Chaudhary,VK Sharma,1,Chennai Super Kings
1254077,2021,Chennai,2021-04-25,League,PP Shaw,"MA Chidambaram Stadium, Chennai",Delhi Capitals,Sunrisers Hyderabad,Delhi Capitals,bat,Delhi Capitals,tie,0,160,20,Y,Normal,CB Gaffaney,KN Ananthapadmanabhan,1,Delhi Capitals
1254078,2021,Ahmedabad,2021-04-26,League,EJG Morgan,"Narendra Modi Stadium, Ahmedabad",Punjab Kings,Kolkata Knight Riders,Kolkata Knight Riders,field,Kolkata Knight Riders,wickets,5,124,20,N,Normal,PR Reiffel,YC Barde,1,Punjab Kings
1254079,2021,Ahmedabad,2021-04-27,League,AB de Villiers,"Narendra Modi Stadium, Ahmedabad",Royal Challengers Bengaluru,Delhi Capitals,Delhi Capitals,field,Royal Challengers Bengaluru,runs,1,172,20,N,Normal,S Ravi,VK Sharma,0,Royal Challengers Bengaluru
1254080,2021,Delhi,2021-04-28,League,RD Gaikwad,"Arun Jaitley Stadium, Delhi",Sunrisers Hyderabad,Chennai Super Kings,Sunrisers Hyderabad,bat,Chennai Super Kings,wickets,7,172,20,N,Normal,C Shamshuddin,CK Nandan,0,Sunrisers Hyderabad
1254081,2021,Delhi,2021-04-29,League,Q de Kock,"Arun Jaitley Stadium, Delhi",Rajasthan Royals,Mumbai Indians,Mumbai Indians,field,Mumbai Indians,wickets,7,172,20,N,Normal,CB Gaffaney,KN Ananthapadmanabhan,1,Rajasthan Royals
1254082,2021,Ahmedabad,2021-04-29,League,PP Shaw,"Narendra Modi Stadium, Ahmedabad",Kolkata Knight Riders,Delhi Capitals,Delhi Capitals,field,Delhi Capitals,wickets,7,155,20,N,Normal,AK Chaudhary,YC Barde,1,Kolkata Knight Riders
1254083,2021,Ahmedabad,2021-04-30,League,Harpreet Brar,"Narendra Modi Stadium, Ahmedabad",Punjab Kings,Royal Challengers Bengaluru,Royal Challengers Bengaluru,field,Punjab Kings,runs,34,180,20,N,Normal,S Ravi,VK Sharma,0,Punjab Kings
1254084,2021,Delhi,2021-05-01,League,KA Pollard,"Arun Jaitley Stadium, Delhi",Chennai Super Kings,Mumbai Indians,Mumbai Indians,field,Mumbai Indians,wickets,4,219,20,N,Normal,KN Ananthapadmanabhan,CK Nandan,1,Chennai Super Kings
1254085,2021,Delhi,2021-05-02,League,JC Buttler,"Arun Jaitley Stadium, Delhi",Rajasthan Royals,Sunrisers Hyderabad,Sunrisers Hyderabad,field,Rajasthan Royals,runs,55,221,20,N,Normal,C Shamshuddin,CB Gaffaney,0,Rajasthan Royals
1254086,2021,Ahmedabad,2021-05-02,League,MA Agarwal,"Narendra Modi Stadium, Ahmedabad",Punjab Kings,Delhi Capitals,Delhi Capitals,field,Delhi Capitals,wickets,7,167,20,N,Normal,AK Chaudhary,AY Dandekar,1,Punjab Kings
1254104,2021,Dubai,2021-09-19,League,RD Gaikwad,Dubai International Cricket Stadium,Chennai Super Kings,Mumbai Indians,Chennai Super Kings,bat,Chennai Super Kings,runs,20,157,20,N,Normal,Nitin Menon,RK Illingworth,1,Chennai Super Kings
1254087,2021,Abu Dhabi,2021-09-20,League,CV Varun,"Zayed Cricket Stadium, Abu Dhabi",Royal Challengers Bengaluru,Kolkata Knight Riders,Royal Challengers Bengaluru,bat,Kolkata Knight Riders,wickets,9,93,20,N,Normal,CB Gaffaney,S Ravi,0,Royal Challengers Bengaluru
1254111,2021,Dubai,2021-09-21,League,Kartik Tyagi,Dubai International Cricket Stadium,Rajasthan Royals,Punjab Kings,Punjab Kings,field,Rajasthan Royals,runs,2,186,20,N,Normal,AK Chaudhary,MA Gough,0,Rajasthan Royals
1254105,2021,Dubai,2021-09-22,League,A Nortje,Dubai International Cricket Stadium,Sunrisers Hyderabad,Delhi Capitals,Sunrisers Hyderabad,bat,Delhi Capitals,wickets,8,135,20,N,Normal,KN Ananthapadmanabhan,RK Illingworth,0,Sunrisers Hyderabad
1254096,2021,Abu Dhabi,2021-09-23,League,SP Narine,"Zayed Cricket Stadium, Abu Dhabi",Mumbai Indians,Kolkata Knight Riders,Kolkata Knight Riders,field,Kolkata Knight Riders,wickets,7,156,20,N,Normal,S Ravi,VK Sharma,1,Mumbai Indians
1254113,2021,Sharjah,2021-09-24,League,DJ Bravo,Sharjah Cricket Stadium,Royal Challengers Bengaluru,Chennai Super Kings,Chennai Super Kings,field,Chennai Super Kings,wickets,6,157,20,N,Normal,AK Chaudhary,Nitin Menon,1,Royal Challengers Bengaluru
1254097,2021,Abu Dhabi,2021-09-25,League,SS Iyer,"Zayed Cricket Stadium, Abu Dhabi",Delhi Capitals,Rajasthan Royals,Rajasthan Royals,field,Delhi Capitals,runs,33,155,20,N,Normal,CB Gaffaney,UV Gandhe,0,Delhi Capitals
1254107,2021,Sharjah,2021-09-25,League,JO Holder,Sharjah Cricket Stadium,Punjab Kings,Sunrisers Hyderabad,Sunrisers Hyderabad,field,Punjab Kings,runs,5,126,20,N,Normal,RK Illingworth,YC Barde,0,Punjab Kings
1254098,2021,Abu Dhabi,2021-09-26,League,RA Jadeja,"Zayed Cricket Stadium, Abu Dhabi",Kolkata Knight Riders,Chennai Super Kings,Kolkata Knight Riders,bat,Chennai Super Kings,wickets,2,172,20,N,Normal,CB Gaffaney,Tapan Sharma,0,Kolkata Knight Riders
1254108,2021,Dubai,2021-09-26,League,GJ Maxwell,Dubai International Cricket Stadium,Royal Challengers Bengaluru,Mumbai Indians,Mumbai Indians,field,Royal Challengers Bengaluru,runs,54,166,20,N,Normal,AK Chaudhary,MA Gough,0,Royal Challengers Bengaluru
1254100,2021,Dubai,2021-09-27,League,JJ Roy,Dubai International Cricket Stadium,Rajasthan Royals,Sunrisers Hyderabad,Rajasthan Royals,bat,Sunrisers Hyderabad,wickets,7,165,20,N,Normal,KN Ananthapadmanabhan,Navdeep Singh,0,Rajasthan Royals
1254092,2021,Sharjah,2021-09-28,League,SP Narine,Sharjah Cricket Stadium,Delhi Capitals,Kolkata Knight Riders,Kolkata Knight Riders,field,Kolkata Knight Riders,wickets,3,128,20,N,Normal,Nitin Menon,HAS Khalid,1,Delhi Capitals
1254099,2021,Abu Dhabi,2021-09-28,League,KA Pollard,"Zayed Cricket Stadium, Abu Dhabi",Punjab Kings,Mumbai Indians,Mumbai Indians,field,Mumbai Indians,wickets,6,136,20,N,Normal,S Ravi,VK Sharma,1,Punjab Kings
1254103,2021,Dubai,2021-09-29,League,YS Chahal,Dubai International Cricket Stadium,Rajasthan Royals,Royal Challengers Bengaluru,Royal Challengers Bengaluru,field,Royal Challengers Bengaluru,wickets,7,150,20,N,Normal,AY Dandekar,KN Ananthapadmanabhan,1,Rajasthan Royals
1254091,2021,Sharjah,2021-09-30,League,JR Hazlewood,Sharjah Cricket Stadium,Sunrisers Hyderabad,Chennai Super Kings,Chennai Super Kings,field,Chennai Super Kings,wickets,6,135,20,N,Normal,Nitin Menon,YC Barde,1,Sunrisers Hyderabad
1254102,2021,Dubai,2021-10-01,League,KL Rahul,Dubai International Cricket Stadium,Kolkata Knight Riders,Punjab Kings,Punjab Kings,field,Punjab Kings,wickets,5,166,20,N,Normal,KN Ananthapadmanabhan,RK Illingworth,1,Kolkata Knight Riders
1254089,2021,Abu Dhabi,2021-10-02,League,RD Gaikwad,"Zayed Cricket Stadium, Abu Dhabi",Chennai Super Kings,Rajasthan Royals,Rajasthan Royals,field,Rajasthan Royals,wickets,7,190,20,N,Normal,CB Gaffaney,VK Sharma,1,Chennai Super Kings
1254112,2021,Sharjah,2021-10-02,League,AR Patel,Sharjah Cricket Stadium,Mumbai Indians,Delhi Capitals,Delhi Capitals,field,Delhi Capitals,wickets,4,130,20,N,Normal,AK Chaudhary,MA Gough,1,Mumbai Indians
1254090,2021,Sharjah,2021-10-03,League,GJ Maxwell,Sharjah Cricket Stadium,Royal Challengers Bengaluru,Punjab Kings,Royal Challengers Bengaluru,bat,Royal Challengers Bengaluru,runs,6,165,20,N,Normal,KN Ananthapadmanabhan,RK Illingworth,1,Royal Challengers Bengaluru
1254109,2021,Dubai,2021-10-03,League,Shubman Gill,Dubai International Cricket Stadium,Sunrisers Hyderabad,Kolkata Knight Riders,Sunrisers Hyderabad,bat,Kolkata Knight Riders,wickets,6,116,20,N,Normal,J Madanagopal,MA Gough,0,Sunrisers Hyderabad
1254110,2021,Dubai,2021-10-04,League,AR Patel,Dubai International Cricket Stadium,Chennai Super Kings,Delhi Capitals,Delhi Capitals,field,Delhi Capitals,wickets,3,137,20,N,Normal,AK Chaudhary,Nitin Menon,1,Chennai Super Kings
1254093,2021,Sharjah,2021-10-05,League,NM Coulter-Nile,Sharjah Cricket Stadium,Rajasthan Royals,Mumbai Indians,Mumbai Indians,field,Mumbai Indians,wickets,8,91,20,N,Normal,AK Chaudhary,MA Gough,1,Rajasthan Royals
1254095,2021,Abu Dhabi,2021-10-06,League,KS Williamson,"Zayed Cricket Stadium, Abu Dhabi",Sunrisers Hyderabad,Royal Challengers Bengaluru,Royal Challengers Bengaluru,field,Sunrisers Hyderabad,runs,4,142,20,N,Normal,S Ravi,UV Gandhe,0,Sunrisers Hyderabad
1254094,2021,Dubai,2021-10-07,League,KL Rahul,Dubai International Cricket Stadium,Chennai Super Kings,Punjab Kings,Punjab Kings,field,Punjab Kings,wickets,6,135,20,N,Normal,K Srinivasan,RK Illingworth,1,Chennai Super Kings
1254106,2021,Sharjah,2021-10-07,League,Shivam Mavi,Sharjah Cricket Stadium,Kolkata Knight Riders,Rajasthan Royals,Rajasthan Royals,field,Kolkata Knight Riders,runs,86,172,20,N,Normal,MA Gough,HAS Khalid,0,Kolkata Knight Riders
1254088,2021,Abu Dhabi,2021-10-08,League,Ishan Kishan,"Zayed Cricket Stadium, Abu Dhabi",Mumbai Indians,Sunrisers Hyderabad,Mumbai Indians,bat,Mumbai Indians,runs,42,236,20,N,Normal,Tapan Sharma,VK Sharma,1,Mumbai Indians
1254101,2021,Dubai,2021-10-08,League,KS Bharat,Dubai International Cricket Stadium,Delhi Capitals,Royal Challengers Bengaluru,Royal Challengers Bengaluru,field,Royal Challengers Bengaluru,wickets,7,165,20,N,Normal,KN Ananthapadmanabhan,Nitin Menon,1,Delhi Capitals
1254114,2021,Dubai,2021-10-10,Qualifier 1,RD Gaikwad,Dubai International Cricket Stadium,Delhi Capitals,Chennai Super Kings,Chennai Super Kings,field,Chennai Super Kings,wickets,4,173,20,N,Normal,Nitin Menon,RK Illingworth,1,Delhi Capitals
1254115,2021,Sharjah,2021-10-11,Eliminator,SP Narine,Sharjah Cricket Stadium,Royal Challengers Bengaluru,Kolkata Knight Riders,Royal Challengers Bengaluru,bat,Kolkata Knight Riders,wickets,4,139,20,N,Normal,CB Gaffaney,VK Sharma,0,Royal Challengers Bengaluru
1254116,2021,Sharjah,2021-10-13,Qualifier 2,VR Iyer,Sharjah Cricket Stadium,Delhi Capitals,Kolkata Knight Riders,Kolkata Knight Riders,field,Kolkata Knight Riders,wickets,3,136,20,N,Normal,KN Ananthapadmanabhan,MA Gough,1,Delhi Capitals
1254117,2021,Dubai,2021-10-15,Final,F du Plessis,Dubai International Cricket Stadium,Chennai Super Kings,Kolkata Knight Riders,Kolkata Knight Riders,field,Chennai Super Kings,runs,27,193,20,N,Normal,Nitin Menon,RK Illingworth,0,Chennai Super Kings
1304047,2022,Mumbai,2022-03-26,League,UT Yadav,"Wankhede Stadium, Mumbai",Chennai Super Kings,Kolkata Knight Riders,Kolkata Knight Riders,field,Kolkata Knight Riders,wickets,6,132,20,N,Normal,AK Chaudhary,Nitin Menon,1,Chennai Super Kings
1304048,2022,Mumbai,2022-03-27,League,Kuldeep Yadav,"Brabourne Stadium, Mumbai",Mumbai Indians,Delhi Capitals,Delhi Capitals,field,Delhi Capitals,wickets,4,178,20,N,Normal,RJ Tucker,HAS Khalid,1,Mumbai Indians
1304049,2022,Mumbai,2022-03-27,League,OF Smith,"Dr DY Patil Sports Academy, Mumbai",Royal Challengers Bengaluru,Punjab Kings,Punjab Kings,field,Punjab Kings,wickets,5,206,20,N,Normal,Nitin Menon,YC Barde,1,Royal Challengers Bengaluru
1304050,2022,Mumbai,2022-03-28,League,Mohammed Shami,"Wankhede Stadium, Mumbai",Lucknow Super Giants,Gujarat Titans,Gujarat Titans,field,Gujarat Titans,wickets,5,159,20,N,Normal,PG Pathak,VK Sharma,1,Lucknow Super Giants
1304051,2022,Pune,2022-03-29,League,SV Samson,"MCA Stadium, Pune",Rajasthan Royals,Sunrisers Hyderabad,Sunrisers Hyderabad,field,Rajasthan Royals,runs,61,211,20,N,Normal,BNJ Oxenford,UV Gandhe,0,Rajasthan Royals
1304052,2022,Mumbai,2022-03-30,League,PWH de Silva,"Dr DY Patil Sports Academy, Mumbai",Kolkata Knight Riders,Royal Challengers Bengaluru,Royal Challengers Bengaluru,field,Royal Challengers Bengaluru,wickets,3,129,20,N,Normal,J Madanagopal,Navdeep Singh,1,Kolkata Knight Riders
1304053,2022,Mumbai,2022-03-31,League,E Lewis,"Brabourne Stadium, Mumbai",Chennai Super Kings,Lucknow Super Giants,Lucknow Super Giants,field,Lucknow Super Giants,wickets,6,211,20,N,Normal,RJ Tucker,VK Sharma,1,Chennai Super Kings
1304054,2022,Mumbai,2022-04-01,League,UT Yadav,"Wankhede Stadium, Mumbai",Punjab Kings,Kolkata Knight Riders,Kolkata Knight Riders,field,Kolkata Knight Riders,wickets,6,138,20,N,Normal,AK Chaudhary,HAS Khalid,1,Punjab Kings
1304055,2022,Mumbai,2022-04-02,League,JC Buttler,"Dr DY Patil Sports Academy, Mumbai",Rajasthan Royals,Mumbai Indians,Mumbai Indians,field,Rajasthan Royals,runs,23,194,20,N,Normal,Nitin Menon,PG Pathak,0,Rajasthan Royals
1304056,2022,Pune,2022-04-02,League,LH Ferguson,"MCA Stadium, Pune",Gujarat Titans,Delhi Capitals,Delhi Capitals,field,Gujarat Titans,runs,14,172,20,N,Normal,KN Ananthapadmanabhan,UV Gandhe,0,Gujarat Titans
1304057,2022,Mumbai,2022-04-03,League,LS Livingstone,"Brabourne Stadium, Mumbai",Punjab Kings,Chennai Super Kings,Chennai Super Kings,field,Punjab Kings,runs,54,181,20,N,Normal,RJ Tucker,YC Barde,0,Punjab Kings
1304058,2022,Mumbai,2022-04-04,League,Avesh Khan,"Dr DY Patil Sports Academy, Mumbai",Lucknow Super Giants,Sunrisers Hyderabad,Sunrisers Hyderabad,field,Lucknow Super Giants,runs,12,170,20,N,Normal,J Madanagopal,Navdeep Singh,0,Lucknow Super Giants
1304059,2022,Mumbai,2022-04-05,League,KD Karthik,"Wankhede Stadium, Mumbai",Rajasthan Royals,Royal Challengers Bengaluru,Royal Challengers Bengaluru,field,Royal Challengers Bengaluru,wickets,4,170,20,N,Normal,AK Chaudhary,HAS Khalid,1,Rajasthan Royals
1304060,2022,Pune,2022-04-06,League,PJ Cummins,"MCA Stadium, Pune",Mumbai Indians,Kolkata Knight Riders,Kolkata Knight Riders,field,Kolkata Knight Riders,wickets,5,162,20,N,Normal,BNJ Oxenford,KN Ananthapadmanabhan,1,Mumbai Indians
1304061,2022,Mumbai,2022-04-07,League,Q de Kock,"Dr DY Patil Sports Academy, Mumbai",Delhi Capitals,Lucknow Super Giants,Lucknow Super Giants,field,Lucknow Super Giants,wickets,6,150,20,N,Normal,RJ Tucker,Tapan Sharma,1,Delhi Capitals
1304062,2022,Mumbai,2022-04-08,League,Shubman Gill,"Brabourne Stadium, Mumbai",Punjab Kings,Gujarat Titans,Gujarat Titans,field,Gujarat Titans,wickets,6,190,20,N,Normal,AK Chaudhary,VK Sharma,1,Punjab Kings
1304063,2022,Mumbai,2022-04-09,League,Abhishek Sharma,"Dr DY Patil Sports Academy, Mumbai",Chennai Super Kings,Sunrisers Hyderabad,Sunrisers Hyderabad,field,Sunrisers Hyderabad,wickets,8,155,20,N,Normal,Navdeep Singh,Nitin Menon,1,Chennai Super Kings
1304064,2022,Pune,2022-04-09,League,Anuj Rawat,"MCA Stadium, Pune",Mumbai Indians,Royal Challengers Bengaluru,Royal Challengers Bengaluru,field,Royal Challengers Bengaluru,wickets,7,152,20,N,Normal,BNJ Oxenford,KN Ananthapadmanabhan,1,Mumbai Indians
1304065,2022,Mumbai,2022-04-10,League,Kuldeep Yadav,"Brabourne Stadium, Mumbai",Delhi Capitals,Kolkata Knight Riders,Kolkata Knight Riders,field,Delhi Capitals,runs,44,216,20,N,Normal,CB Gaffaney,J Madanagopal,0,Delhi Capitals
1304066,2022,Mumbai,2022-04-10,League,YS Chahal,"Wankhede Stadium, Mumbai",Rajasthan Royals,Lucknow Super Giants,Lucknow Super Giants,field,Rajasthan Royals,runs,3,166,20,N,Normal,AK Chaudhary,Tapan Sharma,0,Rajasthan Royals
1304067,2022,Mumbai,2022-04-11,League,KS Williamson,"Dr DY Patil Sports Academy, Mumbai",Gujarat Titans,Sunrisers Hyderabad,Sunrisers Hyderabad,field,Sunrisers Hyderabad,wickets,8,163,20,N,Normal,Chirra Ravikanthreddy,RJ Tucker,1,Gujarat Titans
1304068,2022,Mumbai,2022-04-12,League,S Dube,"Dr DY Patil Sports Academy, Mumbai",Chennai Super Kings,Royal Challengers Bengaluru,Royal Challengers Bengaluru,field,Chennai Super Kings,runs,23,217,20,N,Normal,Nitin Menon,N Pandit,0,Chennai Super Kings
1304069,2022,Pune,2022-04-13,League,MA Agarwal,"MCA Stadium, Pune",Punjab Kings,Mumbai Indians,Mumbai Indians,field,Punjab Kings,runs,12,199,20,N,Normal,BNJ Oxenford,UV Gandhe,0,Punjab Kings
1304070,2022,Mumbai,2022-04-14,League,HH Pandya,"Dr DY Patil Sports Academy, Mumbai",Gujarat Titans,Rajasthan Royals,Rajasthan Royals,field,Gujarat Titans,runs,37,193,20,N,Normal,CB Gaffaney,R Pandit,0,Gujarat Titans
1304071,2022,Mumbai,2022-04-15,League,RA Tripathi,"Brabourne Stadium, Mumbai",Kolkata Knight Riders,Sunrisers Hyderabad,Sunrisers Hyderabad,field,Sunrisers Hyderabad,wickets,7,176,20,N,Normal,GR Sadashiv Iyer,VK Sharma,1,Kolkata Knight Riders
1304072,2022,Mumbai,2022-04-16,League,KL Rahul,"Brabourne Stadium, Mumbai",Lucknow Super Giants,Mumbai Indians,Mumbai Indians,field,Lucknow Super Giants,runs,18,200,20,N,Normal,AK Chaudhary,NA Patwardhan,0,Lucknow Super Giants
1304073,2022,Mumbai,2022-04-16,League,KD Karthik,"Wankhede Stadium, Mumbai",Royal Challengers Bengaluru,Delhi Capitals,Delhi Capitals,field,Royal Challengers Bengaluru,runs,16,190,20,N,Normal,Chirra Ravikanthreddy,J Madanagopal,0,Royal Challengers Bengaluru
1304074,2022,Mumbai,2022-04-17,League,Umran Malik,"Dr DY Patil Sports Academy, Mumbai",Punjab Kings,Sunrisers Hyderabad,Sunrisers Hyderabad,field,Sunrisers Hyderabad,wickets,7,152,20,N,Normal,PG Pathak,R Pandit,1,Punjab Kings
1304075,2022,Pune,2022-04-17,League,DA Miller,"MCA Stadium, Pune",Chennai Super Kings,Gujarat Titans,Gujarat Titans,field,Gujarat Titans,wickets,3,170,20,N,Normal,KN Ananthapadmanabhan,UV Gandhe,1,Chennai Super Kings
1304076,2022,Mumbai,2022-04-18,League,YS Chahal,"Brabourne Stadium, Mumbai",Rajasthan Royals,Kolkata Knight Riders,Kolkata Knight Riders,field,Rajasthan Royals,runs,7,218,20,N,Normal,GR Sadashiv Iyer,VK Sharma,0,Rajasthan Royals
1304077,2022,Mumbai,2022-04-19,League,F du Plessis,"Dr DY Patil Sports Academy, Mumbai",Royal Challengers Bengaluru,Lucknow Super Giants,Lucknow Super Giants,field,Royal Challengers Bengaluru,runs,18,182,20,N,Normal,CB Gaffaney,N Pandit,0,Royal Challengers Bengaluru
1304078,2022,Mumbai,2022-04-20,League,Kuldeep Yadav,"Brabourne Stadium, Mumbai",Punjab Kings,Delhi Capitals,Delhi Capitals,field,Delhi Capitals,wickets,9,116,20,N,Normal,RJ Tucker,Tapan Sharma,1,Punjab Kings
1304079,2022,Navi Mumbai,2022-04-21,League,Mukesh Choudhary,"Dr DY Patil Sports Academy, Mumbai",Mumbai Indians,Chennai Super Kings,Chennai Super Kings,field,Chennai Super Kings,wickets,3,156,20,N,Normal,BNJ Oxenford,UV Gandhe,1,Mumbai Indians
1304080,2022,Mumbai,2022-04-22,League,JC Buttler,"Wankhede Stadium, Mumbai",Rajasthan Royals,Delhi Capitals,Delhi Capitals,field,Rajasthan Royals,runs,15,223,20,N,Normal,NA Patwardhan,Nitin Menon,0,Rajasthan Royals
1304081,2022,Navi Mumbai,2022-04-23,League,Rashid Khan,"Dr DY Patil Sports Academy, Mumbai",Gujarat Titans,Kolkata Knight Riders,Gujarat Titans,bat,Gujarat Titans,runs,8,157,20,N,Normal,KN Ananthapadmanabhan,UV Gandhe,1,Gujarat Titans
1304082,2022,Mumbai,2022-04-23,League,M Jansen,"Brabourne Stadium, Mumbai",Royal Challengers Bengaluru,Sunrisers Hyderabad,Sunrisers Hyderabad,field,Sunrisers Hyderabad,wickets,9,69,20,N,Normal,Chirra Ravikanthreddy,J Madanagopal,1,Royal Challengers Bengaluru
1304083,2022,Mumbai,2022-04-24,League,KL Rahul,"Wankhede Stadium, Mumbai",Lucknow Super Giants,Mumbai Indians,Mumbai Indians,field,Lucknow Super Giants,runs,36,169,20,N,Normal,M Erasmus,HAS Khalid,0,Lucknow Super Giants
1304084,2022,Mumbai,2022-04-25,League,S Dhawan,"Wankhede Stadium, Mumbai",Punjab Kings,Chennai Super Kings,Chennai Super Kings,field,Punjab Kings,runs,11,188,20,N,Normal,M Erasmus,Tapan Sharma,0,Punjab Kings
1304085,2022,Pune,2022-04-26,League,R Parag,"MCA Stadium, Pune",Rajasthan Royals,Royal Challengers Bengaluru,Royal Challengers Bengaluru,field,Rajasthan Royals,runs,29,145,20,N,Normal,BNJ Oxenford,KN Ananthapadmanabhan,0,Rajasthan Royals
1304086,2022,Mumbai,2022-04-27,League,Umran Malik,"Wankhede Stadium, Mumbai",Sunrisers Hyderabad,Gujarat Titans,Gujarat Titans,field,Gujarat Titans,wickets,5,196,20,N,Normal,CB Gaffaney,Navdeep Singh,1,Sunrisers Hyderabad
1304087,2022,Mumbai,2022-04-28,League,Kuldeep Yadav,"Wankhede Stadium, Mumbai",Kolkata Knight Riders,Delhi Capitals,Delhi Capitals,field,Delhi Capitals,wickets,4,147,20,N,Normal,AK Chaudhary,PG Pathak,1,Kolkata Knight Riders
1304088,2022,Pune,2022-04-29,League,KH Pandya,"MCA Stadium, Pune",Lucknow Super Giants,Punjab Kings,Punjab Kings,field,Lucknow Super Giants,runs,20,154,20,N,Normal,MA Gough,UV Gandhe,0,Lucknow Super Giants
1304089,2022,Mumbai,2022-04-30,League,R Tewatia,"Brabourne Stadium, Mumbai",Royal Challengers Bengaluru,Gujarat Titans,Royal Challengers Bengaluru,bat,Gujarat Titans,wickets,6,171,20,N,Normal,HAS Khalid,VK Sharma,0,Royal Challengers Bengaluru
1304090,2022,Navi Mumbai,2022-04-30,League,SA Yadav,"Dr DY Patil Sports Academy, Mumbai",Rajasthan Royals,Mumbai Indians,Mumbai Indians,field,Mumbai Indians,wickets,5,159,20,N,Normal,BNJ Oxenford,YC Barde,1,Rajasthan Royals
1304091,2022,Mumbai,2022-05-01,League,Mohsin Khan,"Wankhede Stadium, Mumbai",Lucknow Super Giants,Delhi Capitals,Lucknow Super Giants,bat,Lucknow Super Giants,runs,6,196,20,N,Normal,Chirra Ravikanthreddy,CB Gaffaney,1,Lucknow Super Giants
1304092,2022,Pune,2022-05-01,League,RD Gaikwad,"MCA Stadium, Pune",Chennai Super Kings,Sunrisers Hyderabad,Sunrisers Hyderabad,field,Chennai Super Kings,runs,13,203,20,N,Normal,AK Chaudhary,KN Ananthapadmanabhan,0,Chennai Super Kings
1304093,2022,Mumbai,2022-05-02,League,RK Singh,"Wankhede Stadium, Mumbai",Rajasthan Royals,Kolkata Knight Riders,Kolkata Knight Riders,field,Kolkata Knight Riders,wickets,7,153,20,N,Normal,J Madanagopal,N Pandit,1,Rajasthan Royals
1304094,2022,Navi Mumbai,2022-05-03,League,K Rabada,"Dr DY Patil Sports Academy, Mumbai",Gujarat Titans,Punjab Kings,Gujarat Titans,bat,Punjab Kings,wickets,8,144,20,N,Normal,R Pandit,VK Sharma,0,Gujarat Titans
1304095,2022,Pune,2022-05-04,League,HV Patel,"MCA Stadium, Pune",Royal Challengers Bengaluru,Chennai Super Kings,Chennai Super Kings,field,Royal Challengers Bengaluru,runs,13,174,20,N,Normal,KN Ananthapadmanabhan,MA Gough,0,Royal Challengers Bengaluru
1304096,2022,Mumbai,2022-05-05,League,DA Warner,"Brabourne Stadium, Mumbai",Delhi Capitals,Sunrisers Hyderabad,Sunrisers Hyderabad,field,Delhi Capitals,runs,21,208,20,N,Normal,Navdeep Singh,NA Patwardhan,0,Delhi Capitals
1304097,2022,Mumbai,2022-05-06,League,TH David,"Brabourne Stadium, Mumbai",Mumbai Indians,Gujarat Titans,Gujarat Titans,field,Mumbai Indians,runs,5,178,20,N,Normal,J Madanagopal,GR Sadashiv Iyer,0,Mumbai Indians
1304098,2022,Mumbai,2022-05-07,League,YBK Jaiswal,"Wankhede Stadium, Mumbai",Punjab Kings,Rajasthan Royals,Punjab Kings,bat,Rajasthan Royals,wickets,6,190,20,N,Normal,Chirra Ravikanthreddy,YC Barde,0,Punjab Kings
1304099,2022,Pune,2022-05-07,League,Avesh Khan,"MCA Stadium, Pune",Lucknow Super Giants,Kolkata Knight Riders,Kolkata Knight Riders,field,Lucknow Super Giants,runs,75,177,20,N,Normal,AK Chaudhary,MA Gough,0,Lucknow Super Giants
1304100,2022,Mumbai,2022-05-08,League,PWH de Silva,"Wankhede Stadium, Mumbai",Royal Challengers Bengaluru,Sunrisers Hyderabad,Royal Challengers Bengaluru,bat,Royal Challengers Bengaluru,runs,67,193,20,N,Normal,BNJ Oxenford,N Pandit,1,Royal Challengers Bengaluru
1304101,2022,Navi Mumbai,2022-05-08,League,DP Conway,"Dr DY Patil Sports Academy, Mumbai",Chennai Super Kings,Delhi Capitals,Delhi Capitals,field,Chennai Super Kings,runs,91,209,20,N,Normal,Nitin Menon,R Pandit,0,Chennai Super Kings
1304102,2022,Navi Mumbai,2022-05-09,League,JJ Bumrah,"Dr DY Patil Sports Academy, Mumbai",Kolkata Knight Riders,Mumbai Indians,Mumbai Indians,field,Kolkata Knight Riders,runs,52,166,20,N,Normal,CB Gaffaney,GR Sadashiv Iyer,0,Kolkata Knight Riders
1304103,2022,Pune,2022-05-10,League,Shubman Gill,"MCA Stadium, Pune",Gujarat Titans,Lucknow Super Giants,Gujarat Titans,bat,Gujarat Titans,runs,62,145,20,N,Normal,KN Ananthapadmanabhan,MA Gough,1,Gujarat Titans
1304104,2022,Navi Mumbai,2022-05-11,League,MR Marsh,"Dr DY Patil Sports Academy, Mumbai",Rajasthan Royals,Delhi Capitals,Delhi Capitals,field,Delhi Capitals,wickets,8,161,20,N,Normal,NA Patwardhan,Nitin Menon,1,Rajasthan Royals
1304105,2022,Mumbai,2022-05-12,League,DR Sams,"Wankhede Stadium, Mumbai",Chennai Super Kings,Mumbai Indians,Mumbai Indians,field,Mumbai Indians,wickets,5,98,20,N,Normal,Chirra Ravikanthreddy,CB Gaffaney,1,Chennai Super Kings
1304106,2022,Mumbai,2022-05-13,League,JM Bairstow,"Brabourne Stadium, Mumbai",Punjab Kings,Royal Challengers Bengaluru,Royal Challengers Bengaluru,field,Punjab Kings,runs,54,210,20,N,Normal,J Madanagopal,N Pandit,0,Punjab Kings
1304107,2022,Pune,2022-05-14,League,AD Russell,"MCA Stadium, Pune",Kolkata Knight Riders,Sunrisers Hyderabad,Kolkata Knight Riders,bat,Kolkata Knight Riders,runs,54,178,20,N,Normal,AK Chaudhary,KN Ananthapadmanabhan,1,Kolkata Knight Riders
1304108,2022,Mumbai,2022-05-15,League,WP Saha,"Wankhede Stadium, Mumbai",Chennai Super Kings,Gujarat Titans,Chennai Super Kings,bat,Gujarat Titans,wickets,7,134,20,N,Normal,R Pandit,VK Sharma,0,Chennai Super Kings
1304109,2022,Mumbai,2022-05-15,League,TA Boult,"Brabourne Stadium, Mumbai",Rajasthan Royals,Lucknow Super Giants,Rajasthan Royals,bat,Rajasthan Royals,runs,24,179,20,N,Normal,PG Pathak,Tapan Sharma,1,Rajasthan Royals
1304110,2022,Navi Mumbai,2022-05-16,League,SN Thakur,"Dr DY Patil Sports Academy, Mumbai",Delhi Capitals,Punjab Kings,Punjab Kings,field,Delhi Capitals,runs,17,160,20,N,Normal,GR Sadashiv Iyer,Nitin Menon,0,Delhi Capitals
1304111,2022,Mumbai,2022-05-17,League,RA Tripathi,"Wankhede Stadium, Mumbai",Sunrisers Hyderabad,Mumbai Indians,Mumbai Indians,field,Sunrisers Hyderabad,runs,3,194,20,N,Normal,CB Gaffaney,N Pandit,0,Sunrisers Hyderabad
1304112,2022,Navi Mumbai,2022-05-18,League,Q de Kock,"Dr DY Patil Sports Academy, Mumbai",Lucknow Super Giants,Kolkata Knight Riders,Lucknow Super Giants,bat,Lucknow Super Giants,runs,2,211,20,N,Normal,R Pandit,YC Barde,1,Lucknow Super Giants
1304113,2022,Mumbai,2022-05-19,League,V Kohli,"Wankhede Stadium, Mumbai",Gujarat Titans,Royal Challengers Bengaluru,Gujarat Titans,bat,Royal Challengers Bengaluru,wickets,8,169,20,N,Normal,KN Ananthapadmanabhan,GR Sadashiv Iyer,0,Gujarat Titans
1304114,2022,Mumbai,2022-05-20,League,R Ashwin,"Brabourne Stadium, Mumbai",Chennai Super Kings,Rajasthan Royals,Chennai Super Kings,bat,Rajasthan Royals,wickets,5,151,20,N,Normal,CB Gaffaney,NA Patwardhan,0,Chennai Super Kings
1304115,2022,Mumbai,2022-05-21,League,JJ Bumrah,"Wankhede Stadium, Mumbai",Delhi Capitals,Mumbai Indians,Mumbai Indians,field,Mumbai Indians,wickets,5,160,20,N,Normal,Nitin Menon,Tapan Sharma,1,Delhi Capitals
1304116,2022,Mumbai,2022-05-22,League,Harpreet Brar,"Wankhede Stadium, Mumbai",Sunrisers Hyderabad,Punjab Kings,Sunrisers Hyderabad,bat,Punjab Kings,wickets,5,158,20,N,Normal,AK Chaudhary,NA Patwardhan,0,Sunrisers Hyderabad
1312197,2022,Kolkata,2022-05-24,Qualifier 1,DA Miller,"Eden Gardens, Kolkata",Rajasthan Royals,Gujarat Titans,Gujarat Titans,field,Gujarat Titans,wickets,7,189,20,N,Normal,BNJ Oxenford,VK Sharma,1,Rajasthan Royals
1312198,2022,Kolkata,2022-05-25,Eliminator,RM Patidar,"Eden Gardens, Kolkata",Royal Challengers Bengaluru,Lucknow Super Giants,Lucknow Super Giants,field,Royal Challengers Bengaluru,runs,14,208,20,N,Normal,J Madanagopal,MA Gough,0,Royal Challengers Bengaluru
1312199,2022,Ahmedabad,2022-05-27,Qualifier 2,JC Buttler,"Narendra Modi Stadium, Ahmedabad",Royal Challengers Bengaluru,Rajasthan Royals,Rajasthan Royals,field,Rajasthan Royals,wickets,7,158,20,N,Normal,CB Gaffaney,Nitin Menon,1,Royal Challengers Bengaluru
1312200,2022,Ahmedabad,2022-05-29,Final,HH Pandya,"Narendra Modi Stadium, Ahmedabad",Rajasthan Royals,Gujarat Titans,Rajasthan Royals,bat,Gujarat Titans,wickets,7,131,20,N,Normal,CB Gaffaney,Nitin Menon,0,Rajasthan Royals
1359475,2023,Ahmedabad,2023-03-31,League,Rashid Khan,"Narendra Modi Stadium, Ahmedabad",Chennai Super Kings,Gujarat Titans,Gujarat Titans,field,Gujarat Titans,wickets,5,179,20,N,Normal,Nitin Menon,HAS Khalid,1,Chennai Super Kings
1359476,2023,Chandigarh,2023-04-01,League,Arshdeep Singh,"PCA IS Bindra Stadium, Mohali",Punjab Kings,Kolkata Knight Riders,Kolkata Knight Riders,field,Punjab Kings,runs,7,154,16,N,D/L,BNJ Oxenford,YC Barde,0,Punjab Kings
1359477,2023,Lucknow,2023-04-01,League,MA Wood,"Bharat Ratna Shri Atal Bihari Vajpayee Ekana Cricket Stadium, Lucknow",Lucknow Super Giants,Delhi Capitals,Delhi Capitals,field,Lucknow Super Giants,runs,50,194,20,N,Normal,AK Chaudhary,NA Patwardhan,0,Lucknow Super Giants
1359478,2023,Hyderabad,2023-04-02,League,JC Buttler,"Rajiv Gandhi Intl Stadium, Hyderabad",Rajasthan Royals,Sunrisers Hyderabad,Sunrisers Hyderabad,field,Rajasthan Royals,runs,72,204,20,N,Normal,KN Ananthapadmanabhan,R Pandit,0,Rajasthan Royals
1359479,2023,Bengaluru,2023-04-02,League,F du Plessis,"M Chinnaswamy Stadium, Bengaluru",Mumbai Indians,Royal Challengers Bengaluru,Royal Challengers Bengaluru,field,Royal Challengers Bengaluru,wickets,8,172,20,N,Normal,Nitin Menon,Tapan Sharma,1,Mumbai Indians
1359480,2023,Chennai,2023-04-03,League,MM Ali,"MA Chidambaram Stadium, Chennai",Chennai Super Kings,Lucknow Super Giants,Lucknow Super Giants,field,Chennai Super Kings,runs,12,218,20,N,Normal,A Totre,BNJ Oxenford,0,Chennai Super Kings
1359481,2023,Delhi,2023-04-04,League,B Sai Sudharsan,"Arun Jaitley Stadium, Delhi",Delhi Capitals,Gujarat Titans,Gujarat Titans,field,Gujarat Titans,wickets,6,163,20,N,Normal,A Nand Kishore,GR Sadashiv Iyer,1,Delhi Capitals
1359482,2023,Guwahati,2023-04-05,League,NT Ellis,"Barsapara Cricket Stadium, Guwahati",Punjab Kings,Rajasthan Royals,Rajasthan Royals,field,Punjab Kings,runs,5,198,20,N,Normal,KN Ananthapadmanabhan,MV Saidharshan Kumar,0,Punjab Kings
1359483,2023,Kolkata,2023-04-06,League,SN Thakur,"Eden Gardens, Kolkata",Kolkata Knight Riders,Royal Challengers Bengaluru,Royal Challengers Bengaluru,field,Kolkata Knight Riders,runs,81,205,20,N,Normal,Vinod Seshan,VK Sharma,0,Kolkata Knight Riders
1359484,2023,Lucknow,2023-04-07,League,KH Pandya,"Bharat Ratna Shri Atal Bihari Vajpayee Ekana Cricket Stadium, Lucknow",Sunrisers Hyderabad,Lucknow Super Giants,Sunrisers Hyderabad,bat,Lucknow Super Giants,wickets,5,122,20,N,Normal,J Madanagopal,YC Barde,0,Sunrisers Hyderabad
1359485,2023,Guwahati,2023-04-08,League,YBK Jaiswal,"Barsapara Cricket Stadium, Guwahati",Rajasthan Royals,Delhi Capitals,Delhi Capitals,field,Rajasthan Royals,runs,57,200,20,N,Normal,Navdeep Singh,MV Saidharshan Kumar,0,Rajasthan Royals
1359486,2023,Mumbai,2023-04-08,League,RA Jadeja,"Wankhede Stadium, Mumbai",Mumbai Indians,Chennai Super Kings,Chennai Super Kings,field,Chennai Super Kings,wickets,7,158,20,N,Normal,CB Gaffaney,NA Patwardhan,1,Mumbai Indians
1359487,2023,Ahmedabad,2023-04-09,League,RK Singh,"Narendra Modi Stadium, Ahmedabad",Gujarat Titans,Kolkata Knight Riders,Gujarat Titans,bat,Kolkata Knight Riders,wickets,3,205,20,N,Normal,Nitin Menon,Tapan Sharma,0,Gujarat Titans
1359488,2023,Hyderabad,2023-04-09,League,S Dhawan,"Rajiv Gandhi Intl Stadium, Hyderabad",Punjab Kings,Sunrisers Hyderabad,Sunrisers Hyderabad,field,Sunrisers Hyderabad,wickets,8,144,20,N,Normal,BNJ Oxenford,UV Gandhe,1,Punjab Kings
1359489,2023,Bengaluru,2023-04-10,League,N Pooran,"M Chinnaswamy Stadium, Bengaluru",Royal Challengers Bengaluru,Lucknow Super Giants,Lucknow Super Giants,field,Lucknow Super Giants,wickets,1,213,20,N,Normal,AK Chaudhary,A Nand Kishore,1,Royal Challengers Bengaluru
1359490,2023,Delhi,2023-04-11,League,RG Sharma,"Arun Jaitley Stadium, Delhi",Delhi Capitals,Mumbai Indians,Mumbai Indians,field,Mumbai Indians,wickets,6,173,20,N,Normal,MA Gough,R Pandit,1,Delhi Capitals
1359491,2023,Chennai,2023-04-12,League,R Ashwin,"MA Chidambaram Stadium, Chennai",Rajasthan Royals,Chennai Super Kings,Chennai Super Kings,field,Rajasthan Royals,runs,3,176,20,N,Normal,Vinod Seshan,VK Sharma,0,Rajasthan Royals
1359492,2023,Chandigarh,2023-04-13,League,MM Sharma,"PCA IS Bindra Stadium, Mohali",Punjab Kings,Gujarat Titans,Gujarat Titans,field,Gujarat Titans,wickets,6,154,20,N,Normal,A Totre,J Madanagopal,1,Punjab Kings
1359493,2023,Kolkata,2023-04-14,League,HC Brook,"Eden Gardens, Kolkata",Sunrisers Hyderabad,Kolkata Knight Riders,Kolkata Knight Riders,field,Sunrisers Hyderabad,runs,23,229,20,N,Normal,CB Gaffaney,GR Sadashiv Iyer,0,Sunrisers Hyderabad
1359494,2023,Bengaluru,2023-04-15,League,V Kohli,"M Chinnaswamy Stadium, Bengaluru",Royal Challengers Bengaluru,Delhi Capitals,Delhi Capitals,field,Royal Challengers Bengaluru,runs,23,175,20,N,Normal,KN Ananthapadmanabhan,MV Saidharshan Kumar,0,Royal Challengers Bengaluru
1359495,2023,Lucknow,2023-04-15,League,Sikandar Raza,"Bharat Ratna Shri Atal Bihari Vajpayee Ekana Cricket Stadium, Lucknow",Lucknow Super Giants,Punjab Kings,Punjab Kings,field,Punjab Kings,wickets,2,160,20,N,Normal,HAS Khalid,VK Sharma,1,Lucknow Super Giants
1359496,2023,Mumbai,2023-04-16,League,VR Iyer,"Wankhede Stadium, Mumbai",Kolkata Knight Riders,Mumbai Indians,Mumbai Indians,field,Mumbai Indians,wickets,5,186,20,N,Normal,BNJ Oxenford,UV Gandhe,1,Kolkata Knight Riders
1359497,2023,Ahmedabad,2023-04-16,League,SO Hetmyer,"Narendra Modi Stadium, Ahmedabad",Gujarat Titans,Rajasthan Royals,Rajasthan Royals,field,Rajasthan Royals,wickets,3,178,20,N,Normal,AK Chaudhary,CB Gaffaney,1,Gujarat Titans
1359498,2023,Bengaluru,2023-04-17,League,DP Conway,"M Chinnaswamy Stadium, Bengaluru",Chennai Super Kings,Royal Challengers Bengaluru,Royal Challengers Bengaluru,field,Chennai Super Kings,runs,8,227,20,N,Normal,KN Ananthapadmanabhan,Navdeep Singh,0,Chennai Super Kings
1359499,2023,Hyderabad,2023-04-18,League,C Green,"Rajiv Gandhi Intl Stadium, Hyderabad",Mumbai Indians,Sunrisers Hyderabad,Sunrisers Hyderabad,field,Mumbai Indians,runs,14,193,20,N,Normal,Nitin Menon,Vinod Seshan,0,Mumbai Indians
1359500,2023,Jaipur,2023-04-19,League,MP Stoinis,"Sawai Mansingh Stadium, Jaipur",Lucknow Super Giants,Rajasthan Royals,Rajasthan Royals,field,Lucknow Super Giants,runs,10,155,20,N,Normal,J Madanagopal,YC Barde,0,Lucknow Super Giants
1359501,2023,Chandigarh,2023-04-20,League,Mohammed Siraj,"PCA IS Bindra Stadium, Mohali",Royal Challengers Bengaluru,Punjab Kings,Punjab Kings,field,Royal Challengers Bengaluru,runs,24,175,20,N,Normal,AK Chaudhary,GR Sadashiv Iyer,0,Royal Challengers Bengaluru
1359502,2023,Delhi,2023-04-20,League,I Sharma,"Arun Jaitley Stadium, Delhi",Kolkata Knight Riders,Delhi Capitals,Delhi Capitals,field,Delhi Capitals,wickets,4,128,20,N,Normal,MA Gough,R Pandit,1,Kolkata Knight Riders
1359503,2023,Chennai,2023-04-21,League,RA Jadeja,"MA Chidambaram Stadium, Chennai",Sunrisers Hyderabad,Chennai Super Kings,Chennai Super Kings,field,Chennai Super Kings,wickets,7,135,20,N,Normal,HAS Khalid,VK Sharma,1,Sunrisers Hyderabad
1359504,2023,Lucknow,2023-04-22,League,MM Sharma,"Bharat Ratna Shri Atal Bihari Vajpayee Ekana Cricket Stadium, Lucknow",Gujarat Titans,Lucknow Super Giants,Gujarat Titans,bat,Gujarat Titans,runs,7,136,20,N,Normal,A Totre,RJ Tucker,1,Gujarat Titans
1359505,2023,Mumbai,2023-04-22,League,SM Curran,"Wankhede Stadium, Mumbai",Punjab Kings,Mumbai Indians,Mumbai Indians,field,Punjab Kings,runs,13,215,20,N,Normal,CB Gaffaney,GR Sadashiv Iyer,0,Punjab Kings
1359506,2023,Bengaluru,2023-04-23,League,GJ Maxwell,"M Chinnaswamy Stadium, Bengaluru",Royal Challengers Bengaluru,Rajasthan Royals,Rajasthan Royals,field,Royal Challengers Bengaluru,runs,7,190,20,N,Normal,MA Gough,MV Saidharshan Kumar,0,Royal Challengers Bengaluru
1359507,2023,Kolkata,2023-04-23,League,AM Rahane,"Eden Gardens, Kolkata",Chennai Super Kings,Kolkata Knight Riders,Kolkata Knight Riders,field,Chennai Super Kings,runs,49,236,20,N,Normal,Nitin Menon,Tapan Sharma,0,Chennai Super Kings
1359508,2023,Hyderabad,2023-04-24,League,AR Patel,"Rajiv Gandhi Intl Stadium, Hyderabad",Delhi Capitals,Sunrisers Hyderabad,Delhi Capitals,bat,Delhi Capitals,runs,7,145,20,N,Normal,J Madanagopal,RJ Tucker,1,Delhi Capitals
1359509,2023,Ahmedabad,2023-04-25,League,A Manohar,"Narendra Modi Stadium, Ahmedabad",Gujarat Titans,Mumbai Indians,Mumbai Indians,field,Gujarat Titans,runs,55,208,20,N,Normal,AK Chaudhary,A Nand Kishore,0,Gujarat Titans
1359510,2023,Bengaluru,2023-04-26,League,CV Varun,"M Chinnaswamy Stadium, Bengaluru",Kolkata Knight Riders,Royal Challengers Bengaluru,Royal Challengers Bengaluru,field,Kolkata Knight Riders,runs,21,201,20,N,Normal,KN Ananthapadmanabhan,R Pandit,0,Kolkata Knight Riders
1359511,2023,Jaipur,2023-04-27,League,YBK Jaiswal,"Sawai Mansingh Stadium, Jaipur",Rajasthan Royals,Chennai Super Kings,Rajasthan Royals,bat,Rajasthan Royals,runs,32,203,20,N,Normal,A Totre,YC Barde,1,Rajasthan Royals
1359512,2023,Chandigarh,2023-04-28,League,MP Stoinis,"PCA IS Bindra Stadium, Mohali",Lucknow Super Giants,Punjab Kings,Punjab Kings,field,Lucknow Super Giants,runs,56,258,20,N,Normal,Nitin Menon,Vinod Seshan,0,Lucknow Super Giants
1359513,2023,Kolkata,2023-04-29,League,J Little,"Eden Gardens, Kolkata",Kolkata Knight Riders,Gujarat Titans,Gujarat Titans,field,Gujarat Titans,wickets,7,180,20,N,Normal,NA Patwardhan,GR Sadashiv Iyer,1,Kolkata Knight Riders
1359514,2023,Delhi,2023-04-29,League,MR Marsh,"Arun Jaitley Stadium, Delhi",Sunrisers Hyderabad,Delhi Capitals,Sunrisers Hyderabad,bat,Sunrisers Hyderabad,runs,9,198,20,N,Normal,MA Gough,Navdeep Singh,1,Sunrisers Hyderabad
1359515,2023,Chennai,2023-04-30,League,DP Conway,"MA Chidambaram Stadium, Chennai",Chennai Super Kings,Punjab Kings,Chennai Super Kings,bat,Punjab Kings,wickets,4,201,20,N,Normal,RJ Tucker,UV Gandhe,0,Chennai Super Kings
1359516,2023,Mumbai,2023-04-30,League,YBK Jaiswal,"Wankhede Stadium, Mumbai",Rajasthan Royals,Mumbai Indians,Rajasthan Royals,bat,Mumbai Indians,wickets,6,213,20,N,Normal,Vinod Seshan,VK Sharma,0,Rajasthan Royals
1359517,2023,Lucknow,2023-05-01,League,F du Plessis,"Bharat Ratna Shri Atal Bihari Vajpayee Ekana Cricket Stadium, Lucknow",Royal Challengers Bengaluru,Lucknow Super Giants,Royal Challengers Bengaluru,bat,Royal Challengers Bengaluru,runs,18,127,20,N,Normal,AK Chaudhary,GR Sadashiv Iyer,1,Royal Challengers Bengaluru
1359518,2023,Ahmedabad,2023-05-02,League,Mohammed Shami,"Narendra Modi Stadium, Ahmedabad",Delhi Capitals,Gujarat Titans,Delhi Capitals,bat,Delhi Capitals,runs,5,131,20,N,Normal,MA Gough,R Pandit,1,Delhi Capitals
1359519,2023,Lucknow,2023-05-03,League,,"Bharat Ratna Shri Atal Bihari Vajpayee Ekana Cricket Stadium, Lucknow",Lucknow Super Giants,Chennai Super Kings,Chennai Super Kings,field,No Result,no result,0,0,0,N,Normal,AK Chaudhary,NA Patwardhan,0,Lucknow Super Giants
1359520,2023,Chandigarh,2023-05-03,League,Ishan Kishan,"PCA IS Bindra Stadium, Mohali",Punjab Kings,Mumbai Indians,Mumbai Indians,field,Mumbai Indians,wickets,6,215,20,N,Normal,J Madanagopal,RJ Tucker,1,Punjab Kings
1359521,2023,Hyderabad,2023-05-04,League,CV Varun,"Rajiv Gandhi Intl Stadium, Hyderabad",Kolkata Knight Riders,Sunrisers Hyderabad,Kolkata Knight Riders,bat,Kolkata Knight Riders,runs,5,172,20,N,Normal,KN Ananthapadmanabhan,MA Gough,1,Kolkata Knight Riders
1359522,2023,Jaipur,2023-05-05,League,Rashid Khan,"Sawai Mansingh Stadium, Jaipur",Rajasthan Royals,Gujarat Titans,Rajasthan Royals,bat,Gujarat Titans,wickets,9,119,20,N,Normal,HAS Khalid,VK Sharma,0,Rajasthan Royals
1359523,2023,Chennai,2023-05-06,League,M Pathirana,"MA Chidambaram Stadium, Chennai",Mumbai Indians,Chennai Super Kings,Chennai Super Kings,field,Chennai Super Kings,wickets,6,140,20,N,Normal,BNJ Oxenford,Navdeep Singh,1,Mumbai Indians
1359524,2023,Delhi,2023-05-06,League,PD Salt,"Arun Jaitley Stadium, Delhi",Royal Challengers Bengaluru,Delhi Capitals,Royal Challengers Bengaluru,bat,Delhi Capitals,wickets,7,182,20,N,Normal,RJ Tucker,YC Barde,0,Royal Challengers Bengaluru
1359525,2023,Ahmedabad,2023-05-07,League,Shubman Gill,"Narendra Modi Stadium, Ahmedabad",Gujarat Titans,Lucknow Super Giants,Lucknow Super Giants,field,Gujarat Titans,runs,56,228,20,N,Normal,AK Chaudhary,A Nand Kishore,0,Gujarat Titans
1359526,2023,Jaipur,2023-05-07,League,GD Phillips,"Sawai Mansingh Stadium, Jaipur",Rajasthan Royals,Sunrisers Hyderabad,Rajasthan Royals,bat,Sunrisers Hyderabad,wickets,4,215,20,N,Normal,Nitin Menon,Vinod Seshan,0,Rajasthan Royals
1359527,2023,Kolkata,2023-05-08,League,AD Russell,"Eden Gardens, Kolkata",Punjab Kings,Kolkata Knight Riders,Punjab Kings,bat,Kolkata Knight Riders,wickets,5,180,20,N,Normal,A Totre,J Madanagopal,0,Punjab Kings
1359528,2023,Mumbai,2023-05-09,League,SA Yadav,"Wankhede Stadium, Mumbai",Royal Challengers Bengaluru,Mumbai Indians,Mumbai Indians,field,Mumbai Indians,wickets,6,200,20,N,Normal,HAS Khalid,VK Sharma,1,Royal Challengers Bengaluru
1359529,2023,Chennai,2023-05-10,League,RA Jadeja,"MA Chidambaram Stadium, Chennai",Chennai Super Kings,Delhi Capitals,Chennai Super Kings,bat,Chennai Super Kings,runs,27,168,20,N,Normal,CB Gaffaney,NA Patwardhan,1,Chennai Super Kings
1359530,2023,Kolkata,2023-05-11,League,YBK Jaiswal,"Eden Gardens, Kolkata",Kolkata Knight Riders,Rajasthan Royals,Rajasthan Royals,field,Rajasthan Royals,wickets,9,150,20,N,Normal,RJ Tucker,MV Saidharshan Kumar,1,Kolkata Knight Riders
1359531,2023,Mumbai,2023-05-12,League,SA Yadav,"Wankhede Stadium, Mumbai",Mumbai Indians,Gujarat Titans,Gujarat Titans,field,Mumbai Indians,runs,27,219,20,N,Normal,Nitin Menon,Tapan Sharma,0,Mumbai Indians
1359532,2023,Hyderabad,2023-05-13,League,PN Mankad,"Rajiv Gandhi Intl Stadium, Hyderabad",Sunrisers Hyderabad,Lucknow Super Giants,Sunrisers Hyderabad,bat,Lucknow Super Giants,wickets,7,183,20,N,Normal,A Totre,J Madanagopal,0,Sunrisers Hyderabad
1359533,2023,Delhi,2023-05-13,League,P Simran Singh,"Arun Jaitley Stadium, Delhi",Punjab Kings,Delhi Capitals,Delhi Capitals,field,Punjab Kings,runs,31,168,20,N,Normal,CB Gaffaney,NA Patwardhan,0,Punjab Kings
1359534,2023,Jaipur,2023-05-14,League,WD Parnell,"Sawai Mansingh Stadium, Jaipur",Royal Challengers Bengaluru,Rajasthan Royals,Royal Challengers Bengaluru,bat,Royal Challengers Bengaluru,runs,112,172,20,N,Normal,KN Ananthapadmanabhan,Navdeep Singh,1,Royal Challengers Bengaluru
1359535,2023,Chennai,2023-05-14,League,RK Singh,"MA Chidambaram Stadium, Chennai",Chennai Super Kings,Kolkata Knight Riders,Chennai Super Kings,bat,Kolkata Knight Riders,wickets,6,145,20,N,Normal,Tapan Sharma,Vinod Seshan,0,Chennai Super Kings
1359536,2023,Ahmedabad,2023-05-15,League,Shubman Gill,"Narendra Modi Stadium, Ahmedabad",Gujarat Titans,Sunrisers Hyderabad,Sunrisers Hyderabad,field,Gujarat Titans,runs,34,189,20,N,Normal,J Madanagopal,UV Gandhe,0,Gujarat Titans
1359537,2023,Lucknow,2023-05-16,League,MP Stoinis,"Bharat Ratna Shri Atal Bihari Vajpayee Ekana Cricket Stadium, Lucknow",Lucknow Super Giants,Mumbai Indians,Mumbai Indians,field,Lucknow Super Giants,runs,5,178,20,N,Normal,AK Chaudhary,A Nand Kishore,0,Lucknow Super Giants
1359538,2023,Dharamsala,2023-05-17,League,RR Rossouw,"HPCA Stadium, Dharamsala",Delhi Capitals,Punjab Kings,Punjab Kings,field,Delhi Capitals,runs,15,214,20,N,Normal,KN Ananthapadmanabhan,MV Saidharshan Kumar,0,Delhi Capitals
1359539,2023,Hyderabad,2023-05-18,League,V Kohli,"Rajiv Gandhi Intl Stadium, Hyderabad",Sunrisers Hyderabad,Royal Challengers Bengaluru,Royal Challengers Bengaluru,field,Royal Challengers Bengaluru,wickets,8,187,20,N,Normal,BNJ Oxenford,VK Sharma,1,Sunrisers Hyderabad
1359540,2023,Dharamsala,2023-05-19,League,D Padikkal,"HPCA Stadium, Dharamsala",Punjab Kings,Rajasthan Royals,Rajasthan Royals,field,Rajasthan Royals,wickets,4,188,20,N,Normal,A Nand Kishore,RJ Tucker,1,Punjab Kings
1359541,2023,Delhi,2023-05-20,League,RD Gaikwad,"Arun Jaitley Stadium, Delhi",Chennai Super Kings,Delhi Capitals,Chennai Super Kings,bat,Chennai Super Kings,runs,77,224,20,N,Normal,CB Gaffaney,NA Patwardhan,1,Chennai Super Kings
1359542,2023,Kolkata,2023-05-20,League,N Pooran,"Eden Gardens, Kolkata",Lucknow Super Giants,Kolkata Knight Riders,Kolkata Knight Riders,field,Lucknow Super Giants,runs,1,177,20,N,Normal,J Madanagopal,UV Gandhe,0,Lucknow Super Giants
1359543,2023,Mumbai,2023-05-21,League,C Green,"Wankhede Stadium, Mumbai",Sunrisers Hyderabad,Mumbai Indians,Mumbai Indians,field,Mumbai Indians,wickets,8,201,20,N,Normal,KN Ananthapadmanabhan,RJ Tucker,1,Sunrisers Hyderabad
1359544,2023,Bengaluru,2023-05-21,League,Shubman Gill,"M Chinnaswamy Stadium, Bengaluru",Royal Challengers Bengaluru,Gujarat Titans,Gujarat Titans,field,Gujarat Titans,wickets,6,198,20,N,Normal,Nitin Menon,VK Sharma,1,Royal Challengers Bengaluru
1370350,2023,Chennai,2023-05-23,Qualifier 1,RD Gaikwad,"MA Chidambaram Stadium, Chennai",Chennai Super Kings,Gujarat Titans,Gujarat Titans,field,Chennai Super Kings,runs,15,173,20,N,Normal,AK Chaudhary,CB Gaffaney,0,Chennai Super Kings
1370351,2023,Chennai,2023-05-24,Eliminator,Akash Madhwal,"MA Chidambaram Stadium, Chennai",Mumbai Indians,Lucknow Super Giants,Mumbai Indians,bat,Mumbai Indians,runs,81,183,20,N,Normal,BNJ Oxenford,VK Sharma,1,Mumbai Indians
1370352,2023,Ahmedabad,2023-05-26,Qualifier 2,Shubman Gill,"Narendra Modi Stadium, Ahmedabad",Gujarat Titans,Mumbai Indians,Mumbai Indians,field,Gujarat Titans,runs,62,234,20,N,Normal,Nitin Menon,RJ Tucker,0,Gujarat Titans
1370353,2023,Ahmedabad,2023-05-29,Final,DP Conway,"Narendra Modi Stadium, Ahmedabad",Gujarat Titans,Chennai Super Kings,Chennai Super Kings,field,Chennai Super Kings,wickets,5,171,15,N,D/L,Nitin Menon,RJ Tucker,1,Gujarat Titans
1422119,2024,Chennai,2024-03-22,League,Mustafizur Rahman,"MA Chidambaram Stadium, Chennai",Royal Challengers Bengaluru,Chennai Super Kings,Royal Challengers Bengaluru,bat,Chennai Super Kings,wickets,6,174,20,N,Normal,HAS Khalid,VK Sharma,0,Royal Challengers Bengaluru
1422120,2024,Mohali,2024-03-23,League,SM Curran,"Maharaja Yadavindra Singh International Cricket Stadium, Mullanpur",Delhi Capitals,Punjab Kings,Punjab Kings,field,Punjab Kings,wickets,4,175,20,N,Normal,J Madanagopal,NA Patwardhan,1,Delhi Capitals
1422121,2024,Kolkata,2024-03-23,League,AD Russell,"Eden Gardens, Kolkata",Kolkata Knight Riders,Sunrisers Hyderabad,Sunrisers Hyderabad,field,Kolkata Knight Riders,runs,4,209,20,N,Normal,R Pandit,YC Barde,0,Kolkata Knight Riders
1422122,2024,Jaipur,2024-03-24,League,SV Samson,"Sawai Mansingh Stadium, Jaipur",Rajasthan Royals,Lucknow Super Giants,Rajasthan Royals,bat,Rajasthan Royals,runs,20,194,20,N,Normal,A Totre,HDPK Dharmasena,1,Rajasthan Royals
1422123,2024,Ahmedabad,2024-03-24,League,B Sai Sudharsan,"Narendra Modi Stadium, Ahmedabad",Gujarat Titans,Mumbai Indians,Mumbai Indians,field,Gujarat Titans,runs,6,169,20,N,Normal,VA Kulkarni,VK Sharma,0,Gujarat Titans
1422124,2024,Bengaluru,2024-03-25,League,V Kohli,"M Chinnaswamy Stadium, Bengaluru",Punjab Kings,Royal Challengers Bengaluru,Royal Challengers Bengaluru,field,Royal Challengers Bengaluru,wickets,4,177,20,N,Normal,AK Chaudhary,MV Saidharshan Kumar,1,Punjab Kings
1422125,2024,Chennai,2024-03-26,League,S Dube,"MA Chidambaram Stadium, Chennai",Chennai Super Kings,Gujarat Titans,Gujarat Titans,field,Chennai Super Kings,runs,63,207,20,N,Normal,AG Wharf,Tapan Sharma,0,Chennai Super Kings
1422126,2024,Hyderabad,2024-03-27,League,Abhishek Sharma,"Rajiv Gandhi Intl Stadium, Hyderabad",Sunrisers Hyderabad,Mumbai Indians,Mumbai Indians,field,Sunrisers Hyderabad,runs,31,278,20,N,Normal,KN Ananthapadmanabhan,UV Gandhe,0,Sunrisers Hyderabad
1422127,2024,Jaipur,2024-03-28,League,R Parag,"Sawai Mansingh Stadium, Jaipur",Rajasthan Royals,Delhi Capitals,Delhi Capitals,field,Rajasthan Royals,runs,12,186,20,N,Normal,A Nand Kishore,Nitin Menon,0,Rajasthan Royals
1422128,2024,Bengaluru,2024-03-29,League,SP Narine,"M Chinnaswamy Stadium, Bengaluru",Royal Challengers Bengaluru,Kolkata Knight Riders,Kolkata Knight Riders,field,Kolkata Knight Riders,wickets,7,183,20,N,Normal,AK Chaudhary,R Pandit,1,Royal Challengers Bengaluru
1422129,2024,Lucknow,2024-03-30,League,MP Yadav,"Bharat Ratna Shri Atal Bihari Vajpayee Ekana Cricket Stadium, Lucknow",Lucknow Super Giants,Punjab Kings,Lucknow Super Giants,bat,Lucknow Super Giants,runs,21,200,20,N,Normal,J Madanagopal,Navdeep Singh,1,Lucknow Super Giants
1422130,2024,Ahmedabad,2024-03-31,League,MM Sharma,"Narendra Modi Stadium, Ahmedabad",Sunrisers Hyderabad,Gujarat Titans,Sunrisers Hyderabad,bat,Gujarat Titans,wickets,7,163,20,N,Normal,HAS Khalid,VK Sharma,0,Sunrisers Hyderabad
1422131,2024,Visakhapatnam,2024-03-31,League,KK Ahmed,"ACA-VDCA Stadium, Visakhapatnam",Delhi Capitals,Chennai Super Kings,Delhi Capitals,bat,Delhi Capitals,runs,20,192,20,N,Normal,HDPK Dharmasena,Vinod Seshan,1,Delhi Capitals
1422132,2024,Mumbai,2024-04-01,League,TA Boult,"Wankhede Stadium, Mumbai",Mumbai Indians,Rajasthan Royals,Rajasthan Royals,field,Rajasthan Royals,wickets,6,126,20,N,Normal,MV Saidharshan Kumar,YC Barde,1,Mumbai Indians
1422133,2024,Bengaluru,2024-04-02,League,MP Yadav,"M Chinnaswamy Stadium, Bengaluru",Lucknow Super Giants,Royal Challengers Bengaluru,Royal Challengers Bengaluru,field,Lucknow Super Giants,runs,28,182,20,N,Normal,J Madanagopal,NA Patwardhan,0,Lucknow Super Giants
1422134,2024,Visakhapatnam,2024-04-03,League,SP Narine,"ACA-VDCA Stadium, Visakhapatnam",Kolkata Knight Riders,Delhi Capitals,Kolkata Knight Riders,bat,Kolkata Knight Riders,runs,106,273,20,N,Normal,A Totre,UV Gandhe,1,Kolkata Knight Riders
1422135,2024,Ahmedabad,2024-04-04,League,Shashank Singh,"Narendra Modi Stadium, Ahmedabad",Gujarat Titans,Punjab Kings,Punjab Kings,field,Punjab Kings,wickets,3,200,20,N,Normal,Nitin Menon,VA Kulkarni,1,Gujarat Titans
1422136,2024,Hyderabad,2024-04-05,League,Abhishek Sharma,"Rajiv Gandhi Intl Stadium, Hyderabad",Chennai Super Kings,Sunrisers Hyderabad,Sunrisers Hyderabad,field,Sunrisers Hyderabad,wickets,6,166,20,N,Normal,R Pandit,YC Barde,1,Chennai Super Kings
1422137,2024,Jaipur,2024-04-06,League,JC Buttler,"Sawai Mansingh Stadium, Jaipur",Royal Challengers Bengaluru,Rajasthan Royals,Rajasthan Royals,field,Rajasthan Royals,wickets,6,184,20,N,Normal,AG Wharf,Tapan Sharma,1,Royal Challengers Bengaluru
1422138,2024,Mumbai,2024-04-07,League,R Shepherd,"Wankhede Stadium, Mumbai",Mumbai Indians,Delhi Capitals,Delhi Capitals,field,Mumbai Indians,runs,29,235,20,N,Normal,HDPK Dharmasena,UV Gandhe,0,Mumbai Indians
1422139,2024,Lucknow,2024-04-07,League,Yash Thakur,"Bharat Ratna Shri Atal Bihari Vajpayee Ekana Cricket Stadium, Lucknow",Lucknow Super Giants,Gujarat Titans,Lucknow Super Giants,bat,Lucknow Super Giants,runs,33,164,20,N,Normal,A Nand Kishore,VK Sharma,1,Lucknow Super Giants
1426260,2024,Chennai,2024-04-08,League,RA Jadeja,"MA Chidambaram Stadium, Chennai",Kolkata Knight Riders,Chennai Super Kings,Chennai Super Kings,field,Chennai Super Kings,wickets,7,138,20,N,Normal,AK Chaudhary,MV Saidharshan Kumar,1,Kolkata Knight Riders
1426261,2024,Mohali,2024-04-09,League,Nithish Kumar Reddy,"Maharaja Yadavindra Singh International Cricket Stadium, Mullanpur",Sunrisers Hyderabad,Punjab Kings,Punjab Kings,field,Sunrisers Hyderabad,runs,2,183,20,N,Normal,Navdeep Singh,NA Patwardhan,0,Sunrisers Hyderabad
1426262,2024,Jaipur,2024-04-10,League,Rashid Khan,"Sawai Mansingh Stadium, Jaipur",Rajasthan Royals,Gujarat Titans,Gujarat Titans,field,Gujarat Titans,wickets,3,197,20,N,Normal,HDPK Dharmasena,Vinod Seshan,1,Rajasthan Royals
1426263,2024,Mumbai,2024-04-11,League,JJ Bumrah,"Wankhede Stadium, Mumbai",Royal Challengers Bengaluru,Mumbai Indians,Mumbai Indians,field,Mumbai Indians,wickets,7,197,20,N,Normal,Nitin Menon,VA Kulkarni,1,Royal Challengers Bengaluru
1426264,2024,Lucknow,2024-04-12,League,Kuldeep Yadav,"Bharat Ratna Shri Atal Bihari Vajpayee Ekana Cricket Stadium, Lucknow",Lucknow Super Giants,Delhi Capitals,Lucknow Super Giants,bat,Delhi Capitals,wickets,6,168,20,N,Normal,R Pandit,YC Barde,0,Lucknow Super Giants
1426265,2024,Mohali,2024-04-13,League,SO Hetmyer,"Maharaja Yadavindra Singh International Cricket Stadium, Mullanpur",Punjab Kings,Rajasthan Royals,Rajasthan Royals,field,Rajasthan Royals,wickets,3,148,20,N,Normal,AK Chaudhary,Tapan Sharma,1,Punjab Kings
1426266,2024,Kolkata,2024-04-14,League,PD Salt,"Eden Gardens, Kolkata",Lucknow Super Giants,Kolkata Knight Riders,Kolkata Knight Riders,field,Kolkata Knight Riders,wickets,8,162,20,N,Normal,A Totre,Vinod Seshan,1,Lucknow Super Giants
1426267,2024,Mumbai,2024-04-14,League,M Pathirana,"Wankhede Stadium, Mumbai",Chennai Super Kings,Mumbai Indians,Mumbai Indians,field,Chennai Super Kings,runs,20,207,20,N,Normal,Nitin Menon,HAS Khalid,0,Chennai Super Kings
1426268,2024,Bengaluru,2024-04-15,League,TM Head,"M Chinnaswamy Stadium, Bengaluru",Sunrisers Hyderabad,Royal Challengers Bengaluru,Royal Challengers Bengaluru,field,Sunrisers Hyderabad,runs,25,288,20,N,Normal,AK Chaudhary,R Pandit,0,Sunrisers Hyderabad
1426269,2024,Kolkata,2024-04-16,League,JC Buttler,"Eden Gardens, Kolkata",Kolkata Knight Riders,Rajasthan Royals,Rajasthan Royals,field,Rajasthan Royals,wickets,2,224,20,N,Normal,MA Gough,UV Gandhe,1,Kolkata Knight Riders
1426270,2024,Ahmedabad,2024-04-17,League,RR Pant,"Narendra Modi Stadium, Ahmedabad",Gujarat Titans,Delhi Capitals,Delhi Capitals,field,Delhi Capitals,wickets,6,90,20,N,Normal,NA Patwardhan,VK Sharma,1,Gujarat Titans
1426271,2024,Mohali,2024-04-18,League,JJ Bumrah,"Maharaja Yadavindra Singh International Cricket Stadium, Mullanpur",Mumbai Indians,Punjab Kings,Punjab Kings,field,Mumbai Indians,runs,9,193,20,N,Normal,A Nand Kishore,VA Kulkarni,0,Mumbai Indians
1426272,2024,Lucknow,2024-04-19,League,KL Rahul,"Bharat Ratna Shri Atal Bihari Vajpayee Ekana Cricket Stadium, Lucknow",Chennai Super Kings,Lucknow Super Giants,Lucknow Super Giants,field,Lucknow Super Giants,wickets,8,177,20,N,Normal,AK Chaudhary,R Pandit,1,Chennai Super Kings
1426273,2024,Delhi,2024-04-20,League,TM Head,"Arun Jaitley Stadium, Delhi",Sunrisers Hyderabad,Delhi Capitals,Delhi Capitals,field,Sunrisers Hyderabad,runs,67,267,20,N,Normal,J Madanagopal,Navdeep Singh,0,Sunrisers Hyderabad
1426274,2024,Kolkata,2024-04-21,League,AD Russell,"Eden Gardens, Kolkata",Kolkata Knight Riders,Royal Challengers Bengaluru,Royal Challengers Bengaluru,field,Kolkata Knight Riders,runs,1,223,20,N,Normal,A Totre,Vinod Seshan,0,Kolkata Knight Riders
1426275,2024,Mohali,2024-04-21,League,R Sai Kishore,"Maharaja Yadavindra Singh International Cricket Stadium, Mullanpur",Punjab Kings,Gujarat Titans,Punjab Kings,bat,Gujarat Titans,wickets,3,143,20,N,Normal,A Nand Kishore,VA Kulkarni,0,Punjab Kings
1426276,2024,Jaipur,2024-04-22,League,Sandeep Sharma,"Sawai Mansingh Stadium, Jaipur",Mumbai Indians,Rajasthan Royals,Mumbai Indians,bat,Rajasthan Royals,wickets,9,180,20,N,Normal,AK Chaudhary,MV Saidharshan Kumar,0,Mumbai Indians
1426277,2024,Chennai,2024-04-23,League,MP Stoinis,"MA Chidambaram Stadium, Chennai",Chennai Super Kings,Lucknow Super Giants,Lucknow Super Giants,field,Lucknow Super Giants,wickets,6,211,20,N,Normal,NA Patwardhan,Tapan Sharma,1,Chennai Super Kings
1426278,2024,Delhi,2024-04-24,League,RR Pant,"Arun Jaitley Stadium, Delhi",Delhi Capitals,Gujarat Titans,Gujarat Titans,field,Delhi Capitals,runs,4,225,20,N,Normal,KN Ananthapadmanabhan,UV Gandhe,0,Delhi Capitals
1426279,2024,Hyderabad,2024-04-25,League,RM Patidar,"Rajiv Gandhi Intl Stadium, Hyderabad",Royal Challengers Bengaluru,Sunrisers Hyderabad,Royal Challengers Bengaluru,bat,Royal Challengers Bengaluru,runs,35,207,20,N,Normal,Nitin Menon,HAS Khalid,1,Royal Challengers Bengaluru
1426280,2024,Kolkata,2024-04-26,League,JM Bairstow,"Eden Gardens, Kolkata",Kolkata Knight Riders,Punjab Kings,Punjab Kings,field,Punjab Kings,wickets,8,262,20,N,Normal,AK Chaudhary,YC Barde,1,Kolkata Knight Riders
1426281,2024,Delhi,2024-04-27,League,J Fraser-McGurk,"Arun Jaitley Stadium, Delhi",Delhi Capitals,Mumbai Indians,Mumbai Indians,field,Delhi Capitals,runs,10,258,20,N,Normal,Navdeep Singh,NA Patwardhan,0,Delhi Capitals
1426282,2024,Lucknow,2024-04-27,League,SV Samson,"Bharat Ratna Shri Atal Bihari Vajpayee Ekana Cricket Stadium, Lucknow",Lucknow Super Giants,Rajasthan Royals,Rajasthan Royals,field,Rajasthan Royals,wickets,7,197,20,N,Normal,KN Ananthapadmanabhan,MA Gough,1,Lucknow Super Giants
1426283,2024,Ahmedabad,2024-04-28,League,WG Jacks,"Narendra Modi Stadium, Ahmedabad",Gujarat Titans,Royal Challengers Bengaluru,Royal Challengers Bengaluru,field,Royal Challengers Bengaluru,wickets,9,201,20,N,Normal,Nitin Menon,VK Sharma,1,Gujarat Titans
1426284,2024,Chennai,2024-04-28,League,RD Gaikwad,"MA Chidambaram Stadium, Chennai",Chennai Super Kings,Sunrisers Hyderabad,Sunrisers Hyderabad,field,Chennai Super Kings,runs,78,213,20,N,Normal,R Pandit,MV Saidharshan Kumar,0,Chennai Super Kings
1426285,2024,Kolkata,2024-04-29,League,CV Varun,"Eden Gardens, Kolkata",Delhi Capitals,Kolkata Knight Riders,Delhi Capitals,bat,Kolkata Knight Riders,wickets,7,154,20,N,Normal,Navdeep Singh,Tapan Sharma,0,Delhi Capitals
1426286,2024,Lucknow,2024-04-30,League,MP Stoinis,"Bharat Ratna Shri Atal Bihari Vajpayee Ekana Cricket Stadium, Lucknow",Mumbai Indians,Lucknow Super Giants,Lucknow Super Giants,field,Lucknow Super Giants,wickets,4,145,20,N,Normal,MA Gough,UV Gandhe,1,Mumbai Indians
1426287,2024,Chennai,2024-05-01,League,Harpreet Brar,"MA Chidambaram Stadium, Chennai",Chennai Super Kings,Punjab Kings,Punjab Kings,field,Punjab Kings,wickets,7,163,20,N,Normal,HAS Khalid,VK Sharma,1,Chennai Super Kings
1426288,2024,Hyderabad,2024-05-02,League,B Kumar,"Rajiv Gandhi Intl Stadium, Hyderabad",Sunrisers Hyderabad,Rajasthan Royals,Sunrisers Hyderabad,bat,Sunrisers Hyderabad,runs,1,202,20,N,Normal,AK Chaudhary,YC Barde,1,Sunrisers Hyderabad
1426289,2024,Mumbai,2024-05-03,League,VR Iyer,"Wankhede Stadium, Mumbai",Kolkata Knight Riders,Mumbai Indians,Mumbai Indians,field,Kolkata Knight Riders,runs,24,170,20,N,Normal,J Madanagopal,Tapan Sharma,0,Kolkata Knight Riders
1426290,2024,Bengaluru,2024-05-04,League,Mohammed Siraj,"M Chinnaswamy Stadium, Bengaluru",Gujarat Titans,Royal Challengers Bengaluru,Royal Challengers Bengaluru,field,Royal Challengers Bengaluru,wickets,4,148,20,N,Normal,A Totre,Vinod Seshan,1,Gujarat Titans
1426291,2024,Dharamsala,2024-05-05,League,RA Jadeja,"HPCA Stadium, Dharamsala",Chennai Super Kings,Punjab Kings,Punjab Kings,field,Chennai Super Kings,runs,28,168,20,N,Normal,A Nand Kishore,VA Kulkarni,0,Chennai Super Kings
1426292,2024,Lucknow,2024-05-05,League,SP Narine,"Bharat Ratna Shri Atal Bihari Vajpayee Ekana Cricket Stadium, Lucknow",Kolkata Knight Riders,Lucknow Super Giants,Lucknow Super Giants,field,Kolkata Knight Riders,runs,98,236,20,N,Normal,MV Saidharshan Kumar,YC Barde,0,Kolkata Knight Riders
1426293,2024,Mumbai,2024-05-06,League,SA Yadav,"Wankhede Stadium, Mumbai",Sunrisers Hyderabad,Mumbai Indians,Mumbai Indians,field,Mumbai Indians,wickets,7,174,20,N,Normal,Navdeep Singh,Tapan Sharma,1,Sunrisers Hyderabad
1426294,2024,Delhi,2024-05-07,League,Kuldeep Yadav,"Arun Jaitley Stadium, Delhi",Delhi Capitals,Rajasthan Royals,Rajasthan Royals,field,Delhi Capitals,runs,20,222,20,N,Normal,KN Ananthapadmanabhan,UV Gandhe,0,Delhi Capitals
1426295,2024,Hyderabad,2024-05-08,League,TM Head,"Rajiv Gandhi Intl Stadium, Hyderabad",Lucknow Super Giants,Sunrisers Hyderabad,Lucknow Super Giants,bat,Sunrisers Hyderabad,wickets,10,166,20,N,Normal,MV Saidharshan Kumar,YC Barde,0,Lucknow Super Giants
1426296,2024,Dharamsala,2024-05-09,League,V Kohli,"HPCA Stadium, Dharamsala",Royal Challengers Bengaluru,Punjab Kings,Punjab Kings,field,Royal Challengers Bengaluru,runs,60,242,20,N,Normal,Nitin Menon,HAS Khalid,0,Royal Challengers Bengaluru
1426297,2024,Ahmedabad,2024-05-10,League,Shubman Gill,"Narendra Modi Stadium, Ahmedabad",Gujarat Titans,Chennai Super Kings,Chennai Super Kings,field,Gujarat Titans,runs,35,232,20,N,Normal,KN Ananthapadmanabhan,NA Patwardhan,0,Gujarat Titans
1426298,2024,Kolkata,2024-05-11,League,CV Varun,"Eden Gardens, Kolkata",Kolkata Knight Riders,Mumbai Indians,Mumbai Indians,field,Kolkata Knight Riders,runs,18,158,16,N,Normal,UV Gandhe,Vinod Seshan,0,Kolkata Knight Riders
1426299,2024,Chennai,2024-05-12,League,Simarjeet Singh,"MA Chidambaram Stadium, Chennai",Rajasthan Royals,Chennai Super Kings,Rajasthan Royals,bat,Chennai Super Kings,wickets,5,142,20,N,Normal,R Pandit,YC Barde,0,Rajasthan Royals
1426300,2024,Bengaluru,2024-05-12,League,C Green,"M Chinnaswamy Stadium, Bengaluru",Royal Challengers Bengaluru,Delhi Capitals,Delhi Capitals,field,Royal Challengers Bengaluru,runs,47,188,20,N,Normal,A Nand Kishore,VA Kulkarni,0,Royal Challengers Bengaluru
1426302,2024,Delhi,2024-05-14,League,I Sharma,"Arun Jaitley Stadium, Delhi",Delhi Capitals,Lucknow Super Giants,Lucknow Super Giants,field,Delhi Capitals,runs,19,209,20,N,Normal,A Totre,Vinod Seshan,0,Delhi Capitals
1426303,2024,Guwahati,2024-05-15,League,SM Curran,"Barsapara Cricket Stadium, Guwahati",Rajasthan Royals,Punjab Kings,Rajasthan Royals,bat,Punjab Kings,wickets,5,145,20,N,Normal,R Pandit,MV Saidharshan Kumar,0,Rajasthan Royals
1426305,2024,Mumbai,2024-05-17,League,N Pooran,"Wankhede Stadium, Mumbai",Lucknow Super Giants,Mumbai Indians,Mumbai Indians,field,Lucknow Super Giants,runs,18,215,20,N,Normal,Navdeep Singh,R Pandit,0,Lucknow Super Giants
1426306,2024,Bengaluru,2024-05-18,League,F du Plessis,"M Chinnaswamy Stadium, Bengaluru",Royal Challengers Bengaluru,Chennai Super Kings,Chennai Super Kings,field,Royal Challengers Bengaluru,runs,27,219,20,N,Normal,A Totre,KN Ananthapadmanabhan,0,Royal Challengers Bengaluru
1426307,2024,Hyderabad,2024-05-19,League,Abhishek Sharma,"Rajiv Gandhi Intl Stadium, Hyderabad",Punjab Kings,Sunrisers Hyderabad,Punjab Kings,bat,Sunrisers Hyderabad,wickets,4,215,20,N,Normal,Nitin Menon,VK Sharma,0,Punjab Kings
1426309,2024,Ahmedabad,2024-05-21,Qualifier 1,MA Starc,"Narendra Modi Stadium, Ahmedabad",Sunrisers Hyderabad,Kolkata Knight Riders,Sunrisers Hyderabad,bat,Kolkata Knight Riders,wickets,8,160,20,N,Normal,AK Chaudhary,R Pandit,0,Sunrisers Hyderabad
1426310,2024,Ahmedabad,2024-05-22,Eliminator,R Ashwin,"Narendra Modi Stadium, Ahmedabad",Royal Challengers Bengaluru,Rajasthan Royals,Rajasthan Royals,field,Rajasthan Royals,wickets,4,173,20,N,Normal,KN Ananthapadmanabhan,MV Saidharshan Kumar,1,Royal Challengers Bengaluru
1426311,2024,Chennai,2024-05-24,Qualifier 2,Shahbaz Ahmed,"MA Chidambaram Stadium, Chennai",Sunrisers Hyderabad,Rajasthan Royals,Rajasthan Royals,field,Sunrisers Hyderabad,runs,36,176,20,N,Normal,Nitin Menon,VK Sharma,0,Sunrisers Hyderabad
1426312,2024,Chennai,2024-05-26,Final,MA Starc,"MA Chidambaram Stadium, Chennai",Sunrisers Hyderabad,Kolkata Knight Riders,Sunrisers Hyderabad,bat,Kolkata Knight Riders,wickets,8,114,20,N,Normal,J Madanagopal,Nitin Menon,0,Sunrisers Hyderabad
