player_name,season,team
A Ashish Reddy,2012,Deccan Chargers
A Ashish Reddy,2013,Sunrisers Hyderabad
A Ashish Reddy,2015,Sunrisers Hyderabad
A Ashish Reddy,2016,Sunrisers Hyderabad
A Badoni,2022,Lucknow Super Giants
A Badoni,2023,Lucknow Super Giants
A Badoni,2024,Lucknow Super Giants
A Chandila,2012,Rajasthan Royals
A Chandila,2013,Rajasthan Royals
A Chopra,2008,Kolkata Knight Riders
A Chopra,2009,Kolkata Knight Riders
A Choudhary,2017,Royal Challengers Bengaluru
A Dananjaya,2018,Mumbai Indians
A Flintoff,2009,Chennai Super Kings
A Kamboj,2024,Mumbai Indians
A Kumble,2008,Royal Challengers Bengaluru
A Kumble,2009,Royal Challengers Bengaluru
A Kumble,2010,Royal Challengers Bengaluru
A Manohar,2022,Gujarat Titans
A Manohar,2023,Gujarat Titans
A Manohar,2024,Gujarat Titans
A Mishra,2008,Delhi Capitals
A Mishra,2009,Delhi Capitals
A Mishra,2010,Delhi Capitals
A Mishra,2011,Deccan Chargers
A Mishra,2012,Deccan Chargers
A Mishra,2013,Sunrisers Hyderabad
A Mishra,2014,Sunrisers Hyderabad
A Mishra,2015,Delhi Capitals
A Mishra,2016,Delhi Capitals
A Mishra,2017,Delhi Capitals
A Mishra,2018,Delhi Capitals
A Mishra,2019,Delhi Capitals
A Mishra,2020,Delhi Capitals
A Mishra,2021,Delhi Capitals
A Mishra,2023,Lucknow Super Giants
A Mishra,2024,Lucknow Super Giants
A Mithun,2009,Royal Challengers Bengaluru
A Mithun,2010,Royal Challengers Bengaluru
A Mithun,2011,Royal Challengers Bengaluru
A Mithun,2012,Royal Challengers Bengaluru
A Mithun,2013,Royal Challengers Bengaluru
A Mukund,2008,Chennai Super Kings
A Mukund,2013,Royal Challengers Bengaluru
A Nehra,2008,Mumbai Indians
A Nehra,2009,Delhi Capitals
A Nehra,2010,Delhi Capitals
A Nehra,2012,Pune Warriors
A Nehra,2013,Delhi Capitals
A Nehra,2014,Chennai Super Kings
A Nehra,2015,Chennai Super Kings
A Nehra,2016,Sunrisers Hyderabad
A Nehra,2017,Sunrisers Hyderabad
A Nel,2008,Mumbai Indians
A Nortje,2020,Delhi Capitals
A Nortje,2021,Delhi Capitals
A Nortje,2022,Delhi Capitals
A Nortje,2023,Delhi Capitals
A Nortje,2024,Delhi Capitals
A Raghuvanshi,2024,Kolkata Knight Riders
A Singh,2009,Rajasthan Royals
A Singh,2011,Rajasthan Royals
A Singh,2012,Rajasthan Royals
A Symonds,2008,Deccan Chargers
A Symonds,2009,Deccan Chargers
A Symonds,2010,Deccan Chargers
A Symonds,2011,Mumbai Indians
A Tomar,2022,Kolkata Knight Riders
A Uniyal,2010,Rajasthan Royals
A Zampa,2016,Rising Pune Supergiant
A Zampa,2017,Rising Pune Supergiant
A Zampa,2020,Royal Challengers Bengaluru
A Zampa,2023,Rajasthan Royals
AA Bilakhia,2009,Deccan Chargers
AA Bilakhia,2010,Deccan Chargers
AA Chavan,2011,Rajasthan Royals
AA Chavan,2012,Rajasthan Royals
AA Chavan,2013,Rajasthan Royals
AA Jhunjhunwala,2010,Rajasthan Royals
AA Jhunjhunwala,2011,Pune Warriors
AA Jhunjhunwala,2012,Deccan Chargers
AA Kazi,2011,Royal Challengers Bengaluru
AA Kulkarni,2024,Lucknow Super Giants
AA Noffke,2008,Royal Challengers Bengaluru
AB Agarkar,2008,Kolkata Knight Riders
AB Agarkar,2009,Kolkata Knight Riders
AB Agarkar,2010,Kolkata Knight Riders
AB Agarkar,2011,Delhi Capitals
AB Agarkar,2012,Delhi Capitals
AB Agarkar,2013,Delhi Capitals
AB Barath,2010,Punjab Kings
AB Dinda,2008,Kolkata Knight Riders
AB Dinda,2009,Kolkata Knight Riders
AB Dinda,2010,Kolkata Knight Riders
AB Dinda,2011,Delhi Capitals
AB Dinda,2012,Pune Warriors
AB Dinda,2013,Pune Warriors
AB Dinda,2014,Royal Challengers Bengaluru
AB Dinda,2015,Royal Challengers Bengaluru
AB Dinda,2016,Rising Pune Supergiant
AB Dinda,2017,Rising Pune Supergiant
AB McDonald,2009,Delhi Capitals
AB McDonald,2010,Delhi Capitals
AB McDonald,2011,Delhi Capitals
AB McDonald,2012,Royal Challengers Bengaluru
AB McDonald,2013,Royal Challengers Bengaluru
AB de Villiers,2008,Delhi Capitals
AB de Villiers,2009,Delhi Capitals
AB de Villiers,2010,Delhi Capitals
AB de Villiers,2011,Royal Challengers Bengaluru
AB de Villiers,2012,Royal Challengers Bengaluru
AB de Villiers,2013,Royal Challengers Bengaluru
AB de Villiers,2014,Royal Challengers Bengaluru
AB de Villiers,2015,Royal Challengers Bengaluru
AB de Villiers,2016,Royal Challengers Bengaluru
AB de Villiers,2017,Royal Challengers Bengaluru
AB de Villiers,2018,Royal Challengers Bengaluru
AB de Villiers,2019,Royal Challengers Bengaluru
AB de Villiers,2020,Royal Challengers Bengaluru
AB de Villiers,2021,Royal Challengers Bengaluru
AC Blizzard,2011,Mumbai Indians
AC Blizzard,2012,Mumbai Indians
AC Gilchrist,2008,Deccan Chargers
AC Gilchrist,2009,Deccan Chargers
AC Gilchrist,2010,Deccan Chargers
AC Gilchrist,2011,Punjab Kings
AC Gilchrist,2012,Punjab Kings
AC Gilchrist,2013,Punjab Kings
AC Thomas,2011,Pune Warriors
AC Thomas,2012,Pune Warriors
AC Voges,2010,Rajasthan Royals
AD Hales,2018,Sunrisers Hyderabad
AD Mascarenhas,2008,Rajasthan Royals
AD Mascarenhas,2009,Rajasthan Royals
AD Mascarenhas,2010,Rajasthan Royals
AD Mascarenhas,2012,Punjab Kings
AD Mascarenhas,2013,Punjab Kings
AD Mathews,2009,Kolkata Knight Riders
AD Mathews,2010,Kolkata Knight Riders
AD Mathews,2012,Pune Warriors
AD Mathews,2013,Pune Warriors
AD Mathews,2015,Delhi Capitals
AD Mathews,2017,Delhi Capitals
AD Nath,2016,Gujarat Lions
AD Nath,2017,Gujarat Lions
AD Nath,2018,Punjab Kings
AD Nath,2019,Royal Challengers Bengaluru
AD Russell,2012,Delhi Capitals
AD Russell,2013,Delhi Capitals
AD Russell,2014,Kolkata Knight Riders
AD Russell,2015,Kolkata Knight Riders
AD Russell,2016,Kolkata Knight Riders
AD Russell,2018,Kolkata Knight Riders
AD Russell,2019,Kolkata Knight Riders
AD Russell,2020,Kolkata Knight Riders
AD Russell,2021,Kolkata Knight Riders
AD Russell,2022,Kolkata Knight Riders
AD Russell,2023,Kolkata Knight Riders
AD Russell,2024,Kolkata Knight Riders
AF Milne,2016,Royal Challengers Bengaluru
AF Milne,2017,Royal Challengers Bengaluru
AF Milne,2021,Mumbai Indians
AF Milne,2022,Chennai Super Kings
AG Murtaza,2010,Mumbai Indians
AG Murtaza,2011,Mumbai Indians
AG Murtaza,2012,Pune Warriors
AG Murtaza,2013,Pune Warriors
AG Paunikar,2010,Rajasthan Royals
AG Paunikar,2011,Rajasthan Royals
AJ Finch,2010,Rajasthan Royals
AJ Finch,2011,Delhi Capitals
AJ Finch,2012,Delhi Capitals
AJ Finch,2013,Pune Warriors
AJ Finch,2014,Sunrisers Hyderabad
AJ Finch,2015,Mumbai Indians
AJ Finch,2016,Gujarat Lions
AJ Finch,2017,Gujarat Lions
AJ Finch,2018,Punjab Kings
AJ Finch,2020,Royal Challengers Bengaluru
AJ Finch,2022,Kolkata Knight Riders
AJ Hosein,2023,Sunrisers Hyderabad
AJ Turner,2019,Rajasthan Royals
AJ Turner,2024,Lucknow Super Giants
AJ Tye,2017,Gujarat Lions
AJ Tye,2018,Punjab Kings
AJ Tye,2019,Punjab Kings
AJ Tye,2020,Rajasthan Royals
AJ Tye,2022,Lucknow Super Giants
AK Markram,2021,Punjab Kings
AK Markram,2022,Sunrisers Hyderabad
AK Markram,2023,Sunrisers Hyderabad
AK Markram,2024,Sunrisers Hyderabad
AL Menaria,2011,Rajasthan Royals
AL Menaria,2012,Rajasthan Royals
AL Menaria,2013,Rajasthan Royals
AM Nayar,2008,Mumbai Indians
AM Nayar,2009,Mumbai Indians
AM Nayar,2010,Mumbai Indians
AM Nayar,2011,Punjab Kings
AM Nayar,2012,Punjab Kings
AM Nayar,2013,Pune Warriors
AM Nayar,2014,Rajasthan Royals
AM Rahane,2008,Mumbai Indians
AM Rahane,2009,Mumbai Indians
AM Rahane,2011,Rajasthan Royals
AM Rahane,2012,Rajasthan Royals
AM Rahane,2013,Rajasthan Royals
AM Rahane,2014,Rajasthan Royals
AM Rahane,2015,Rajasthan Royals
AM Rahane,2016,Rising Pune Supergiant
AM Rahane,2017,Rising Pune Supergiant
AM Rahane,2018,Rajasthan Royals
AM Rahane,2019,Rajasthan Royals
AM Rahane,2020,Delhi Capitals
AM Rahane,2021,Delhi Capitals
AM Rahane,2022,Kolkata Knight Riders
AM Rahane,2023,Chennai Super Kings
AM Rahane,2024,Chennai Super Kings
AM Salvi,2009,Delhi Capitals
AM Salvi,2011,Delhi Capitals
AN Ahmed,2010,Mumbai Indians
AN Ahmed,2011,Mumbai Indians
AN Ahmed,2012,Mumbai Indians
AN Ahmed,2013,Mumbai Indians
AN Ahmed,2014,Royal Challengers Bengaluru
AN Ahmed,2015,Royal Challengers Bengaluru
AN Ghosh,2009,Kolkata Knight Riders
AP Dole,2010,Rajasthan Royals
AP Majumdar,2012,Pune Warriors
AP Tare,2010,Mumbai Indians
AP Tare,2013,Mumbai Indians
AP Tare,2014,Mumbai Indians
AP Tare,2015,Mumbai Indians
AP Tare,2016,Sunrisers Hyderabad
AP Tare,2017,Delhi Capitals
AR Bawne,2017,Delhi Capitals
AR Patel,2014,Punjab Kings
AR Patel,2015,Punjab Kings
AR Patel,2016,Punjab Kings
AR Patel,2017,Punjab Kings
AR Patel,2018,Punjab Kings
AR Patel,2019,Delhi Capitals
AR Patel,2020,Delhi Capitals
AR Patel,2021,Delhi Capitals
AR Patel,2022,Delhi Capitals
AR Patel,2023,Delhi Capitals
AR Patel,2024,Delhi Capitals
AS Joseph,2019,Mumbai Indians
AS Joseph,2022,Gujarat Titans
AS Joseph,2023,Gujarat Titans
AS Joseph,2024,Royal Challengers Bengaluru
AS Rajpoot,2013,Chennai Super Kings
AS Rajpoot,2016,Kolkata Knight Riders
AS Rajpoot,2017,Kolkata Knight Riders
AS Rajpoot,2018,Punjab Kings
AS Rajpoot,2019,Punjab Kings
AS Rajpoot,2020,Rajasthan Royals
AS Raut,2009,Rajasthan Royals
AS Raut,2010,Rajasthan Royals
AS Raut,2011,Rajasthan Royals
AS Roy,2019,Mumbai Indians
AS Roy,2022,Kolkata Knight Riders
AS Roy,2023,Kolkata Knight Riders
AS Roy,2024,Kolkata Knight Riders
AS Yadav,2008,Deccan Chargers
AT Carey,2020,Delhi Capitals
AT Rayudu,2010,Mumbai Indians
AT Rayudu,2011,Mumbai Indians
AT Rayudu,2012,Mumbai Indians
AT Rayudu,2013,Mumbai Indians
AT Rayudu,2014,Mumbai Indians
AT Rayudu,2015,Mumbai Indians
AT Rayudu,2016,Mumbai Indians
AT Rayudu,2017,Mumbai Indians
AT Rayudu,2018,Chennai Super Kings
AT Rayudu,2019,Chennai Super Kings
AT Rayudu,2020,Chennai Super Kings
AT Rayudu,2021,Chennai Super Kings
AT Rayudu,2022,Chennai Super Kings
AT Rayudu,2023,Chennai Super Kings
AU Rashid,2021,Punjab Kings
AU Rashid,2023,Sunrisers Hyderabad
AUK Pathan,2011,Royal Challengers Bengaluru
AUK Pathan,2012,Royal Challengers Bengaluru
Aaron Finch,2014,Sunrisers Hyderabad
Aaron Finch,2015,Mumbai Indians
Aaron Finch,2016,Gujarat Lions
Aaron Finch,2018,Punjab Kings
Aaron Finch,2020,Royal Challengers Bengaluru
Aaron Finch,2026,Royal Challengers Bengaluru
Aaron Hardie,2025,Punjab Kings
Aaron Hardie,2026,Punjab Kings
Abdul Basith,2023,Rajasthan Royals
Abdul P A,2023,Rajasthan Royals
Abdul P A,2026,Rajasthan Royals
Abdul Samad,2020,Sunrisers Hyderabad
Abdul Samad,2021,Sunrisers Hyderabad
Abdul Samad,2022,Sunrisers Hyderabad
Abdul Samad,2023,Sunrisers Hyderabad
Abdul Samad,2024,Sunrisers Hyderabad
Abdul Samad,2025,Lucknow Super Giants
Abdul Samad,2026,Lucknow Super Giants
Abdur Razzak,2008,Royal Challengers Bengaluru
Abhijeet Tomar,2022,Kolkata Knight Riders
Abhijeet Tomar,2026,Kolkata Knight Riders
Abhimanyu Mithun,2015,Mumbai Indians
Abhimanyu Mithun,2016,Sunrisers Hyderabad
Abhimanyu Mithun,2026,Sunrisers Hyderabad
Abhinandan Singh,2025,Royal Challengers Bengaluru
Abhinandan Singh,2026,Royal Challengers Bengaluru
Abhinav Manohar,2025,Sunrisers Hyderabad
Abhinav Manohar,2026,Sunrisers Hyderabad
Abhinav Sadarangani,2022,Gujarat Titans
Abhinav Sadarangani,2026,Gujarat Titans
Abhishek Nayar,2013,Pune Warriors India
Abhishek Nayar,2014,Rajasthan Royals
Abhishek Nayar,2026,Rajasthan Royals
Abhishek Sharma,2018,Delhi Capitals
Abhishek Sharma,2019,Sunrisers Hyderabad
Abhishek Sharma,2020,Sunrisers Hyderabad
Abhishek Sharma,2021,Sunrisers Hyderabad
Abhishek Sharma,2022,Sunrisers Hyderabad
Abhishek Sharma,2023,Sunrisers Hyderabad
Abhishek Sharma,2024,Sunrisers Hyderabad
Abhishek Sharma,2026,Sunrisers Hyderabad
Abid Mushtaq,2024,Rajasthan Royals
Abid Mushtaq,2026,Rajasthan Royals
Abishek Porel,2023,Delhi Capitals
Abishek Porel,2024,Delhi Capitals
Abu Nechim Ahmed,2014,Royal Challengers Bengaluru
Abu Nechim Ahmed,2026,Royal Challengers Bengaluru
Adam Milne,2015,Royal Challengers Bengaluru
Adam Milne,2021,Mumbai Indians
Adam Milne,2022,Chennai Super Kings
Adam Milne,2026,Rajasthan Royals
Adam Zampa,2016,Rising Pune Supergiant
Adam Zampa,2023,Rajasthan Royals
Adam Zampa,2025,Sunrisers Hyderabad
Adam Zampa,2026,Sunrisers Hyderabad
Adil Rashid,2023,Sunrisers Hyderabad
Adil Rashid,2026,Sunrisers Hyderabad
Aditya Garhwal,2015,Kolkata Knight Riders
Aditya Garhwal,2026,Kolkata Knight Riders
Aditya Tare,2014,Mumbai Indians
Aditya Tare,2016,Sunrisers Hyderabad
Aditya Tare,2017,Delhi Capitals
Aditya Tare,2018,Mumbai Indians
Aditya Tare,2026,Mumbai Indians
Agnivesh Ayachi,2019,Punjab Kings
Agnivesh Ayachi,2026,Punjab Kings
Aiden Blizzard,2015,Mumbai Indians
Aiden Blizzard,2026,Mumbai Indians
Aiden Markram,2022,Sunrisers Hyderabad
Aiden Markram,2025,Lucknow Super Giants
Aiden Markram,2026,Lucknow Super Giants
Ajantha Mendis,2013,Pune Warriors India
Ajantha Mendis,2026,Pune Warriors India
Ajay Mandal,2023,Chennai Super Kings
Ajay Mandal,2025,Delhi Capitals
Ajay Mandal,2026,Delhi Capitals
Ajinkya Rahane,2018,Rajasthan Royals
Ajinkya Rahane,2022,Kolkata Knight Riders
Ajinkya Rahane,2023,Chennai Super Kings
Ajinkya Rahane,2025,Kolkata Knight Riders
Ajinkya Rahane,2026,Kolkata Knight Riders
Akash Deep,2022,Royal Challengers Bengaluru
Akash Deep,2023,Royal Challengers Bengaluru
Akash Deep,2024,Royal Challengers Bengaluru
Akash Deep,2025,Lucknow Super Giants
Akash Deep,2026,Kolkata Knight Riders
Akash Madhwal,2023,Mumbai Indians
Akash Madhwal,2024,Mumbai Indians
Akash Madhwal,2025,Rajasthan Royals
Akash Madhwal,2026,Rajasthan Royals
Akash Singh,2020,Rajasthan Royals
Akash Singh,2021,Rajasthan Royals
Akash Singh,2023,Chennai Super Kings
Akash Singh,2024,Sunrisers Hyderabad
Akash Singh,2025,Lucknow Super Giants
Akash Singh,2026,Lucknow Super Giants
Akash Vashisht,2023,Rajasthan Royals
Akash Vashisht,2026,Rajasthan Royals
Akeal Hosein,2023,Sunrisers Hyderabad
Akeal Hosein,2026,Chennai Super Kings
Akhil Arvind Herwadkar,2016,Delhi Capitals
Akhil Arvind Herwadkar,2026,Delhi Capitals
Akila Dananjaya,2013,Chennai Super Kings
Akila Dananjaya,2026,Chennai Super Kings
Akila Dhananjaya,2018,Mumbai Indians
Akila Dhananjaya,2026,Mumbai Indians
Akshar Rajesh Patel,2014,Punjab Kings
Akshar Rajesh Patel,2026,Punjab Kings
Akshat Raghuwanshi,2026,Lucknow Super Giants
Akshay Karnewar,2016,Royal Challengers Bengaluru
Akshay Karnewar,2026,Royal Challengers Bengaluru
Akshay Wakhare,2015,Mumbai Indians
Akshay Wakhare,2026,Mumbai Indians
Akshdeep Nath,2016,Gujarat Lions
Akshdeep Nath,2017,Gujarat Lions
Akshdeep Nath,2018,Punjab Kings
Akshdeep Nath,2019,Royal Challengers Bengaluru
Akshdeep Nath,2026,Royal Challengers Bengaluru
Albie Morkel,2014,Royal Challengers Bengaluru
Albie Morkel,2015,Delhi Capitals
Albie Morkel,2026,Delhi Capitals
Alex Carey,2020,Delhi Capitals
Alex Carey,2026,Delhi Capitals
Alex Hales,2022,Kolkata Knight Riders
Alex Hales,2026,Kolkata Knight Riders
Allah Ghazanfar,2025,Mumbai Indians
Allah Ghazanfar,2026,Mumbai Indians
Alzarri Joseph,2022,Gujarat Titans
Alzarri Joseph,2024,Royal Challengers Bengaluru
Alzarri Joseph,2026,Royal Challengers Bengaluru
Aman Hakim Khan,2022,Kolkata Knight Riders
Aman Hakim Khan,2023,Delhi Capitals
Aman Khan,2022,Kolkata Knight Riders
Aman Khan,2026,Chennai Super Kings
Aman Rao Perala,2026,Rajasthan Royals
Ambati Rayudu,2018,Chennai Super Kings
Ambati Rayudu,2022,Chennai Super Kings
Ambati Rayudu,2026,Chennai Super Kings
Amit Kumar,2026,Sunrisers Hyderabad
Amit Mishra,2014,Rajasthan Royals
Amit Mishra,2015,Delhi Capitals
Amit Mishra,2016,Gujarat Lions
Amit Mishra,2018,Delhi Capitals
Amit Mishra,2023,Lucknow Super Giants
Amit Mishra,2026,Lucknow Super Giants
Amit Paunikar,2014,Sunrisers Hyderabad
Amit Paunikar,2026,Sunrisers Hyderabad
Anand Rajan,2011,Deccan Chargers
Anand Rajan,2012,Deccan Chargers
Anand Rajan,2013,Sunrisers Hyderabad
Andre Russell,2014,Kolkata Knight Riders
Andre Russell,2026,Kolkata Knight Riders
Andre Siddarth,2025,Chennai Super Kings
Andre Siddarth,2026,Chennai Super Kings
Andrew Tye,2015,Chennai Super Kings
Andrew Tye,2016,Gujarat Lions
Andrew Tye,2018,Punjab Kings
Andrew Tye,2020,Rajasthan Royals
Andrew Tye,2026,Rajasthan Royals
Aneeshwar Gautam,2022,Royal Challengers Bengaluru
Aneeshwar Gautam,2026,Royal Challengers Bengaluru
Angelo Mathews,2015,Delhi Capitals
Angelo Mathews,2017,Delhi Capitals
Angelo Mathews,2026,Delhi Capitals
Angkrish Raghuvanshi,2024,Kolkata Knight Riders
Angkrish Raghuvanshi,2025,Kolkata Knight Riders
Angkrish Raghuvanshi,2026,Kolkata Knight Riders
Aniket Choudhary,2017,Royal Challengers Bengaluru
Aniket Choudhary,2018,Royal Challengers Bengaluru
Aniket Choudhary,2026,Royal Challengers Bengaluru
Aniket Verma,2025,Sunrisers Hyderabad
Aniket Verma,2026,Sunrisers Hyderabad
Anirudh Singh,2010,Deccan Chargers
Anirudha Ashok Joshi,2018,Royal Challengers Bengaluru
Anirudha Ashok Joshi,2020,Rajasthan Royals
Anirudha Ashok Joshi,2026,Rajasthan Royals
Ankeet Bawane,2017,Delhi Capitals
Ankeet Bawane,2026,Delhi Capitals
Ankit Nagendra Sharma,2014,Rajasthan Royals
Ankit Nagendra Sharma,2026,Rajasthan Royals
Ankit Sharma,2012,Deccan Chargers
Ankit Sharma,2013,Sunrisers Hyderabad
Ankit Sharma,2014,Rajasthan Royals
Ankit Sharma,2015,Rajasthan Royals
Ankit Sharma,2016,Rising Pune Supergiant
Ankit Sharma,2017,Rising Pune Supergiant
Ankit Sharma,2018,Rajasthan Royals
Ankit Sharma,2026,Rajasthan Royals
Ankit Singh Rajpoot,2016,Kolkata Knight Riders
Ankit Singh Rajpoot,2018,Punjab Kings
Ankit Singh Rajpoot,2022,Lucknow Super Giants
Ankit Singh Rajpoot,2026,Lucknow Super Giants
Ankit Soni,2017,Gujarat Lions
Ankush Bains,2014,Rajasthan Royals
Ankush Bains,2015,Chennai Super Kings
Ankush Bains,2016,Rising Pune Supergiant
Ankush Bains,2019,Delhi Capitals
Ankush Bains,2026,Delhi Capitals
Anmolpreet Singh,2019,Mumbai Indians
Anmolpreet Singh,2021,Mumbai Indians
Anmolpreet Singh,2022,Mumbai Indians
Anmolpreet Singh,2023,Sunrisers Hyderabad
Anmolpreet Singh,2024,Sunrisers Hyderabad
Anmolpreet Singh,2026,Sunrisers Hyderabad
Anrich Nortje,2019,Kolkata Knight Riders
Anrich Nortje,2025,Kolkata Knight Riders
Anrich Nortje,2026,Lucknow Super Giants
Ansh Patel,2022,Punjab Kings
Ansh Patel,2026,Punjab Kings
Anshul Kamboj,2024,Mumbai Indians
Anshul Kamboj,2025,Chennai Super Kings
Anshul Kamboj,2026,Chennai Super Kings
Anuj Rawat,2020,Rajasthan Royals
Anuj Rawat,2021,Rajasthan Royals
Anuj Rawat,2022,Royal Challengers Bengaluru
Anuj Rawat,2023,Royal Challengers Bengaluru
Anuj Rawat,2024,Royal Challengers Bengaluru
Anuj Rawat,2025,Gujarat Titans
Anuj Rawat,2026,Gujarat Titans
Anukul Roy,2018,Mumbai Indians
Anukul Roy,2022,Kolkata Knight Riders
Anukul Roy,2025,Kolkata Knight Riders
Anukul Roy,2026,Kolkata Knight Riders
Anunay Singh,2022,Rajasthan Royals
Anunay Singh,2026,Rajasthan Royals
Anureet Singh,2009,Kolkata Knight Riders
Anureet Singh,2014,Punjab Kings
Anureet Singh,2015,Punjab Kings
Anureet Singh,2016,Punjab Kings
Anureet Singh,2017,Punjab Kings
Anureet Singh,2018,Rajasthan Royals
Anureet Singh,2026,Rajasthan Royals
Apoorv Vijay Wankhade,2014,Mumbai Indians
Apoorv Vijay Wankhade,2018,Kolkata Knight Riders
Apoorv Vijay Wankhade,2026,Kolkata Knight Riders
Arjun Tendulkar,2021,Mumbai Indians
Arjun Tendulkar,2022,Mumbai Indians
Arjun Tendulkar,2023,Mumbai Indians
Arjun Tendulkar,2024,Mumbai Indians
Arjun Tendulkar,2025,Mumbai Indians
Arjun Tendulkar,2026,Mumbai Indians
Armaan Jaffer,2016,Punjab Kings
Armaan Jaffer,2026,Punjab Kings
Arshad Khan,2023,Mumbai Indians
Arshad Khan,2024,Lucknow Super Giants
Arshad Khan (2),2024,Lucknow Super Giants
Arshdeep Singh,2019,Punjab Kings
Arshdeep Singh,2020,Punjab Kings
Arshdeep Singh,2021,Punjab Kings
Arshdeep Singh,2022,Punjab Kings
Arshdeep Singh,2023,Punjab Kings
Arshdeep Singh,2024,Punjab Kings
Arshdeep Singh,2025,Punjab Kings
Arshdeep Singh,2026,Punjab Kings
Arshin Kulkarni,2024,Lucknow Super Giants
Arshin Kulkarni,2025,Lucknow Super Giants
Arshin Kulkarni,2026,Lucknow Super Giants
Aryaman Vikram Birla,2018,Rajasthan Royals
Aryaman Vikram Birla,2026,Rajasthan Royals
Aryan Juyal,2022,Mumbai Indians
Aryan Juyal,2025,Lucknow Super Giants
Aryan Juyal,2026,Lucknow Super Giants
Asela Gunarathna,2017,Mumbai Indians
Asela Gunarathna,2026,Mumbai Indians
Ashish Nehra,2014,Chennai Super Kings
Ashish Nehra,2016,Sunrisers Hyderabad
Ashish Nehra,2026,Sunrisers Hyderabad
Ashish Reddy,2014,Sunrisers Hyderabad
Ashish Reddy,2026,Sunrisers Hyderabad
Ashok Dinda,2014,Royal Challengers Bengaluru
Ashok Dinda,2016,Rising Pune Supergiant
Ashok Dinda,2026,Rising Pune Supergiant
Ashok Sharma,2022,Kolkata Knight Riders
Ashok Sharma,2025,Rajasthan Royals
Ashok Sharma,2026,Gujarat Titans
Ashton Turner,2019,Rajasthan Royals
Ashton Turner,2024,Lucknow Super Giants
Ashton Turner,2026,Lucknow Super Giants
Ashutosh Sharma,2024,Punjab Kings
Ashutosh Sharma,2025,Delhi Capitals
Ashutosh Sharma,2026,Delhi Capitals
Ashwani Kumar,2025,Mumbai Indians
Ashwani Kumar,2026,Mumbai Indians
Ashwin Hebbar,2022,Delhi Capitals
Ashwin Hebbar,2026,Delhi Capitals
Asif K M,2018,Chennai Super Kings
Asif K M,2026,Chennai Super Kings
Atharva Ankolekar,2026,Mumbai Indians
Atharva Taide,2022,Punjab Kings
Atharva Taide,2023,Punjab Kings
Atharva Taide,2024,Punjab Kings
Atharva Taide,2025,Sunrisers Hyderabad
Atharva Taide,2026,Sunrisers Hyderabad
Auqib Dar,2026,Delhi Capitals
Avanish Rao Aravelly,2024,Chennai Super Kings
Avanish Rao Aravelly,2026,Chennai Super Kings
Avesh Khan,2017,Royal Challengers Bengaluru
Avesh Khan,2018,Delhi Capitals
Avesh Khan,2019,Delhi Capitals
Avesh Khan,2020,Delhi Capitals
Avesh Khan,2021,Delhi Capitals
Avesh Khan,2022,Lucknow Super Giants
Avesh Khan,2023,Lucknow Super Giants
Avesh Khan,2024,Rajasthan Royals
Avesh Khan,2025,Lucknow Super Giants
Avesh Khan,2026,Lucknow Super Giants
Avinash Singh,2023,Royal Challengers Bengaluru
Avinash Singh,2026,Royal Challengers Bengaluru
Axar Rajesh Patel,2019,Delhi Capitals
Axar Rajesh Patel,2026,Delhi Capitals
Ayush Badoni,2022,Lucknow Super Giants
Ayush Badoni,2026,Lucknow Super Giants
Azhar Mahmood,2012,Punjab Kings
Azhar Mahmood,2013,Punjab Kings
Azhar Mahmood,2015,Kolkata Knight Riders
Azmatullah Omarzai,2024,Gujarat Titans
Azmatullah Omarzai,2025,Punjab Kings
Azmatullah Omarzai,2026,Punjab Kings
B Akhil,2008,Royal Challengers Bengaluru
B Akhil,2009,Royal Challengers Bengaluru
B Akhil,2010,Royal Challengers Bengaluru
B Akhil,2011,Kochi Tuskers Kerala
B Chipli,2008,Royal Challengers Bengaluru
B Chipli,2011,Deccan Chargers
B Chipli,2012,Deccan Chargers
B Chipli,2013,Delhi Capitals
B Geeves,2008,Delhi Capitals
B Indrajith,2022,Kolkata Knight Riders
B Kumar,2011,Pune Warriors
B Kumar,2012,Pune Warriors
B Kumar,2013,Pune Warriors
B Kumar,2014,Sunrisers Hyderabad
B Kumar,2015,Sunrisers Hyderabad
B Kumar,2016,Sunrisers Hyderabad
B Kumar,2017,Sunrisers Hyderabad
B Kumar,2018,Sunrisers Hyderabad
B Kumar,2019,Sunrisers Hyderabad
B Kumar,2020,Sunrisers Hyderabad
B Kumar,2021,Sunrisers Hyderabad
B Kumar,2022,Sunrisers Hyderabad
B Kumar,2023,Sunrisers Hyderabad
B Kumar,2024,Sunrisers Hyderabad
B Laughlin,2013,Chennai Super Kings
B Laughlin,2018,Rajasthan Royals
B Lee,2008,Punjab Kings
B Lee,2009,Punjab Kings
B Lee,2010,Punjab Kings
B Lee,2011,Kolkata Knight Riders
B Lee,2012,Kolkata Knight Riders
B Lee,2013,Kolkata Knight Riders
B Sai Sudharsan,2022,Gujarat Titans
B Sai Sudharsan,2023,Gujarat Titans
B Sai Sudharsan,2024,Gujarat Titans
B Stanlake,2017,Royal Challengers Bengaluru
B Stanlake,2018,Sunrisers Hyderabad
B Sumanth,2010,Deccan Chargers
B. Sai Sudharsan,2022,Gujarat Titans
B. Sai Sudharsan,2026,Gujarat Titans
BA Bhatt,2011,Punjab Kings
BA Bhatt,2012,Punjab Kings
BA Bhatt,2013,Punjab Kings
BA Stokes,2017,Rising Pune Supergiant
BA Stokes,2018,Rajasthan Royals
BA Stokes,2019,Rajasthan Royals
BA Stokes,2020,Rajasthan Royals
BA Stokes,2021,Rajasthan Royals
BA Stokes,2023,Chennai Super Kings
BAW Mendis,2008,Kolkata Knight Riders
BAW Mendis,2009,Kolkata Knight Riders
BAW Mendis,2010,Kolkata Knight Riders
BAW Mendis,2013,Pune Warriors
BB McCullum,2008,Kolkata Knight Riders
BB McCullum,2009,Kolkata Knight Riders
BB McCullum,2010,Kolkata Knight Riders
BB McCullum,2011,Kochi Tuskers Kerala
BB McCullum,2012,Kolkata Knight Riders
BB McCullum,2013,Kolkata Knight Riders
BB McCullum,2014,Chennai Super Kings
BB McCullum,2015,Chennai Super Kings
BB McCullum,2016,Gujarat Lions
BB McCullum,2017,Gujarat Lions
BB McCullum,2018,Royal Challengers Bengaluru
BB Samantray,2012,Deccan Chargers
BB Samantray,2013,Sunrisers Hyderabad
BB Sran,2015,Rajasthan Royals
BB Sran,2016,Sunrisers Hyderabad
BB Sran,2017,Sunrisers Hyderabad
BB Sran,2018,Punjab Kings
BB Sran,2019,Mumbai Indians
BCJ Cutting,2014,Rajasthan Royals
BCJ Cutting,2016,Sunrisers Hyderabad
BCJ Cutting,2017,Sunrisers Hyderabad
BCJ Cutting,2018,Mumbai Indians
BCJ Cutting,2019,Mumbai Indians
BE Hendricks,2014,Punjab Kings
BE Hendricks,2015,Punjab Kings
BJ Haddin,2011,Kolkata Knight Riders
BJ Hodge,2008,Kolkata Knight Riders
BJ Hodge,2009,Kolkata Knight Riders
BJ Hodge,2010,Kolkata Knight Riders
BJ Hodge,2011,Kochi Tuskers Kerala
BJ Hodge,2012,Rajasthan Royals
BJ Hodge,2013,Rajasthan Royals
BJ Hodge,2014,Rajasthan Royals
BJ Rohrer,2013,Delhi Capitals
BMAJ Mendis,2013,Delhi Capitals
BR Dunk,2014,Mumbai Indians
BR Sharath,2024,Gujarat Titans
BW Hilfenhaus,2012,Chennai Super Kings
BW Hilfenhaus,2014,Chennai Super Kings
Baba Aparajith,2014,Chennai Super Kings
Baba Aparajith,2016,Rising Pune Supergiant
Baba Aparajith,2026,Rising Pune Supergiant
Baba Indrajith,2022,Kolkata Knight Riders
Baba Indrajith,2026,Kolkata Knight Riders
Baltej Dhanda,2022,Punjab Kings
Baltej Dhanda,2026,Punjab Kings
Bandaru Ayyappa,2019,Delhi Capitals
Bandaru Ayyappa,2026,Delhi Capitals
Barinder Singh Saran,2015,Rajasthan Royals
Barinder Singh Saran,2026,Rajasthan Royals
Barinder Singh Sran,2016,Sunrisers Hyderabad
Barinder Singh Sran,2018,Punjab Kings
Barinder Singh Sran,2019,Mumbai Indians
Barinder Singh Sran,2026,Mumbai Indians
Basil Thampi,2017,Gujarat Lions
Basil Thampi,2018,Sunrisers Hyderabad
Basil Thampi,2019,Sunrisers Hyderabad
Basil Thampi,2020,Sunrisers Hyderabad
Basil Thampi,2022,Mumbai Indians
Basil Thampi,2026,Mumbai Indians
Ben Cutting,2014,Rajasthan Royals
Ben Cutting,2016,Sunrisers Hyderabad
Ben Cutting,2018,Mumbai Indians
Ben Cutting,2021,Kolkata Knight Riders
Ben Cutting,2026,Kolkata Knight Riders
Ben Duckett,2026,Delhi Capitals
Ben Dunk,2014,Mumbai Indians
Ben Dunk,2026,Mumbai Indians
Ben Dwarshuis,2018,Punjab Kings
Ben Dwarshuis,2026,Punjab Kings
Ben Hilfenhaus,2014,Chennai Super Kings
Ben Hilfenhaus,2026,Chennai Super Kings
Ben Laughlin,2013,Chennai Super Kings
Ben Laughlin,2017,Sunrisers Hyderabad
Ben Laughlin,2018,Rajasthan Royals
Ben Laughlin,2026,Rajasthan Royals
Ben Stokes,2023,Chennai Super Kings
Ben Stokes,2026,Chennai Super Kings
Benjamin Stokes,2017,Rising Pune Supergiant
Benjamin Stokes,2018,Rajasthan Royals
Benjamin Stokes,2026,Rajasthan Royals
Benny Howell,2022,Punjab Kings
Benny Howell,2026,Punjab Kings
Beuran Hendricks,2014,Punjab Kings
Beuran Hendricks,2026,Punjab Kings
Bevan John Jacobs,2025,Mumbai Indians
Bevan John Jacobs,2026,Mumbai Indians
Bhagath Varma,2023,Chennai Super Kings
Bhagath Varma,2026,Chennai Super Kings
Bhanuka Rajapaksa,2022,Punjab Kings
Bhanuka Rajapaksa,2026,Punjab Kings
Bhuvneshwar Kumar,2014,Sunrisers Hyderabad
Bhuvneshwar Kumar,2022,Sunrisers Hyderabad
Bhuvneshwar Kumar,2025,Royal Challengers Bengaluru
Bhuvneshwar Kumar,2026,Royal Challengers Bengaluru
Billy Stanlake,2017,Royal Challengers Bengaluru
Billy Stanlake,2018,Sunrisers Hyderabad
Billy Stanlake,2026,Sunrisers Hyderabad
Bipul Sharma,2010,Punjab Kings
Bipul Sharma,2011,Punjab Kings
Bipul Sharma,2012,Punjab Kings
Bipul Sharma,2013,Punjab Kings
Bipul Sharma,2015,Sunrisers Hyderabad
Bipul Sharma,2016,Sunrisers Hyderabad
Bipul Sharma,2017,Sunrisers Hyderabad
Bipul Sharma,2018,Sunrisers Hyderabad
Bipul Sharma,2026,Sunrisers Hyderabad
Brad Hodge,2014,Rajasthan Royals
Brad Hodge,2026,Rajasthan Royals
Brad Hogg,2015,Kolkata Knight Riders
Brad Hogg,2026,Kolkata Knight Riders
Brendan Taylor,2014,Sunrisers Hyderabad
Brendan Taylor,2026,Sunrisers Hyderabad
Brendon McCullum,2014,Chennai Super Kings
Brendon McCullum,2018,Royal Challengers Bengaluru
Brendon McCullum,2026,Royal Challengers Bengaluru
Brijesh Sharma,2026,Rajasthan Royals
Brydon Carse,2025,Sunrisers Hyderabad
Brydon Carse,2026,Sunrisers Hyderabad
C Ganapathy,2010,Chennai Super Kings
C Green,2023,Mumbai Indians
C Green,2024,Royal Challengers Bengaluru
C Hari Nishaanth,2021,Chennai Super Kings
C Hari Nishaanth,2026,Chennai Super Kings
C Madan,2010,Mumbai Indians
C Munro,2016,Kolkata Knight Riders
C Munro,2018,Delhi Capitals
C Munro,2019,Delhi Capitals
C Nanda,2009,Mumbai Indians
C Sakariya,2021,Rajasthan Royals
C Sakariya,2022,Delhi Capitals
C Sakariya,2023,Delhi Capitals
C de Grandhomme,2017,Kolkata Knight Riders
C de Grandhomme,2018,Royal Challengers Bengaluru
C de Grandhomme,2019,Royal Challengers Bengaluru
C.Hari Nishaanth,2022,Chennai Super Kings
C.Hari Nishaanth,2026,Chennai Super Kings
C.M. Gautam,2014,Mumbai Indians
C.M. Gautam,2015,Delhi Capitals
C.M. Gautam,2026,Delhi Capitals
CA Ingram,2011,Delhi Capitals
CA Ingram,2019,Delhi Capitals
CA Lynn,2012,Deccan Chargers
CA Lynn,2014,Kolkata Knight Riders
CA Lynn,2016,Kolkata Knight Riders
CA Lynn,2017,Kolkata Knight Riders
CA Lynn,2018,Kolkata Knight Riders
CA Lynn,2019,Kolkata Knight Riders
CA Lynn,2021,Mumbai Indians
CA Pujara,2010,Kolkata Knight Riders
CA Pujara,2011,Royal Challengers Bengaluru
CA Pujara,2012,Royal Challengers Bengaluru
CA Pujara,2013,Royal Challengers Bengaluru
CA Pujara,2014,Punjab Kings
CH Gayle,2009,Kolkata Knight Riders
CH Gayle,2010,Kolkata Knight Riders
CH Gayle,2011,Royal Challengers Bengaluru
CH Gayle,2012,Royal Challengers Bengaluru
CH Gayle,2013,Royal Challengers Bengaluru
CH Gayle,2014,Royal Challengers Bengaluru
CH Gayle,2015,Royal Challengers Bengaluru
CH Gayle,2016,Royal Challengers Bengaluru
CH Gayle,2017,Royal Challengers Bengaluru
CH Gayle,2018,Punjab Kings
CH Gayle,2019,Punjab Kings
CH Gayle,2020,Punjab Kings
CH Gayle,2021,Punjab Kings
CH Morris,2013,Chennai Super Kings
CH Morris,2015,Rajasthan Royals
CH Morris,2016,Delhi Capitals
CH Morris,2017,Delhi Capitals
CH Morris,2018,Delhi Capitals
CH Morris,2019,Delhi Capitals
CH Morris,2020,Royal Challengers Bengaluru
CH Morris,2021,Rajasthan Royals
CJ Anderson,2014,Mumbai Indians
CJ Anderson,2015,Mumbai Indians
CJ Anderson,2017,Delhi Capitals
CJ Anderson,2018,Royal Challengers Bengaluru
CJ Dala,2018,Delhi Capitals
CJ Ferguson,2011,Pune Warriors
CJ Ferguson,2012,Pune Warriors
CJ Green,2020,Kolkata Knight Riders
CJ Jordan,2016,Royal Challengers Bengaluru
CJ Jordan,2017,Sunrisers Hyderabad
CJ Jordan,2018,Sunrisers Hyderabad
CJ Jordan,2020,Punjab Kings
CJ Jordan,2021,Punjab Kings
CJ Jordan,2022,Chennai Super Kings
CJ Jordan,2023,Mumbai Indians
CJ McKay,2012,Mumbai Indians
CK Kapugedera,2008,Chennai Super Kings
CK Langeveldt,2009,Kolkata Knight Riders
CK Langeveldt,2010,Kolkata Knight Riders
CK Langeveldt,2011,Royal Challengers Bengaluru
CL White,2008,Royal Challengers Bengaluru
CL White,2010,Royal Challengers Bengaluru
CL White,2011,Deccan Chargers
CL White,2012,Deccan Chargers
CL White,2013,Sunrisers Hyderabad
CM Gautam,2013,Delhi Capitals
CM Gautam,2014,Mumbai Indians
CM Gautam,2015,Delhi Capitals
CR Brathwaite,2016,Delhi Capitals
CR Brathwaite,2017,Delhi Capitals
CR Brathwaite,2018,Sunrisers Hyderabad
CR Brathwaite,2019,Kolkata Knight Riders
CR Woakes,2017,Kolkata Knight Riders
CR Woakes,2018,Royal Challengers Bengaluru
CR Woakes,2021,Delhi Capitals
CRD Fernando,2008,Mumbai Indians
CRD Fernando,2010,Mumbai Indians
CV Varun,2019,Punjab Kings
CV Varun,2020,Kolkata Knight Riders
CV Varun,2021,Kolkata Knight Riders
CV Varun,2022,Kolkata Knight Riders
CV Varun,2023,Kolkata Knight Riders
CV Varun,2024,Kolkata Knight Riders
Cameron Delport,2018,Kolkata Knight Riders
Cameron Delport,2026,Kolkata Knight Riders
Cameron Green,2023,Mumbai Indians
Cameron Green,2026,Kolkata Knight Riders
Carlos Brathwaite,2016,Delhi Capitals
Carlos Brathwaite,2018,Sunrisers Hyderabad
Carlos Brathwaite,2019,Kolkata Knight Riders
Carlos Brathwaite,2026,Kolkata Knight Riders
Chaitanya Bishnoi,2018,Chennai Super Kings
Chaitanya Bishnoi,2026,Chennai Super Kings
Chama Milind,2014,Sunrisers Hyderabad
Chama Milind,2016,Delhi Capitals
Chama Milind,2022,Royal Challengers Bengaluru
Chama Milind,2026,Royal Challengers Bengaluru
Chamika Karunaratne,2022,Kolkata Knight Riders
Chamika Karunaratne,2026,Kolkata Knight Riders
Chetan Sakariya,2021,Rajasthan Royals
Chetan Sakariya,2022,Delhi Capitals
Chetan Sakariya,2024,Kolkata Knight Riders
Chetan Sakariya,2026,Kolkata Knight Riders
Cheteshwar Pujara,2014,Punjab Kings
Cheteshwar Pujara,2021,Chennai Super Kings
Cheteshwar Pujara,2026,Chennai Super Kings
Chirag Suri,2017,Gujarat Lions
Chirag Suri,2026,Gujarat Lions
Chris Green,2020,Kolkata Knight Riders
Chris Green,2026,Kolkata Knight Riders
Chris Jordan,2017,Sunrisers Hyderabad
Chris Jordan,2018,Sunrisers Hyderabad
Chris Jordan,2020,Punjab Kings
Chris Jordan,2022,Chennai Super Kings
Chris Jordan,2026,Chennai Super Kings
Chris Lynn,2014,Kolkata Knight Riders
Chris Lynn,2018,Kolkata Knight Riders
Chris Lynn,2020,Mumbai Indians
Chris Lynn,2026,Mumbai Indians
Chris Woakes,2017,Kolkata Knight Riders
Chris Woakes,2018,Royal Challengers Bengaluru
Chris Woakes,2020,Delhi Capitals
Chris Woakes,2024,Punjab Kings
Chris Woakes,2026,Punjab Kings
Christopher Barnwell,2013,Royal Challengers Bengaluru
Christopher Barnwell,2026,Royal Challengers Bengaluru
Christopher Gayle,2018,Punjab Kings
Christopher Gayle,2026,Punjab Kings
Christopher Morris,2013,Chennai Super Kings
Christopher Morris,2015,Rajasthan Royals
Christopher Morris,2016,Delhi Capitals
Christopher Morris,2020,Royal Challengers Bengaluru
Christopher Morris,2021,Rajasthan Royals
Christopher Morris,2026,Rajasthan Royals
Clinton McKay,2013,Sunrisers Hyderabad
Clinton McKay,2026,Sunrisers Hyderabad
Colin De Grandhomme,2018,Royal Challengers Bengaluru
Colin De Grandhomme,2026,Royal Challengers Bengaluru
Colin Ingram,2019,Delhi Capitals
Colin Ingram,2026,Delhi Capitals
Colin Munro,2016,Kolkata Knight Riders
Colin Munro,2018,Delhi Capitals
Colin Munro,2026,Delhi Capitals
Cooper Connolly,2026,Punjab Kings
Corey Anderson,2014,Mumbai Indians
Corey Anderson,2017,Delhi Capitals
Corey Anderson,2026,Delhi Capitals
D Brevis,2022,Mumbai Indians
D Brevis,2024,Mumbai Indians
D Ferreira,2024,Rajasthan Royals
D Jansen,2023,Mumbai Indians
D Kalyankrishna,2008,Deccan Chargers
D Padikkal,2020,Royal Challengers Bengaluru
D Padikkal,2021,Royal Challengers Bengaluru
D Padikkal,2022,Rajasthan Royals
D Padikkal,2023,Rajasthan Royals
D Padikkal,2024,Lucknow Super Giants
D Pretorius,2022,Chennai Super Kings
D Pretorius,2023,Chennai Super Kings
D Salunkhe,2008,Rajasthan Royals
D Wiese,2015,Royal Challengers Bengaluru
D Wiese,2016,Royal Challengers Bengaluru
D Wiese,2023,Kolkata Knight Riders
D du Preez,2009,Royal Challengers Bengaluru
DA Miller,2012,Punjab Kings
DA Miller,2013,Punjab Kings
DA Miller,2014,Punjab Kings
DA Miller,2015,Punjab Kings
DA Miller,2016,Punjab Kings
DA Miller,2017,Punjab Kings
DA Miller,2018,Punjab Kings
DA Miller,2019,Punjab Kings
DA Miller,2021,Rajasthan Royals
DA Miller,2022,Gujarat Titans
DA Miller,2023,Gujarat Titans
DA Miller,2024,Gujarat Titans
DA Warner,2009,Delhi Capitals
DA Warner,2010,Delhi Capitals
DA Warner,2011,Delhi Capitals
DA Warner,2012,Delhi Capitals
DA Warner,2013,Delhi Capitals
DA Warner,2014,Sunrisers Hyderabad
DA Warner,2015,Sunrisers Hyderabad
DA Warner,2016,Sunrisers Hyderabad
DA Warner,2017,Sunrisers Hyderabad
DA Warner,2019,Sunrisers Hyderabad
DA Warner,2020,Sunrisers Hyderabad
DA Warner,2021,Sunrisers Hyderabad
DA Warner,2022,Delhi Capitals
DA Warner,2023,Delhi Capitals
DA Warner,2024,Delhi Capitals
DAJ Bracewell,2012,Delhi Capitals
DB Das,2008,Kolkata Knight Riders
DB Das,2012,Kolkata Knight Riders
DB Das,2013,Kolkata Knight Riders
DB Ravi Teja,2008,Deccan Chargers
DB Ravi Teja,2009,Deccan Chargers
DB Ravi Teja,2011,Deccan Chargers
DB Ravi Teja,2012,Deccan Chargers
DB Ravi Teja,2013,Sunrisers Hyderabad
DE Bollinger,2010,Chennai Super Kings
DE Bollinger,2011,Chennai Super Kings
DE Bollinger,2012,Chennai Super Kings
DG Nalkande,2022,Gujarat Titans
DG Nalkande,2023,Gujarat Titans
DG Nalkande,2024,Gujarat Titans
DH Yagnik,2011,Rajasthan Royals
DH Yagnik,2012,Rajasthan Royals
DH Yagnik,2013,Rajasthan Royals
DH Yagnik,2014,Rajasthan Royals
DJ Bravo,2008,Mumbai Indians
DJ Bravo,2009,Mumbai Indians
DJ Bravo,2010,Mumbai Indians
DJ Bravo,2011,Chennai Super Kings
DJ Bravo,2012,Chennai Super Kings
DJ Bravo,2013,Chennai Super Kings
DJ Bravo,2014,Chennai Super Kings
DJ Bravo,2015,Chennai Super Kings
DJ Bravo,2016,Gujarat Lions
DJ Bravo,2018,Chennai Super Kings
DJ Bravo,2019,Chennai Super Kings
DJ Bravo,2020,Chennai Super Kings
DJ Bravo,2021,Chennai Super Kings
DJ Bravo,2022,Chennai Super Kings
DJ Harris,2012,Deccan Chargers
DJ Hooda,2015,Rajasthan Royals
DJ Hooda,2016,Sunrisers Hyderabad
DJ Hooda,2017,Sunrisers Hyderabad
DJ Hooda,2018,Sunrisers Hyderabad
DJ Hooda,2019,Sunrisers Hyderabad
DJ Hooda,2020,Punjab Kings
DJ Hooda,2021,Punjab Kings
DJ Hooda,2022,Lucknow Super Giants
DJ Hooda,2023,Lucknow Super Giants
DJ Hooda,2024,Lucknow Super Giants
DJ Hussey,2008,Kolkata Knight Riders
DJ Hussey,2009,Kolkata Knight Riders
DJ Hussey,2010,Kolkata Knight Riders
DJ Hussey,2011,Punjab Kings
DJ Hussey,2012,Punjab Kings
DJ Hussey,2013,Punjab Kings
DJ Hussey,2014,Chennai Super Kings
DJ Jacobs,2011,Mumbai Indians
DJ Jacobs,2012,Mumbai Indians
DJ Malan,2021,Punjab Kings
DJ Mitchell,2022,Rajasthan Royals
DJ Mitchell,2024,Chennai Super Kings
DJ Muthuswami,2015,Delhi Capitals
DJ Thornely,2008,Mumbai Indians
DJ Willey,2018,Chennai Super Kings
DJ Willey,2022,Royal Challengers Bengaluru
DJ Willey,2023,Royal Challengers Bengaluru
DJG Sammy,2013,Sunrisers Hyderabad
DJG Sammy,2014,Sunrisers Hyderabad
DJG Sammy,2015,Royal Challengers Bengaluru
DJM Short,2018,Rajasthan Royals
DL Chahar,2016,Rising Pune Supergiant
DL Chahar,2017,Rising Pune Supergiant
DL Chahar,2018,Chennai Super Kings
DL Chahar,2019,Chennai Super Kings
DL Chahar,2020,Chennai Super Kings
DL Chahar,2021,Chennai Super Kings
DL Chahar,2023,Chennai Super Kings
DL Chahar,2024,Chennai Super Kings
DL Vettori,2008,Delhi Capitals
DL Vettori,2009,Delhi Capitals
DL Vettori,2010,Delhi Capitals
DL Vettori,2011,Royal Challengers Bengaluru
DL Vettori,2012,Royal Challengers Bengaluru
DM Bravo,2017,Kolkata Knight Riders
DNT Zoysa,2008,Deccan Chargers
DP Conway,2022,Chennai Super Kings
DP Conway,2023,Chennai Super Kings
DP Nannes,2009,Delhi Capitals
DP Nannes,2010,Delhi Capitals
DP Nannes,2011,Royal Challengers Bengaluru
DP Nannes,2013,Chennai Super Kings
DP Vijaykumar,2008,Deccan Chargers
DPMD Jayawardene,2008,Punjab Kings
DPMD Jayawardene,2009,Punjab Kings
DPMD Jayawardene,2010,Punjab Kings
DPMD Jayawardene,2011,Kochi Tuskers Kerala
DPMD Jayawardene,2012,Delhi Capitals
DPMD Jayawardene,2013,Delhi Capitals
DR Martyn,2010,Rajasthan Royals
DR Sams,2020,Delhi Capitals
DR Sams,2021,Royal Challengers Bengaluru
DR Sams,2022,Mumbai Indians
DR Shorey,2018,Chennai Super Kings
DR Shorey,2019,Chennai Super Kings
DR Smith,2008,Mumbai Indians
DR Smith,2009,Deccan Chargers
DR Smith,2010,Deccan Chargers
DR Smith,2012,Mumbai Indians
DR Smith,2013,Mumbai Indians
DR Smith,2014,Chennai Super Kings
DR Smith,2015,Chennai Super Kings
DR Smith,2016,Gujarat Lions
DR Smith,2017,Gujarat Lions
DS Kulkarni,2008,Mumbai Indians
DS Kulkarni,2009,Mumbai Indians
DS Kulkarni,2010,Mumbai Indians
DS Kulkarni,2011,Mumbai Indians
DS Kulkarni,2012,Mumbai Indians
DS Kulkarni,2013,Mumbai Indians
DS Kulkarni,2014,Rajasthan Royals
DS Kulkarni,2015,Rajasthan Royals
DS Kulkarni,2016,Gujarat Lions
DS Kulkarni,2017,Gujarat Lions
DS Kulkarni,2018,Rajasthan Royals
DS Kulkarni,2019,Rajasthan Royals
DS Kulkarni,2020,Mumbai Indians
DS Kulkarni,2021,Mumbai Indians
DS Lehmann,2008,Rajasthan Royals
DT Christian,2011,Deccan Chargers
DT Christian,2012,Deccan Chargers
DT Christian,2013,Royal Challengers Bengaluru
DT Christian,2017,Rising Pune Supergiant
DT Christian,2018,Delhi Capitals
DT Christian,2021,Royal Challengers Bengaluru
DT Patil,2008,Royal Challengers Bengaluru
DW Steyn,2008,Royal Challengers Bengaluru
DW Steyn,2009,Royal Challengers Bengaluru
DW Steyn,2010,Royal Challengers Bengaluru
DW Steyn,2011,Deccan Chargers
DW Steyn,2012,Deccan Chargers
DW Steyn,2013,Sunrisers Hyderabad
DW Steyn,2014,Sunrisers Hyderabad
DW Steyn,2015,Sunrisers Hyderabad
DW Steyn,2016,Gujarat Lions
DW Steyn,2019,Royal Challengers Bengaluru
DW Steyn,2020,Royal Challengers Bengaluru
Daksh Kamra,2026,Kolkata Knight Riders
Dale Steyn,2016,Gujarat Lions
Dale Steyn,2020,Royal Challengers Bengaluru
Dale Steyn,2026,Royal Challengers Bengaluru
Dan Christian,2021,Royal Challengers Bengaluru
Dan Christian,2026,Royal Challengers Bengaluru
Daniel Christian,2013,Royal Challengers Bengaluru
Daniel Christian,2017,Rising Pune Supergiant
Daniel Christian,2018,Delhi Capitals
Daniel Christian,2026,Delhi Capitals
Daniel Sams,2022,Mumbai Indians
Daniel Sams,2023,Lucknow Super Giants
Daniel Sams,2026,Lucknow Super Giants
Danish Malewar,2026,Mumbai Indians
Darcy Short,2018,Rajasthan Royals
Darcy Short,2026,Rajasthan Royals
Darren Bravo,2017,Kolkata Knight Riders
Darren Bravo,2026,Kolkata Knight Riders
Darren Sammy,2013,Sunrisers Hyderabad
Darren Sammy,2014,Sunrisers Hyderabad
Darren Sammy,2015,Royal Challengers Bengaluru
Darren Sammy,2017,Punjab Kings
Darren Sammy,2026,Punjab Kings
Darshan Nalkande,2019,Punjab Kings
Darshan Nalkande,2022,Gujarat Titans
Darshan Nalkande,2025,Delhi Capitals
Darshan Nalkande,2026,Delhi Capitals
Daryl Mitchell,2022,Rajasthan Royals
Daryl Mitchell,2024,Chennai Super Kings
Daryl Mitchell,2026,Chennai Super Kings
David Miller,2018,Punjab Kings
David Miller,2020,Rajasthan Royals
David Miller,2022,Gujarat Titans
David Miller,2025,Lucknow Super Giants
David Miller,2026,Delhi Capitals
David Warner,2014,Sunrisers Hyderabad
David Warner,2022,Delhi Capitals
David Warner,2026,Delhi Capitals
David Wiese,2015,Royal Challengers Bengaluru
David Wiese,2023,Kolkata Knight Riders
David Wiese,2026,Kolkata Knight Riders
David Willey,2022,Royal Challengers Bengaluru
David Willey,2024,Lucknow Super Giants
David Willey,2026,Lucknow Super Giants
Dawid Malan,2021,Punjab Kings
Dawid Malan,2026,Punjab Kings
Debabrata Das,2014,Kolkata Knight Riders
Debabrata Das,2026,Kolkata Knight Riders
Deepak Chahar,2016,Rising Pune Supergiant
Deepak Chahar,2018,Chennai Super Kings
Deepak Chahar,2022,Chennai Super Kings
Deepak Chahar,2025,Mumbai Indians
Deepak Chahar,2026,Mumbai Indians
Deepak Hooda,2014,Rajasthan Royals
Deepak Hooda,2016,Sunrisers Hyderabad
Deepak Hooda,2018,Sunrisers Hyderabad
Deepak Hooda,2020,Punjab Kings
Deepak Hooda,2022,Lucknow Super Giants
Deepak Hooda,2025,Chennai Super Kings
Deepak Hooda,2026,Chennai Super Kings
Deepak Punia,2016,Mumbai Indians
Deepak Punia,2026,Mumbai Indians
Devdutt Padikkal,2019,Royal Challengers Bengaluru
Devdutt Padikkal,2022,Rajasthan Royals
Devdutt Padikkal,2025,Royal Challengers Bengaluru
Devdutt Padikkal,2026,Royal Challengers Bengaluru
Devon Conway,2022,Chennai Super Kings
Devon Conway,2025,Chennai Super Kings
Devon Conway,2026,Chennai Super Kings
Dewald Brevis,2022,Mumbai Indians
Dewald Brevis,2026,Mumbai Indians
Dhawal Kulkarni,2014,Rajasthan Royals
Dhawal Kulkarni,2016,Gujarat Lions
Dhawal Kulkarni,2018,Rajasthan Royals
Dhawal Kulkarni,2026,Rajasthan Royals
Dhruv Jurel,2022,Rajasthan Royals
Dhruv Jurel,2023,Rajasthan Royals
Dhruv Jurel,2024,Rajasthan Royals
Dhruv Jurel,2026,Rajasthan Royals
Dhruv Shorey,2018,Chennai Super Kings
Dhruv Shorey,2026,Chennai Super Kings
Digvesh Singh,2025,Lucknow Super Giants
Digvesh Singh,2026,Lucknow Super Giants
Digvijay Deshmukh,2020,Mumbai Indians
Digvijay Deshmukh,2026,Mumbai Indians
Dilshan Madushanka,2024,Mumbai Indians
Dilshan Madushanka,2026,Mumbai Indians
Dinesh Karthik,2014,Delhi Capitals
Dinesh Karthik,2015,Royal Challengers Bengaluru
Dinesh Karthik,2016,Gujarat Lions
Dinesh Karthik,2018,Kolkata Knight Riders
Dinesh Karthik,2022,Royal Challengers Bengaluru
Dinesh Karthik,2026,Royal Challengers Bengaluru
Dinesh Salunkhe,2015,Rajasthan Royals
Dinesh Salunkhe,2026,Rajasthan Royals
Dirk Nannes,2013,Chennai Super Kings
Dirk Nannes,2026,Chennai Super Kings
Dishant Yagnik,2014,Rajasthan Royals
Dishant Yagnik,2026,Rajasthan Royals
Dominic Drakes,2022,Gujarat Titans
Dominic Drakes,2026,Gujarat Titans
Domnic Joseph Muthuswamy,2015,Delhi Capitals
Domnic Joseph Muthuswamy,2026,Delhi Capitals
Donovan Ferreira,2023,Rajasthan Royals
Donovan Ferreira,2025,Delhi Capitals
Donovan Ferreira,2026,Delhi Capitals
Duan Jansen,2023,Mumbai Indians
Duan Jansen,2026,Mumbai Indians
Dushmanta Chameera,2022,Lucknow Super Giants
Dushmanta Chameera,2026,Lucknow Super Giants
Dushmantha Chameera,2018,Rajasthan Royals
Dushmantha Chameera,2025,Delhi Capitals
Dushmantha Chameera,2026,Delhi Capitals
Dwaine Pretorius,2022,Chennai Super Kings
Dwaine Pretorius,2026,Chennai Super Kings
Dwayne Bravo,2018,Chennai Super Kings
Dwayne Bravo,2022,Chennai Super Kings
Dwayne Bravo,2026,Chennai Super Kings
Dwayne Smith,2014,Chennai Super Kings
Dwayne Smith,2016,Gujarat Lions
Dwayne Smith,2026,Gujarat Lions
E Lewis,2018,Mumbai Indians
E Lewis,2019,Mumbai Indians
E Lewis,2021,Rajasthan Royals
E Lewis,2022,Lucknow Super Giants
EJG Morgan,2010,Royal Challengers Bengaluru
EJG Morgan,2011,Kolkata Knight Riders
EJG Morgan,2013,Kolkata Knight Riders
EJG Morgan,2015,Sunrisers Hyderabad
EJG Morgan,2016,Sunrisers Hyderabad
EJG Morgan,2017,Punjab Kings
EJG Morgan,2020,Kolkata Knight Riders
EJG Morgan,2021,Kolkata Knight Riders
ER Dwivedi,2016,Gujarat Lions
Eklavya Dwivedi,2015,Chennai Super Kings
Eklavya Dwivedi,2016,Gujarat Lions
Eklavya Dwivedi,2017,Sunrisers Hyderabad
Eklavya Dwivedi,2026,Sunrisers Hyderabad
Eoin Morgan,2015,Sunrisers Hyderabad
Eoin Morgan,2017,Punjab Kings
Eoin Morgan,2020,Kolkata Knight Riders
Eoin Morgan,2026,Kolkata Knight Riders
Eshan Malinga,2025,Sunrisers Hyderabad
Eshan Malinga,2026,Sunrisers Hyderabad
Evin Lewis,2018,Mumbai Indians
Evin Lewis,2022,Lucknow Super Giants
Evin Lewis,2026,Lucknow Super Giants
F Behardien,2016,Punjab Kings
F du Plessis,2012,Chennai Super Kings
F du Plessis,2014,Chennai Super Kings
F du Plessis,2015,Chennai Super Kings
F du Plessis,2016,Rising Pune Supergiant
F du Plessis,2017,Rising Pune Supergiant
F du Plessis,2018,Chennai Super Kings
F du Plessis,2019,Chennai Super Kings
F du Plessis,2020,Chennai Super Kings
F du Plessis,2021,Chennai Super Kings
F du Plessis,2022,Royal Challengers Bengaluru
F du Plessis,2023,Royal Challengers Bengaluru
F du Plessis,2024,Royal Challengers Bengaluru
FA Allen,2021,Punjab Kings
FA Allen,2022,Mumbai Indians
FH Edwards,2009,Deccan Chargers
FY Fazal,2010,Rajasthan Royals
FY Fazal,2011,Rajasthan Royals
Fabian Allen,2020,Sunrisers Hyderabad
Fabian Allen,2021,Punjab Kings
Fabian Allen,2022,Mumbai Indians
Fabian Allen,2026,Mumbai Indians
Faf Du Plessis,2014,Chennai Super Kings
Faf Du Plessis,2018,Chennai Super Kings
Faf Du Plessis,2022,Royal Challengers Bengaluru
Faf Du Plessis,2025,Delhi Capitals
Faf Du Plessis,2026,Delhi Capitals
Farhaan Behardien,2016,Punjab Kings
Farhaan Behardien,2026,Punjab Kings
Fazalhaq Farooqi,2022,Sunrisers Hyderabad
Fazalhaq Farooqi,2023,Sunrisers Hyderabad
Fazalhaq Farooqi,2025,Rajasthan Royals
Fazalhaq Farooqi,2026,Rajasthan Royals
Fidel Edwards,2013,Rajasthan Royals
Fidel Edwards,2026,Rajasthan Royals
Finn Allen,2022,Royal Challengers Bengaluru
Finn Allen,2026,Kolkata Knight Riders
G Coetzee,2024,Mumbai Indians
G Gambhir,2008,Delhi Capitals
G Gambhir,2009,Delhi Capitals
G Gambhir,2010,Delhi Capitals
G Gambhir,2011,Kolkata Knight Riders
G Gambhir,2012,Kolkata Knight Riders
G Gambhir,2013,Kolkata Knight Riders
G Gambhir,2014,Kolkata Knight Riders
G Gambhir,2015,Kolkata Knight Riders
G Gambhir,2016,Kolkata Knight Riders
G Gambhir,2017,Kolkata Knight Riders
G Gambhir,2018,Delhi Capitals
GB Hogg,2012,Rajasthan Royals
GB Hogg,2013,Rajasthan Royals
GB Hogg,2015,Kolkata Knight Riders
GB Hogg,2016,Kolkata Knight Riders
GC Smith,2008,Rajasthan Royals
GC Smith,2009,Rajasthan Royals
GC Smith,2010,Rajasthan Royals
GC Smith,2011,Pune Warriors
GC Viljoen,2019,Punjab Kings
GD McGrath,2008,Delhi Capitals
GD Phillips,2021,Rajasthan Royals
GD Phillips,2023,Sunrisers Hyderabad
GH Vihari,2013,Sunrisers Hyderabad
GH Vihari,2015,Sunrisers Hyderabad
GH Vihari,2019,Delhi Capitals
GHS Garton,2021,Royal Challengers Bengaluru
GJ Bailey,2009,Chennai Super Kings
GJ Bailey,2010,Chennai Super Kings
GJ Bailey,2014,Punjab Kings
GJ Bailey,2015,Punjab Kings
GJ Bailey,2016,Rising Pune Supergiant
GJ Maxwell,2012,Delhi Capitals
GJ Maxwell,2013,Mumbai Indians
GJ Maxwell,2014,Punjab Kings
GJ Maxwell,2015,Punjab Kings
GJ Maxwell,2016,Punjab Kings
GJ Maxwell,2017,Punjab Kings
GJ Maxwell,2018,Delhi Capitals
GJ Maxwell,2020,Punjab Kings
GJ Maxwell,2021,Royal Challengers Bengaluru
GJ Maxwell,2022,Royal Challengers Bengaluru
GJ Maxwell,2023,Royal Challengers Bengaluru
GJ Maxwell,2024,Royal Challengers Bengaluru
GR Napier,2009,Mumbai Indians
GS Sandhu,2015,Delhi Capitals
Gagandeep Singh,2008,Punjab Kings
Gautam Gambhir,2018,Delhi Capitals
Gautam Gambhir,2026,Delhi Capitals
George Bailey,2014,Punjab Kings
George Bailey,2026,Punjab Kings
Gerald Coetzee,2024,Mumbai Indians
Gerald Coetzee,2025,Gujarat Titans
Gerald Coetzee,2026,Gujarat Titans
Glenn Maxwell,2013,Mumbai Indians
Glenn Maxwell,2014,Punjab Kings
Glenn Maxwell,2018,Delhi Capitals
Glenn Maxwell,2020,Punjab Kings
Glenn Maxwell,2021,Royal Challengers Bengaluru
Glenn Maxwell,2025,Punjab Kings
Glenn Maxwell,2026,Punjab Kings
Glenn Phillips,2022,Sunrisers Hyderabad
Glenn Phillips,2025,Gujarat Titans
Glenn Phillips,2026,Gujarat Titans
Gulbadin Naib,2024,Delhi Capitals
Gurinder Sandhu,2015,Delhi Capitals
Gurinder Sandhu,2026,Delhi Capitals
Gurjapneet Singh,2025,Chennai Super Kings
Gurjapneet Singh,2026,Chennai Super Kings
Gurkeerat Singh,2012,Punjab Kings
Gurkeerat Singh,2013,Punjab Kings
Gurkeerat Singh,2015,Punjab Kings
Gurkeerat Singh,2016,Punjab Kings
Gurkeerat Singh,2019,Royal Challengers Bengaluru
Gurkeerat Singh,2020,Royal Challengers Bengaluru
Gurkeerat Singh,2022,Gujarat Titans
Gurkeerat Singh,2026,Gujarat Titans
Gurkeerat Singh Mann,2018,Delhi Capitals
Gurkeerat Singh Mann,2019,Royal Challengers Bengaluru
Gurkeerat Singh Mann,2026,Royal Challengers Bengaluru
Gurkirat Singh Mann,2014,Punjab Kings
Gurkirat Singh Mann,2026,Punjab Kings
Gurnoor Brar,2023,Punjab Kings
Gurnoor Singh Brar,2025,Gujarat Titans
Gurnoor Singh Brar,2026,Gujarat Titans
Gus Atkinson,2024,Kolkata Knight Riders
Gus Atkinson,2026,Kolkata Knight Riders
H Das,2008,Deccan Chargers
H Klaasen,2018,Rajasthan Royals
H Klaasen,2019,Royal Challengers Bengaluru
H Klaasen,2023,Sunrisers Hyderabad
H Klaasen,2024,Sunrisers Hyderabad
H Sharma,2023,Royal Challengers Bengaluru
H Sharma,2024,Royal Challengers Bengaluru
HC Brook,2023,Sunrisers Hyderabad
HE van der Dussen,2022,Rajasthan Royals
HF Gurney,2019,Kolkata Knight Riders
HH Gibbs,2008,Deccan Chargers
HH Gibbs,2009,Deccan Chargers
HH Gibbs,2010,Deccan Chargers
HH Gibbs,2012,Mumbai Indians
HH Pandya,2015,Mumbai Indians
HH Pandya,2016,Mumbai Indians
HH Pandya,2017,Mumbai Indians
HH Pandya,2018,Mumbai Indians
HH Pandya,2019,Mumbai Indians
HH Pandya,2020,Mumbai Indians
HH Pandya,2021,Mumbai Indians
HH Pandya,2022,Gujarat Titans
HH Pandya,2023,Gujarat Titans
HH Pandya,2024,Mumbai Indians
HM Amla,2016,Punjab Kings
HM Amla,2017,Punjab Kings
HR Shokeen,2022,Mumbai Indians
HR Shokeen,2023,Mumbai Indians
HS Sharath,2014,Delhi Capitals
HS Sharath,2026,Delhi Capitals
HV Patel,2012,Royal Challengers Bengaluru
HV Patel,2014,Royal Challengers Bengaluru
HV Patel,2015,Royal Challengers Bengaluru
HV Patel,2016,Royal Challengers Bengaluru
HV Patel,2017,Royal Challengers Bengaluru
HV Patel,2018,Delhi Capitals
HV Patel,2019,Delhi Capitals
HV Patel,2020,Delhi Capitals
HV Patel,2021,Royal Challengers Bengaluru
HV Patel,2022,Royal Challengers Bengaluru
HV Patel,2023,Royal Challengers Bengaluru
HV Patel,2024,Punjab Kings
Hanuma Vihari,2015,Sunrisers Hyderabad
Hanuma Vihari,2019,Delhi Capitals
Hanuma Vihari,2026,Delhi Capitals
Harbhajan Singh,2008,Mumbai Indians
Harbhajan Singh,2009,Mumbai Indians
Harbhajan Singh,2010,Mumbai Indians
Harbhajan Singh,2011,Mumbai Indians
Harbhajan Singh,2012,Mumbai Indians
Harbhajan Singh,2013,Mumbai Indians
Harbhajan Singh,2014,Mumbai Indians
Harbhajan Singh,2015,Mumbai Indians
Harbhajan Singh,2016,Mumbai Indians
Harbhajan Singh,2017,Mumbai Indians
Harbhajan Singh,2018,Chennai Super Kings
Harbhajan Singh,2019,Chennai Super Kings
Harbhajan Singh,2021,Kolkata Knight Riders
Harbhajan Singh,2026,Kolkata Knight Riders
Hardik Pandya,2015,Mumbai Indians
Hardik Pandya,2026,Mumbai Indians
Hardus Viljoen,2019,Punjab Kings
Hardus Viljoen,2026,Punjab Kings
Harmeet Singh,2009,Deccan Chargers
Harmeet Singh,2010,Deccan Chargers
Harmeet Singh,2011,Deccan Chargers
Harmeet Singh,2012,Punjab Kings
Harmeet Singh,2013,Punjab Kings
Harnoor Pannu,2025,Punjab Kings
Harnoor Pannu,2026,Punjab Kings
Harpreet Bhatia,2023,Punjab Kings
Harpreet Bhatia,2026,Punjab Kings
Harpreet Brar,2019,Punjab Kings
Harpreet Brar,2020,Punjab Kings
Harpreet Brar,2021,Punjab Kings
Harpreet Brar,2022,Punjab Kings
Harpreet Brar,2023,Punjab Kings
Harpreet Brar,2024,Punjab Kings
Harpreet Brar,2025,Punjab Kings
Harpreet Brar,2026,Punjab Kings
Harpreet Singh,2011,Pune Warriors
Harpreet Singh,2012,Pune Warriors
Harpreet Singh,2023,Punjab Kings
Harpreet Singh,2024,Punjab Kings
Harry Brook,2023,Sunrisers Hyderabad
Harry Brook,2024,Delhi Capitals
Harry Brook,2025,Delhi Capitals
Harry Brook,2026,Delhi Capitals
Harry Gurney,2019,Kolkata Knight Riders
Harry Gurney,2026,Kolkata Knight Riders
Harshal Patel,2014,Royal Challengers Bengaluru
Harshal Patel,2018,Delhi Capitals
Harshal Patel,2022,Royal Challengers Bengaluru
Harshal Patel,2024,Punjab Kings
Harshal Patel,2025,Sunrisers Hyderabad
Harshal Patel,2026,Sunrisers Hyderabad
Harshit Rana,2022,Kolkata Knight Riders
Harshit Rana,2023,Kolkata Knight Riders
Harshit Rana,2024,Kolkata Knight Riders
Heinrich Klaasen,2019,Royal Challengers Bengaluru
Heinrich Klaasen,2023,Sunrisers Hyderabad
Heinrich Klaasen,2026,Sunrisers Hyderabad
Himanshu Sharma,2023,Royal Challengers Bengaluru
Himanshu Sharma,2026,Royal Challengers Bengaluru
Himmat Singh,2019,Royal Challengers Bengaluru
Himmat Singh,2025,Lucknow Super Giants
Himmat Singh,2026,Lucknow Super Giants
Hrithik Shokeen,2022,Mumbai Indians
Hrithik Shokeen,2026,Mumbai Indians
I Malhotra,2011,Deccan Chargers
I Sharma,2008,Kolkata Knight Riders
I Sharma,2009,Kolkata Knight Riders
I Sharma,2010,Kolkata Knight Riders
I Sharma,2011,Deccan Chargers
I Sharma,2013,Sunrisers Hyderabad
I Sharma,2014,Sunrisers Hyderabad
I Sharma,2015,Sunrisers Hyderabad
I Sharma,2016,Rising Pune Supergiant
I Sharma,2017,Punjab Kings
I Sharma,2019,Delhi Capitals
I Sharma,2020,Delhi Capitals
I Sharma,2021,Delhi Capitals
I Sharma,2023,Delhi Capitals
I Sharma,2024,Delhi Capitals
I Udana,2020,Royal Challengers Bengaluru
IC Pandey,2013,Pune Warriors
IC Pandey,2014,Chennai Super Kings
IC Pandey,2015,Chennai Super Kings
IC Porel,2021,Punjab Kings
IK Pathan,2008,Punjab Kings
IK Pathan,2009,Punjab Kings
IK Pathan,2010,Punjab Kings
IK Pathan,2011,Delhi Capitals
IK Pathan,2012,Delhi Capitals
IK Pathan,2013,Delhi Capitals
IK Pathan,2014,Sunrisers Hyderabad
IK Pathan,2016,Rising Pune Supergiant
IK Pathan,2017,Gujarat Lions
IR Jaggi,2011,Deccan Chargers
IR Jaggi,2012,Deccan Chargers
IR Jaggi,2017,Kolkata Knight Riders
IS Sodhi,2018,Rajasthan Royals
IS Sodhi,2019,Rajasthan Royals
Imran Tahir,2014,Delhi Capitals
Imran Tahir,2015,Delhi Capitals
Imran Tahir,2016,Delhi Capitals
Imran Tahir,2017,Rising Pune Supergiant
Imran Tahir,2018,Chennai Super Kings
Imran Tahir,2019,Chennai Super Kings
Imran Tahir,2020,Chennai Super Kings
Imran Tahir,2021,Chennai Super Kings
Imran Tahir,2026,Chennai Super Kings
Iqbal Abdulla,2008,Kolkata Knight Riders
Iqbal Abdulla,2010,Kolkata Knight Riders
Iqbal Abdulla,2011,Kolkata Knight Riders
Iqbal Abdulla,2012,Kolkata Knight Riders
Iqbal Abdulla,2013,Kolkata Knight Riders
Iqbal Abdulla,2014,Rajasthan Royals
Iqbal Abdulla,2015,Royal Challengers Bengaluru
Iqbal Abdulla,2016,Royal Challengers Bengaluru
Iqbal Abdulla,2017,Royal Challengers Bengaluru
Iqbal Abdullah,2014,Rajasthan Royals
Iqbal Abdullah,2016,Royal Challengers Bengaluru
Iqbal Abdullah,2026,Royal Challengers Bengaluru
Irfan Pathan,2014,Sunrisers Hyderabad
Irfan Pathan,2015,Chennai Super Kings
Irfan Pathan,2016,Rising Pune Supergiant
Irfan Pathan,2026,Rising Pune Supergiant
Ishan Kishan,2016,Gujarat Lions
Ishan Kishan,2017,Gujarat Lions
Ishan Kishan,2018,Mumbai Indians
Ishan Kishan,2019,Mumbai Indians
Ishan Kishan,2020,Mumbai Indians
Ishan Kishan,2021,Mumbai Indians
Ishan Kishan,2022,Mumbai Indians
Ishan Kishan,2023,Mumbai Indians
Ishan Kishan,2024,Mumbai Indians
Ishan Kishan,2025,Sunrisers Hyderabad
Ishan Kishan,2026,Sunrisers Hyderabad
Ishan Porel,2020,Punjab Kings
Ishan Porel,2022,Punjab Kings
Ishan Porel,2026,Punjab Kings
Ishank Jaggi,2017,Kolkata Knight Riders
Ishank Jaggi,2018,Kolkata Knight Riders
Ishank Jaggi,2026,Kolkata Knight Riders
Ishant Sharma,2014,Sunrisers Hyderabad
Ishant Sharma,2016,Rising Pune Supergiant
Ishant Sharma,2019,Delhi Capitals
Ishant Sharma,2023,Delhi Capitals
Ishant Sharma,2025,Gujarat Titans
Ishant Sharma,2026,Gujarat Titans
Ishwar Chandra Pandey,2014,Chennai Super Kings
Ishwar Chandra Pandey,2016,Rising Pune Supergiant
Ishwar Chandra Pandey,2026,Rising Pune Supergiant
Isuru Udana,2020,Royal Challengers Bengaluru
Isuru Udana,2026,Royal Challengers Bengaluru
J Arunkumar,2008,Royal Challengers Bengaluru
J Botha,2009,Rajasthan Royals
J Botha,2011,Rajasthan Royals
J Botha,2012,Rajasthan Royals
J Botha,2013,Delhi Capitals
J Botha,2015,Kolkata Knight Riders
J Fraser-McGurk,2024,Delhi Capitals
J Little,2023,Gujarat Titans
J Little,2024,Gujarat Titans
J Suchith,2015,Mumbai Indians
J Suchith,2016,Mumbai Indians
J Suchith,2019,Delhi Capitals
J Suchith,2021,Sunrisers Hyderabad
J Suchith,2022,Sunrisers Hyderabad
J Suchith,2026,Sunrisers Hyderabad
J Syed Mohammad,2011,Royal Challengers Bengaluru
J Syed Mohammad,2012,Royal Challengers Bengaluru
J Syed Mohammad,2013,Royal Challengers Bengaluru
J Theron,2010,Punjab Kings
J Theron,2012,Deccan Chargers
J Theron,2015,Rajasthan Royals
J Yadav,2015,Delhi Capitals
J Yadav,2016,Delhi Capitals
J Yadav,2017,Delhi Capitals
J Yadav,2019,Mumbai Indians
J Yadav,2020,Mumbai Indians
J Yadav,2021,Mumbai Indians
J Yadav,2023,Gujarat Titans
J. Suchitch,2015,Mumbai Indians
J. Suchitch,2026,Mumbai Indians
JA Morkel,2008,Chennai Super Kings
JA Morkel,2009,Chennai Super Kings
JA Morkel,2010,Chennai Super Kings
JA Morkel,2011,Chennai Super Kings
JA Morkel,2012,Chennai Super Kings
JA Morkel,2013,Chennai Super Kings
JA Morkel,2014,Royal Challengers Bengaluru
JA Morkel,2015,Delhi Capitals
JA Morkel,2016,Rising Pune Supergiant
JA Richardson,2021,Punjab Kings
JA Richardson,2024,Delhi Capitals
JC Archer,2018,Rajasthan Royals
JC Archer,2019,Rajasthan Royals
JC Archer,2020,Rajasthan Royals
JC Archer,2023,Mumbai Indians
JC Buttler,2016,Mumbai Indians
JC Buttler,2017,Mumbai Indians
JC Buttler,2018,Rajasthan Royals
JC Buttler,2019,Rajasthan Royals
JC Buttler,2020,Rajasthan Royals
JC Buttler,2021,Rajasthan Royals
JC Buttler,2022,Rajasthan Royals
JC Buttler,2023,Rajasthan Royals
JC Buttler,2024,Rajasthan Royals
JD Ryder,2009,Royal Challengers Bengaluru
JD Ryder,2011,Pune Warriors
JD Ryder,2012,Pune Warriors
JD Unadkat,2010,Kolkata Knight Riders
JD Unadkat,2011,Kolkata Knight Riders
JD Unadkat,2012,Kolkata Knight Riders
JD Unadkat,2013,Royal Challengers Bengaluru
JD Unadkat,2014,Delhi Capitals
JD Unadkat,2015,Delhi Capitals
JD Unadkat,2016,Kolkata Knight Riders
JD Unadkat,2017,Rising Pune Supergiant
JD Unadkat,2018,Rajasthan Royals
JD Unadkat,2019,Rajasthan Royals
JD Unadkat,2020,Rajasthan Royals
JD Unadkat,2021,Rajasthan Royals
JD Unadkat,2022,Mumbai Indians
JD Unadkat,2023,Lucknow Super Giants
JD Unadkat,2024,Sunrisers Hyderabad
JDP Oram,2008,Chennai Super Kings
JDP Oram,2009,Chennai Super Kings
JDP Oram,2011,Rajasthan Royals
JDP Oram,2013,Mumbai Indians
JDS Neesham,2014,Delhi Capitals
JDS Neesham,2020,Punjab Kings
JDS Neesham,2021,Mumbai Indians
JDS Neesham,2022,Rajasthan Royals
JE Root,2023,Rajasthan Royals
JE Taylor,2011,Pune Warriors
JEC Franklin,2011,Mumbai Indians
JEC Franklin,2012,Mumbai Indians
JH Kallis,2008,Royal Challengers Bengaluru
JH Kallis,2009,Royal Challengers Bengaluru
JH Kallis,2010,Royal Challengers Bengaluru
JH Kallis,2011,Kolkata Knight Riders
JH Kallis,2012,Kolkata Knight Riders
JH Kallis,2013,Kolkata Knight Riders
JH Kallis,2014,Kolkata Knight Riders
JJ Bumrah,2013,Mumbai Indians
JJ Bumrah,2014,Mumbai Indians
JJ Bumrah,2015,Mumbai Indians
JJ Bumrah,2016,Mumbai Indians
JJ Bumrah,2017,Mumbai Indians
JJ Bumrah,2018,Mumbai Indians
JJ Bumrah,2019,Mumbai Indians
JJ Bumrah,2020,Mumbai Indians
JJ Bumrah,2021,Mumbai Indians
JJ Bumrah,2022,Mumbai Indians
JJ Bumrah,2024,Mumbai Indians
JJ Roy,2017,Gujarat Lions
JJ Roy,2018,Delhi Capitals
JJ Roy,2021,Sunrisers Hyderabad
JJ Roy,2023,Kolkata Knight Riders
JJ van der Wath,2011,Royal Challengers Bengaluru
JL Denly,2019,Kolkata Knight Riders
JL Pattinson,2020,Mumbai Indians
JM Bairstow,2019,Sunrisers Hyderabad
JM Bairstow,2020,Sunrisers Hyderabad
JM Bairstow,2021,Sunrisers Hyderabad
JM Bairstow,2022,Punjab Kings
JM Bairstow,2024,Punjab Kings
JM Kemp,2010,Chennai Super Kings
JM Sharma,2022,Punjab Kings
JM Sharma,2023,Punjab Kings
JM Sharma,2024,Punjab Kings
JO Holder,2013,Chennai Super Kings
JO Holder,2014,Sunrisers Hyderabad
JO Holder,2016,Kolkata Knight Riders
JO Holder,2020,Sunrisers Hyderabad
JO Holder,2021,Sunrisers Hyderabad
JO Holder,2022,Lucknow Super Giants
JO Holder,2023,Rajasthan Royals
JP Behrendorff,2019,Mumbai Indians
JP Behrendorff,2023,Mumbai Indians
JP Duminy,2009,Mumbai Indians
JP Duminy,2010,Mumbai Indians
JP Duminy,2011,Deccan Chargers
JP Duminy,2012,Deccan Chargers
JP Duminy,2014,Delhi Capitals
JP Duminy,2015,Delhi Capitals
JP Duminy,2016,Delhi Capitals
JP Duminy,2018,Mumbai Indians
JP Faulkner,2011,Pune Warriors
JP Faulkner,2012,Punjab Kings
JP Faulkner,2013,Rajasthan Royals
JP Faulkner,2014,Rajasthan Royals
JP Faulkner,2015,Rajasthan Royals
JP Faulkner,2016,Gujarat Lions
JP Faulkner,2017,Gujarat Lions
JPR Scantlebury-Searles,2018,Kolkata Knight Riders
JR Hazlewood,2020,Chennai Super Kings
JR Hazlewood,2021,Chennai Super Kings
JR Hazlewood,2022,Royal Challengers Bengaluru
JR Hazlewood,2023,Royal Challengers Bengaluru
JR Hopes,2008,Punjab Kings
JR Hopes,2011,Delhi Capitals
JR Philippe,2020,Royal Challengers Bengaluru
JW Hastings,2014,Chennai Super Kings
JW Hastings,2016,Kolkata Knight Riders
Jack Edwards,2026,Sunrisers Hyderabad
Jacob Bethell,2025,Royal Challengers Bengaluru
Jacob Bethell,2026,Royal Challengers Bengaluru
Jacob Duffy,2026,Royal Challengers Bengaluru
Jacob Oram,2013,Mumbai Indians
Jacob Oram,2026,Mumbai Indians
Jacques Kallis,2014,Kolkata Knight Riders
Jacques Kallis,2026,Kolkata Knight Riders
Jagadeesha Suchith,2022,Sunrisers Hyderabad
Jagadeesha Suchith,2026,Sunrisers Hyderabad
Jake Fraser-Mcgurk,2025,Delhi Capitals
Jake Fraser-Mcgurk,2026,Delhi Capitals
Jalaj S Saxena,2021,Punjab Kings
Jalaj Saxena,2014,Mumbai Indians
Jalaj Saxena,2015,Royal Challengers Bengaluru
Jalaj Saxena,2019,Delhi Capitals
Jalaj Saxena,2021,Punjab Kings
Jalaj Saxena,2026,Punjab Kings
James Faulkner,2013,Rajasthan Royals
James Faulkner,2026,Rajasthan Royals
James Neesham,2014,Delhi Capitals
James Neesham,2015,Kolkata Knight Riders
James Neesham,2020,Punjab Kings
James Neesham,2021,Mumbai Indians
James Neesham,2022,Rajasthan Royals
James Neesham,2026,Rajasthan Royals
Jamie Overton,2025,Chennai Super Kings
Jamie Overton,2026,Chennai Super Kings
Jaskaran Singh,2009,Deccan Chargers
Jaskaran Singh,2010,Deccan Chargers
Jaskaran Singh,2016,Rising Pune Supergiant
Jaskaran Singh,2026,Rising Pune Supergiant
Jason Behrendorff,2018,Mumbai Indians
Jason Behrendorff,2022,Royal Challengers Bengaluru
Jason Behrendorff,2026,Royal Challengers Bengaluru
Jason Holder,2013,Chennai Super Kings
Jason Holder,2014,Sunrisers Hyderabad
Jason Holder,2016,Kolkata Knight Riders
Jason Holder,2022,Lucknow Super Giants
Jason Holder,2023,Rajasthan Royals
Jason Holder,2026,Gujarat Titans
Jason Roy,2017,Gujarat Lions
Jason Roy,2018,Delhi Capitals
Jason Roy,2020,Delhi Capitals
Jason Roy,2022,Gujarat Titans
Jason Roy,2026,Gujarat Titans
Jasprit Bumrah,2014,Mumbai Indians
Jasprit Bumrah,2026,Mumbai Indians
Jatin Saxena,2018,Rajasthan Royals
Jatin Saxena,2026,Rajasthan Royals
Javon Searless,2018,Kolkata Knight Riders
Javon Searless,2026,Kolkata Knight Riders
Jayant Yadav,2014,Delhi Capitals
Jayant Yadav,2018,Delhi Capitals
Jayant Yadav,2022,Gujarat Titans
Jayant Yadav,2025,Gujarat Titans
Jayant Yadav,2026,Gujarat Titans
Jaydev Shah,2016,Gujarat Lions
Jaydev Shah,2026,Gujarat Lions
Jaydev Unadkat,2013,Royal Challengers Bengaluru
Jaydev Unadkat,2014,Delhi Capitals
Jaydev Unadkat,2015,Delhi Capitals
Jaydev Unadkat,2016,Kolkata Knight Riders
Jaydev Unadkat,2017,Rising Pune Supergiant
Jaydev Unadkat,2018,Rajasthan Royals
Jaydev Unadkat,2019,Rajasthan Royals
Jaydev Unadkat,2020,Rajasthan Royals
Jaydev Unadkat,2022,Mumbai Indians
Jaydev Unadkat,2023,Lucknow Super Giants
Jaydev Unadkat,2024,Sunrisers Hyderabad
Jaydev Unadkat,2025,Sunrisers Hyderabad
Jaydev Unadkat,2026,Sunrisers Hyderabad
Jean-Paul Duminy,2014,Delhi Capitals
Jean-Paul Duminy,2018,Mumbai Indians
Jean-Paul Duminy,2026,Mumbai Indians
Jeevan Mendis,2013,Delhi Capitals
Jeevan Mendis,2026,Delhi Capitals
Jesse Ryder,2013,Delhi Capitals
Jesse Ryder,2026,Delhi Capitals
Jhathavedh Subramanyan,2024,Sunrisers Hyderabad
Jhathavedh Subramanyan,2026,Sunrisers Hyderabad
Jhye Richardson,2021,Punjab Kings
Jhye Richardson,2023,Mumbai Indians
Jhye Richardson,2024,Delhi Capitals
Jhye Richardson,2026,Delhi Capitals
Jitesh Sharma,2016,Mumbai Indians
Jitesh Sharma,2022,Punjab Kings
Jitesh Sharma,2025,Royal Challengers Bengaluru
Jitesh Sharma,2026,Royal Challengers Bengaluru
Joe Denly,2019,Kolkata Knight Riders
Joe Denly,2026,Kolkata Knight Riders
Joe Root,2023,Rajasthan Royals
Joe Root,2026,Rajasthan Royals
Joel Paris,2016,Delhi Capitals
Joel Paris,2026,Delhi Capitals
Jofra Archer,2018,Rajasthan Royals
Jofra Archer,2022,Mumbai Indians
Jofra Archer,2025,Rajasthan Royals
Jofra Archer,2026,Rajasthan Royals
Joginder Sharma,2008,Chennai Super Kings
Joginder Sharma,2009,Chennai Super Kings
Joginder Sharma,2010,Chennai Super Kings
Joginder Sharma,2011,Chennai Super Kings
Johan Botha,2013,Delhi Capitals
Johan Botha,2026,Delhi Capitals
John Hastings,2014,Chennai Super Kings
John Hastings,2016,Kolkata Knight Riders
John Hastings,2026,Kolkata Knight Riders
Jonny Bairstow,2019,Sunrisers Hyderabad
Jonny Bairstow,2022,Punjab Kings
Jonny Bairstow,2026,Punjab Kings
Jordan Cox,2026,Royal Challengers Bengaluru
Jos Buttler,2016,Mumbai Indians
Jos Buttler,2018,Rajasthan Royals
Jos Buttler,2025,Gujarat Titans
Jos Buttler,2026,Gujarat Titans
Josh Hazlewood,2014,Mumbai Indians
Josh Hazlewood,2020,Chennai Super Kings
Josh Hazlewood,2022,Royal Challengers Bengaluru
Josh Hazlewood,2025,Royal Challengers Bengaluru
Josh Hazlewood,2026,Royal Challengers Bengaluru
Josh Inglis,2025,Punjab Kings
Josh Inglis,2026,Lucknow Super Giants
Joshua Little,2023,Gujarat Titans
Joshua Little,2026,Gujarat Titans
Joshua Philippe,2020,Royal Challengers Bengaluru
Joshua Philippe,2026,Royal Challengers Bengaluru
Juan Theron,2015,Rajasthan Royals
Juan Theron,2026,Rajasthan Royals
K Goel,2008,Punjab Kings
K Goel,2009,Punjab Kings
K Goel,2010,Punjab Kings
K Gowtham,2018,Rajasthan Royals
K Gowtham,2019,Rajasthan Royals
K Gowtham,2020,Punjab Kings
K Gowtham,2022,Lucknow Super Giants
K Gowtham,2023,Lucknow Super Giants
K Gowtham,2024,Lucknow Super Giants
K Kartikeya,2022,Mumbai Indians
K Kartikeya,2023,Mumbai Indians
K Khejroliya,2018,Royal Challengers Bengaluru
K Khejroliya,2019,Royal Challengers Bengaluru
K Khejroliya,2023,Kolkata Knight Riders
K Rabada,2017,Delhi Capitals
K Rabada,2019,Delhi Capitals
K Rabada,2020,Delhi Capitals
K Rabada,2021,Delhi Capitals
K Rabada,2022,Punjab Kings
K Rabada,2023,Punjab Kings
K Rabada,2024,Punjab Kings
K Santokie,2014,Mumbai Indians
K Upadhyay,2012,Pune Warriors
K Upadhyay,2013,Pune Warriors
K Yadav,2021,Rajasthan Royals
K Yadav,2023,Rajasthan Royals
K. Gowtham,2022,Lucknow Super Giants
K. Gowtham,2026,Lucknow Super Giants
K.Bhagath Varma,2021,Chennai Super Kings
K.Bhagath Varma,2022,Chennai Super Kings
K.Bhagath Varma,2026,Chennai Super Kings
K.C Cariappa,2021,Rajasthan Royals
K.C Cariappa,2022,Rajasthan Royals
K.C Cariappa,2026,Rajasthan Royals
K.C. Cariappa,2015,Kolkata Knight Riders
K.C. Cariappa,2016,Punjab Kings
K.C. Cariappa,2026,Punjab Kings
K.K. Jiyaz,2015,Delhi Capitals
K.K. Jiyaz,2026,Delhi Capitals
K.M. Asif,2022,Chennai Super Kings
K.M. Asif,2023,Rajasthan Royals
K.M. Asif,2026,Rajasthan Royals
K.S. Bharat,2022,Delhi Capitals
K.S. Bharat,2023,Gujarat Titans
K.S. Bharat,2024,Kolkata Knight Riders
K.S. Bharat,2026,Kolkata Knight Riders
KA Jamieson,2021,Royal Challengers Bengaluru
KA Maharaj,2024,Rajasthan Royals
KA Pollard,2010,Mumbai Indians
KA Pollard,2011,Mumbai Indians
KA Pollard,2012,Mumbai Indians
KA Pollard,2013,Mumbai Indians
KA Pollard,2014,Mumbai Indians
KA Pollard,2015,Mumbai Indians
KA Pollard,2016,Mumbai Indians
KA Pollard,2017,Mumbai Indians
KA Pollard,2018,Mumbai Indians
KA Pollard,2019,Mumbai Indians
KA Pollard,2020,Mumbai Indians
KA Pollard,2021,Mumbai Indians
KA Pollard,2022,Mumbai Indians
KAJ Roach,2010,Deccan Chargers
KB Arun Karthik,2010,Chennai Super Kings
KB Arun Karthik,2011,Royal Challengers Bengaluru
KB Arun Karthik,2013,Royal Challengers Bengaluru
KC Cariappa,2015,Kolkata Knight Riders
KC Cariappa,2016,Punjab Kings
KC Cariappa,2017,Punjab Kings
KC Cariappa,2019,Kolkata Knight Riders
KC Sangakkara,2008,Punjab Kings
KC Sangakkara,2009,Punjab Kings
KC Sangakkara,2010,Punjab Kings
KC Sangakkara,2011,Deccan Chargers
KC Sangakkara,2012,Deccan Chargers
KC Sangakkara,2013,Sunrisers Hyderabad
KD Karthik,2008,Delhi Capitals
KD Karthik,2009,Delhi Capitals
KD Karthik,2010,Delhi Capitals
KD Karthik,2011,Punjab Kings
KD Karthik,2012,Mumbai Indians
KD Karthik,2013,Mumbai Indians
KD Karthik,2014,Delhi Capitals
KD Karthik,2015,Royal Challengers Bengaluru
KD Karthik,2016,Gujarat Lions
KD Karthik,2017,Gujarat Lions
KD Karthik,2018,Kolkata Knight Riders
KD Karthik,2019,Kolkata Knight Riders
KD Karthik,2020,Kolkata Knight Riders
KD Karthik,2021,Kolkata Knight Riders
KD Karthik,2022,Royal Challengers Bengaluru
KD Karthik,2023,Royal Challengers Bengaluru
KD Karthik,2024,Royal Challengers Bengaluru
KH Pandya,2016,Mumbai Indians
KH Pandya,2017,Mumbai Indians
KH Pandya,2018,Mumbai Indians
KH Pandya,2019,Mumbai Indians
KH Pandya,2020,Mumbai Indians
KH Pandya,2021,Mumbai Indians
KH Pandya,2022,Lucknow Super Giants
KH Pandya,2023,Lucknow Super Giants
KH Pandya,2024,Lucknow Super Giants
KJ Abbott,2016,Punjab Kings
KK Ahmed,2018,Sunrisers Hyderabad
KK Ahmed,2019,Sunrisers Hyderabad
KK Ahmed,2020,Sunrisers Hyderabad
KK Ahmed,2021,Sunrisers Hyderabad
KK Ahmed,2022,Delhi Capitals
KK Ahmed,2023,Delhi Capitals
KK Ahmed,2024,Delhi Capitals
KK Cooper,2012,Rajasthan Royals
KK Cooper,2013,Rajasthan Royals
KK Cooper,2014,Rajasthan Royals
KK Nair,2013,Royal Challengers Bengaluru
KK Nair,2014,Rajasthan Royals
KK Nair,2015,Rajasthan Royals
KK Nair,2016,Delhi Capitals
KK Nair,2017,Delhi Capitals
KK Nair,2018,Punjab Kings
KK Nair,2019,Punjab Kings
KK Nair,2020,Punjab Kings
KK Nair,2022,Rajasthan Royals
KL Nagarkoti,2020,Kolkata Knight Riders
KL Nagarkoti,2021,Kolkata Knight Riders
KL Nagarkoti,2022,Delhi Capitals
KL Rahul,2013,Royal Challengers Bengaluru
KL Rahul,2014,Sunrisers Hyderabad
KL Rahul,2015,Sunrisers Hyderabad
KL Rahul,2016,Royal Challengers Bengaluru
KL Rahul,2018,Punjab Kings
KL Rahul,2019,Punjab Kings
KL Rahul,2020,Punjab Kings
KL Rahul,2021,Punjab Kings
KL Rahul,2022,Lucknow Super Giants
KL Rahul,2023,Lucknow Super Giants
KL Rahul,2024,Lucknow Super Giants
KL Rahul,2025,Delhi Capitals
KL Rahul,2026,Delhi Capitals
KM Asif,2018,Chennai Super Kings
KM Asif,2021,Chennai Super Kings
KM Asif,2023,Rajasthan Royals
KM Jadhav,2010,Delhi Capitals
KM Jadhav,2011,Kochi Tuskers Kerala
KM Jadhav,2013,Delhi Capitals
KM Jadhav,2014,Delhi Capitals
KM Jadhav,2015,Delhi Capitals
KM Jadhav,2016,Royal Challengers Bengaluru
KM Jadhav,2017,Royal Challengers Bengaluru
KM Jadhav,2018,Chennai Super Kings
KM Jadhav,2019,Chennai Super Kings
KM Jadhav,2020,Chennai Super Kings
KM Jadhav,2021,Sunrisers Hyderabad
KM Jadhav,2023,Royal Challengers Bengaluru
KMA Paul,2019,Delhi Capitals
KMDN Kulasekara,2011,Chennai Super Kings
KMDN Kulasekara,2012,Chennai Super Kings
KP Appanna,2009,Royal Challengers Bengaluru
KP Appanna,2010,Royal Challengers Bengaluru
KP Appanna,2012,Royal Challengers Bengaluru
KP Pietersen,2009,Royal Challengers Bengaluru
KP Pietersen,2010,Royal Challengers Bengaluru
KP Pietersen,2012,Delhi Capitals
KP Pietersen,2014,Delhi Capitals
KP Pietersen,2016,Rising Pune Supergiant
KR Mayers,2023,Lucknow Super Giants
KR Sen,2022,Rajasthan Royals
KR Sen,2023,Rajasthan Royals
KR Sen,2024,Rajasthan Royals
KS Bharat,2021,Royal Challengers Bengaluru
KS Bharat,2022,Delhi Capitals
KS Sharma,2022,Lucknow Super Giants
KS Sharma,2023,Lucknow Super Giants
KS Williamson,2015,Sunrisers Hyderabad
KS Williamson,2016,Sunrisers Hyderabad
KS Williamson,2017,Sunrisers Hyderabad
KS Williamson,2018,Sunrisers Hyderabad
KS Williamson,2019,Sunrisers Hyderabad
KS Williamson,2020,Sunrisers Hyderabad
KS Williamson,2021,Sunrisers Hyderabad
KS Williamson,2022,Sunrisers Hyderabad
KS Williamson,2024,Gujarat Titans
KT Maphaka,2024,Mumbai Indians
KV Sharma,2009,Royal Challengers Bengaluru
KV Sharma,2013,Sunrisers Hyderabad
KV Sharma,2014,Sunrisers Hyderabad
KV Sharma,2015,Sunrisers Hyderabad
KV Sharma,2016,Sunrisers Hyderabad
KV Sharma,2017,Mumbai Indians
KV Sharma,2018,Chennai Super Kings
KV Sharma,2019,Chennai Super Kings
KV Sharma,2020,Chennai Super Kings
KV Sharma,2023,Royal Challengers Bengaluru
KV Sharma,2024,Royal Challengers Bengaluru
KW Richardson,2013,Pune Warriors
KW Richardson,2014,Rajasthan Royals
KW Richardson,2016,Royal Challengers Bengaluru
KW Richardson,2021,Royal Challengers Bengaluru
Kagiso Rabada,2017,Delhi Capitals
Kagiso Rabada,2018,Delhi Capitals
Kagiso Rabada,2022,Punjab Kings
Kagiso Rabada,2025,Gujarat Titans
Kagiso Rabada,2026,Gujarat Titans
Kamindu Mendis,2025,Sunrisers Hyderabad
Kamindu Mendis,2026,Sunrisers Hyderabad
Kamlesh Nagarkoti,2018,Kolkata Knight Riders
Kamlesh Nagarkoti,2022,Delhi Capitals
Kamlesh Nagarkoti,2025,Chennai Super Kings
Kamlesh Nagarkoti,2026,Chennai Super Kings
Kamran Akmal,2008,Rajasthan Royals
Kamran Khan,2009,Rajasthan Royals
Kamran Khan,2010,Rajasthan Royals
Kamran Khan,2011,Pune Warriors
Kane Richardson,2013,Pune Warriors India
Kane Richardson,2014,Rajasthan Royals
Kane Richardson,2016,Royal Challengers Bengaluru
Kane Richardson,2020,Royal Challengers Bengaluru
Kane Richardson,2026,Royal Challengers Bengaluru
Kane Williamson,2015,Sunrisers Hyderabad
Kane Williamson,2018,Sunrisers Hyderabad
Kane Williamson,2023,Gujarat Titans
Kane Williamson,2026,Gujarat Titans
Kanishk Chouhan,2026,Royal Challengers Bengaluru
Kanishk Seth,2018,Chennai Super Kings
Kanishk Seth,2026,Chennai Super Kings
Karan Sharma,2022,Lucknow Super Giants
Karan Sharma,2026,Lucknow Super Giants
Karanveer Singh,2014,Punjab Kings
Karanveer Singh,2015,Punjab Kings
Karanveer Singh,2026,Punjab Kings
Karim Janat,2025,Gujarat Titans
Karim Janat,2026,Gujarat Titans
Karn Sharma,2014,Sunrisers Hyderabad
Karn Sharma,2017,Mumbai Indians
Karn Sharma,2018,Chennai Super Kings
Karn Sharma,2022,Royal Challengers Bengaluru
Karn Sharma,2025,Mumbai Indians
Karn Sharma,2026,Mumbai Indians
Kartik Sharma,2026,Chennai Super Kings
Kartik Tyagi,2020,Rajasthan Royals
Kartik Tyagi,2021,Rajasthan Royals
Kartik Tyagi,2022,Sunrisers Hyderabad
Kartik Tyagi,2023,Sunrisers Hyderabad
Kartik Tyagi,2024,Gujarat Titans
Kartik Tyagi,2026,Kolkata Knight Riders
Karun Nair,2014,Rajasthan Royals
Karun Nair,2016,Delhi Capitals
Karun Nair,2018,Punjab Kings
Karun Nair,2021,Kolkata Knight Riders
Karun Nair,2022,Rajasthan Royals
Karun Nair,2025,Delhi Capitals
Karun Nair,2026,Delhi Capitals
Kedar Jadhav,2014,Delhi Capitals
Kedar Jadhav,2018,Chennai Super Kings
Kedar Jadhav,2021,Sunrisers Hyderabad
Kedar Jadhav,2026,Sunrisers Hyderabad
Keemo Paul,2019,Delhi Capitals
Keemo Paul,2026,Delhi Capitals
Kevin Pietersen,2014,Delhi Capitals
Kevin Pietersen,2015,Sunrisers Hyderabad
Kevin Pietersen,2016,Rising Pune Supergiant
Kevin Pietersen,2026,Rising Pune Supergiant
Kevon Cooper,2014,Rajasthan Royals
Kevon Cooper,2026,Rajasthan Royals
Kieron Pollard,2018,Mumbai Indians
Kieron Pollard,2026,Mumbai Indians
Kishore Pramod Kamath,2016,Mumbai Indians
Kishore Pramod Kamath,2026,Mumbai Indians
Kona Srikar Bharat,2015,Delhi Capitals
Kona Srikar Bharat,2021,Royal Challengers Bengaluru
Kona Srikar Bharat,2026,Royal Challengers Bengaluru
Krains Fuletra,2026,Sunrisers Hyderabad
Krishnappa Gowtham,2017,Mumbai Indians
Krishnappa Gowtham,2018,Rajasthan Royals
Krishnappa Gowtham,2021,Chennai Super Kings
Krishnappa Gowtham,2026,Chennai Super Kings
Krismar Santokie,2014,Mumbai Indians
Krismar Santokie,2026,Mumbai Indians
Krunal Pandya,2016,Mumbai Indians
Krunal Pandya,2018,Mumbai Indians
Krunal Pandya,2022,Lucknow Super Giants
Krunal Pandya,2025,Royal Challengers Bengaluru
Krunal Pandya,2026,Royal Challengers Bengaluru
Kshitiz Sharma,2018,Chennai Super Kings
Kshitiz Sharma,2026,Chennai Super Kings
Kuldeep Sen,2022,Rajasthan Royals
Kuldeep Sen,2025,Punjab Kings
Kuldeep Sen,2026,Rajasthan Royals
Kuldeep Singh Yadav,2014,Kolkata Knight Riders
Kuldeep Singh Yadav,2018,Kolkata Knight Riders
Kuldeep Singh Yadav,2026,Kolkata Knight Riders
Kuldeep Yadav,2016,Kolkata Knight Riders
Kuldeep Yadav,2017,Kolkata Knight Riders
Kuldeep Yadav,2018,Kolkata Knight Riders
Kuldeep Yadav,2019,Kolkata Knight Riders
Kuldeep Yadav,2020,Kolkata Knight Riders
Kuldeep Yadav,2022,Delhi Capitals
Kuldeep Yadav,2023,Delhi Capitals
Kuldeep Yadav,2024,Delhi Capitals
Kuldeep Yadav,2026,Delhi Capitals
Kuldip Yadav,2021,Rajasthan Royals
Kuldip Yadav,2022,Rajasthan Royals
Kuldip Yadav,2026,Rajasthan Royals
Kulwant Khejroliya,2017,Mumbai Indians
Kulwant Khejroliya,2018,Royal Challengers Bengaluru
Kulwant Khejroliya,2023,Kolkata Knight Riders
Kulwant Khejroliya,2025,Gujarat Titans
Kulwant Khejroliya,2026,Gujarat Titans
Kumar Kartikeya Singh,2025,Rajasthan Royals
Kumar Kartikeya Singh,2026,Rajasthan Royals
Kumar Kushagra,2024,Delhi Capitals
Kumar Kushagra,2025,Gujarat Titans
Kumar Kushagra,2026,Gujarat Titans
Kunal Rathore,2023,Rajasthan Royals
Kunal Rathore,2025,Rajasthan Royals
Kunal Rathore,2026,Rajasthan Royals
Kusal Janith Perera,2013,Rajasthan Royals
Kusal Janith Perera,2026,Rajasthan Royals
Kwena Maphaka,2025,Rajasthan Royals
Kwena Maphaka,2026,Rajasthan Royals
Kyle Abbott,2015,Chennai Super Kings
Kyle Abbott,2016,Punjab Kings
Kyle Abbott,2026,Punjab Kings
Kyle Jamieson,2021,Royal Challengers Bengaluru
Kyle Jamieson,2023,Chennai Super Kings
Kyle Jamieson,2026,Delhi Capitals
Kyle Mayers,2022,Lucknow Super Giants
Kyle Mayers,2026,Lucknow Super Giants
L Ablish,2010,Punjab Kings
L Ablish,2011,Punjab Kings
L Balaji,2008,Chennai Super Kings
L Balaji,2009,Chennai Super Kings
L Balaji,2010,Chennai Super Kings
L Balaji,2011,Kolkata Knight Riders
L Balaji,2012,Kolkata Knight Riders
L Balaji,2013,Kolkata Knight Riders
L Balaji,2014,Punjab Kings
L Ngidi,2018,Chennai Super Kings
L Ngidi,2020,Chennai Super Kings
L Ngidi,2021,Chennai Super Kings
L Ronchi,2008,Mumbai Indians
L Ronchi,2009,Mumbai Indians
L Wood,2024,Mumbai Indians
LA Carseldine,2009,Rajasthan Royals
LA Pomersbach,2008,Punjab Kings
LA Pomersbach,2009,Punjab Kings
LA Pomersbach,2011,Royal Challengers Bengaluru
LA Pomersbach,2013,Punjab Kings
LB Williams,2024,Delhi Capitals
LE Plunkett,2018,Delhi Capitals
LH Ferguson,2017,Rising Pune Supergiant
LH Ferguson,2019,Kolkata Knight Riders
LH Ferguson,2020,Kolkata Knight Riders
LH Ferguson,2021,Kolkata Knight Riders
LH Ferguson,2022,Gujarat Titans
LH Ferguson,2023,Kolkata Knight Riders
LH Ferguson,2024,Royal Challengers Bengaluru
LI Meriwala,2021,Delhi Capitals
LJ Wright,2012,Pune Warriors
LJ Wright,2013,Pune Warriors
LMP Simmons,2014,Mumbai Indians
LMP Simmons,2015,Mumbai Indians
LMP Simmons,2016,Mumbai Indians
LMP Simmons,2017,Mumbai Indians
LPC Silva,2008,Deccan Chargers
LR Shukla,2008,Kolkata Knight Riders
LR Shukla,2009,Kolkata Knight Riders
LR Shukla,2010,Kolkata Knight Riders
LR Shukla,2011,Kolkata Knight Riders
LR Shukla,2012,Kolkata Knight Riders
LR Shukla,2013,Kolkata Knight Riders
LR Shukla,2014,Delhi Capitals
LRPL Taylor,2008,Royal Challengers Bengaluru
LRPL Taylor,2009,Royal Challengers Bengaluru
LRPL Taylor,2010,Royal Challengers Bengaluru
LRPL Taylor,2011,Rajasthan Royals
LRPL Taylor,2012,Delhi Capitals
LRPL Taylor,2013,Pune Warriors
LRPL Taylor,2014,Delhi Capitals
LS Livingstone,2019,Rajasthan Royals
LS Livingstone,2021,Rajasthan Royals
LS Livingstone,2022,Punjab Kings
LS Livingstone,2023,Punjab Kings
LS Livingstone,2024,Punjab Kings
Lakshmipathy Balaji,2014,Punjab Kings
Lakshmipathy Balaji,2026,Punjab Kings
Lalit Yadav,2020,Delhi Capitals
Lalit Yadav,2021,Delhi Capitals
Lalit Yadav,2022,Delhi Capitals
Lalit Yadav,2023,Delhi Capitals
Lalit Yadav,2024,Delhi Capitals
Lalit Yadav,2026,Delhi Capitals
Lasith Malinga,2019,Mumbai Indians
Lasith Malinga,2026,Mumbai Indians
Laxmi Ratan Shukla,2014,Delhi Capitals
Laxmi Ratan Shukla,2015,Sunrisers Hyderabad
Laxmi Ratan Shukla,2026,Sunrisers Hyderabad
Liam Livingstone,2019,Rajasthan Royals
Liam Livingstone,2021,Rajasthan Royals
Liam Livingstone,2022,Punjab Kings
Liam Livingstone,2025,Royal Challengers Bengaluru
Liam Livingstone,2026,Sunrisers Hyderabad
Liton Das,2023,Kolkata Knight Riders
Litton Das,2023,Kolkata Knight Riders
Litton Das,2026,Kolkata Knight Riders
Lizaad Williams,2025,Mumbai Indians
Lizaad Williams,2026,Mumbai Indians
Lockie Ferguson,2017,Rising Pune Supergiant
Lockie Ferguson,2019,Kolkata Knight Riders
Lockie Ferguson,2022,Gujarat Titans
Lockie Ferguson,2024,Royal Challengers Bengaluru
Lockie Ferguson,2025,Punjab Kings
Lockie Ferguson,2026,Punjab Kings
Luke Pomersbach,2013,Punjab Kings
Luke Pomersbach,2026,Punjab Kings
Luke Wood,2026,Gujarat Titans
Lukman Hussain Meriwala,2021,Delhi Capitals
Lukman Hussain Meriwala,2026,Delhi Capitals
Lungisani Ngidi,2018,Chennai Super Kings
Lungisani Ngidi,2022,Delhi Capitals
Lungisani Ngidi,2025,Royal Challengers Bengaluru
Lungisani Ngidi,2026,Delhi Capitals
Luvnith Sisodia,2022,Royal Challengers Bengaluru
Luvnith Sisodia,2025,Kolkata Knight Riders
Luvnith Sisodia,2026,Kolkata Knight Riders
M Ashwin,2016,Rising Pune Supergiant
M Ashwin,2018,Royal Challengers Bengaluru
M Ashwin,2019,Punjab Kings
M Ashwin,2020,Punjab Kings
M Ashwin,2021,Punjab Kings
M Ashwin,2022,Mumbai Indians
M Ashwin,2023,Rajasthan Royals
M Jansen,2021,Mumbai Indians
M Jansen,2022,Sunrisers Hyderabad
M Jansen,2023,Sunrisers Hyderabad
M Jansen,2024,Sunrisers Hyderabad
M Kaif,2008,Rajasthan Royals
M Kaif,2010,Punjab Kings
M Kaif,2011,Royal Challengers Bengaluru
M Kaif,2012,Royal Challengers Bengaluru
M Kartik,2008,Kolkata Knight Riders
M Kartik,2009,Kolkata Knight Riders
M Kartik,2010,Kolkata Knight Riders
M Kartik,2011,Pune Warriors
M Kartik,2012,Pune Warriors
M Kartik,2013,Royal Challengers Bengaluru
M Kartik,2014,Punjab Kings
M Klinger,2011,Kochi Tuskers Kerala
M Manhas,2009,Delhi Capitals
M Manhas,2010,Delhi Capitals
M Manhas,2011,Pune Warriors
M Manhas,2012,Pune Warriors
M Manhas,2013,Pune Warriors
M Manhas,2014,Chennai Super Kings
M Markande,2018,Mumbai Indians
M Markande,2019,Mumbai Indians
M Markande,2021,Rajasthan Royals
M Markande,2022,Mumbai Indians
M Markande,2023,Sunrisers Hyderabad
M Markande,2024,Sunrisers Hyderabad
M Morkel,2009,Rajasthan Royals
M Morkel,2010,Rajasthan Royals
M Morkel,2011,Delhi Capitals
M Morkel,2012,Delhi Capitals
M Morkel,2013,Delhi Capitals
M Morkel,2014,Kolkata Knight Riders
M Morkel,2015,Kolkata Knight Riders
M Morkel,2016,Kolkata Knight Riders
M Muralitharan,2008,Chennai Super Kings
M Muralitharan,2009,Chennai Super Kings
M Muralitharan,2010,Chennai Super Kings
M Muralitharan,2011,Kochi Tuskers Kerala
M Muralitharan,2012,Royal Challengers Bengaluru
M Muralitharan,2013,Royal Challengers Bengaluru
M Muralitharan,2014,Royal Challengers Bengaluru
M Ntini,2008,Chennai Super Kings
M Pathirana,2022,Chennai Super Kings
M Pathirana,2023,Chennai Super Kings
M Pathirana,2024,Chennai Super Kings
M Prasidh Krishna,2018,Kolkata Knight Riders
M Prasidh Krishna,2019,Kolkata Knight Riders
M Prasidh Krishna,2020,Kolkata Knight Riders
M Prasidh Krishna,2021,Kolkata Knight Riders
M Prasidh Krishna,2022,Rajasthan Royals
M Rawat,2008,Rajasthan Royals
M Rawat,2009,Rajasthan Royals
M Rawat,2013,Pune Warriors
M Shahrukh Khan,2021,Punjab Kings
M Shahrukh Khan,2022,Punjab Kings
M Shahrukh Khan,2023,Punjab Kings
M Shahrukh Khan,2024,Gujarat Titans
M Siddharth,2020,Kolkata Knight Riders
M Siddharth,2021,Delhi Capitals
M Siddharth,2024,Lucknow Super Giants
M Siddharth,2026,Delhi Capitals
M Theekshana,2022,Chennai Super Kings
M Theekshana,2023,Chennai Super Kings
M Theekshana,2024,Chennai Super Kings
M Vijay,2009,Chennai Super Kings
M Vijay,2010,Chennai Super Kings
M Vijay,2011,Chennai Super Kings
M Vijay,2012,Chennai Super Kings
M Vijay,2013,Chennai Super Kings
M Vijay,2014,Delhi Capitals
M Vijay,2015,Punjab Kings
M Vijay,2016,Punjab Kings
M Vijay,2018,Chennai Super Kings
M Vijay,2019,Chennai Super Kings
M Vijay,2020,Chennai Super Kings
M Vohra,2013,Punjab Kings
M Vohra,2014,Punjab Kings
M Vohra,2015,Punjab Kings
M Vohra,2016,Punjab Kings
M Vohra,2017,Punjab Kings
M Vohra,2018,Royal Challengers Bengaluru
M Vohra,2021,Rajasthan Royals
M Vohra,2022,Lucknow Super Giants
M Vohra,2023,Lucknow Super Giants
M de Lange,2012,Kolkata Knight Riders
M de Lange,2014,Mumbai Indians
M de Lange,2015,Mumbai Indians
M. Ashwin,2016,Rising Pune Supergiant
M. Ashwin,2017,Delhi Capitals
M. Ashwin,2018,Royal Challengers Bengaluru
M. Ashwin,2019,Punjab Kings
M. Ashwin,2026,Punjab Kings
M. Harisankar Reddy,2021,Chennai Super Kings
M. Harisankar Reddy,2026,Chennai Super Kings
M. Siddharth,2024,Lucknow Super Giants
M. Siddharth,2025,Lucknow Super Giants
M. Siddharth,2026,Lucknow Super Giants
M.S. Washington Sundar,2018,Royal Challengers Bengaluru
M.S. Washington Sundar,2026,Royal Challengers Bengaluru
MA Agarwal,2011,Royal Challengers Bengaluru
MA Agarwal,2012,Royal Challengers Bengaluru
MA Agarwal,2013,Royal Challengers Bengaluru
MA Agarwal,2014,Delhi Capitals
MA Agarwal,2015,Delhi Capitals
MA Agarwal,2016,Delhi Capitals
MA Agarwal,2017,Rising Pune Supergiant
MA Agarwal,2018,Punjab Kings
MA Agarwal,2019,Punjab Kings
MA Agarwal,2020,Punjab Kings
MA Agarwal,2021,Punjab Kings
MA Agarwal,2022,Punjab Kings
MA Agarwal,2023,Sunrisers Hyderabad
MA Agarwal,2024,Sunrisers Hyderabad
MA Khote,2008,Mumbai Indians
MA Starc,2014,Royal Challengers Bengaluru
MA Starc,2015,Royal Challengers Bengaluru
MA Starc,2024,Kolkata Knight Riders
MA Wood,2018,Chennai Super Kings
MA Wood,2023,Lucknow Super Giants
MB Parmar,2010,Kolkata Knight Riders
MC Henriques,2009,Kolkata Knight Riders
MC Henriques,2010,Delhi Capitals
MC Henriques,2013,Royal Challengers Bengaluru
MC Henriques,2014,Sunrisers Hyderabad
MC Henriques,2015,Sunrisers Hyderabad
MC Henriques,2016,Sunrisers Hyderabad
MC Henriques,2017,Sunrisers Hyderabad
MC Henriques,2021,Punjab Kings
MC Juneja,2013,Delhi Capitals
MD Mishra,2010,Deccan Chargers
MD Mishra,2011,Pune Warriors
MD Mishra,2012,Pune Warriors
MD Shanaka,2023,Gujarat Titans
MDKJ Perera,2013,Rajasthan Royals
MEK Hussey,2008,Chennai Super Kings
MEK Hussey,2010,Chennai Super Kings
MEK Hussey,2011,Chennai Super Kings
MEK Hussey,2012,Chennai Super Kings
MEK Hussey,2013,Chennai Super Kings
MEK Hussey,2014,Mumbai Indians
MEK Hussey,2015,Chennai Super Kings
MF Maharoof,2008,Delhi Capitals
MF Maharoof,2009,Delhi Capitals
MF Maharoof,2010,Delhi Capitals
MG Bracewell,2023,Royal Challengers Bengaluru
MG Johnson,2013,Mumbai Indians
MG Johnson,2014,Punjab Kings
MG Johnson,2015,Punjab Kings
MG Johnson,2016,Punjab Kings
MG Johnson,2017,Mumbai Indians
MG Johnson,2018,Kolkata Knight Riders
MG Neser,2013,Punjab Kings
MJ Clarke,2012,Pune Warriors
MJ Guptill,2016,Mumbai Indians
MJ Guptill,2017,Punjab Kings
MJ Guptill,2019,Sunrisers Hyderabad
MJ Henry,2017,Punjab Kings
MJ Henry,2024,Lucknow Super Giants
MJ Lumb,2010,Rajasthan Royals
MJ Lumb,2011,Deccan Chargers
MJ McClenaghan,2015,Mumbai Indians
MJ McClenaghan,2016,Mumbai Indians
MJ McClenaghan,2017,Mumbai Indians
MJ McClenaghan,2018,Mumbai Indians
MJ McClenaghan,2019,Mumbai Indians
MJ Santner,2019,Chennai Super Kings
MJ Santner,2020,Chennai Super Kings
MJ Santner,2022,Chennai Super Kings
MJ Santner,2023,Chennai Super Kings
MJ Santner,2024,Chennai Super Kings
MJ Suthar,2024,Gujarat Titans
MK Lomror,2018,Rajasthan Royals
MK Lomror,2019,Rajasthan Royals
MK Lomror,2020,Rajasthan Royals
MK Lomror,2021,Rajasthan Royals
MK Lomror,2022,Royal Challengers Bengaluru
MK Lomror,2023,Royal Challengers Bengaluru
MK Lomror,2024,Royal Challengers Bengaluru
MK Pandey,2008,Mumbai Indians
MK Pandey,2009,Royal Challengers Bengaluru
MK Pandey,2010,Royal Challengers Bengaluru
MK Pandey,2011,Pune Warriors
MK Pandey,2012,Pune Warriors
MK Pandey,2013,Pune Warriors
MK Pandey,2014,Kolkata Knight Riders
MK Pandey,2015,Kolkata Knight Riders
MK Pandey,2016,Kolkata Knight Riders
MK Pandey,2017,Kolkata Knight Riders
MK Pandey,2018,Sunrisers Hyderabad
MK Pandey,2019,Sunrisers Hyderabad
MK Pandey,2020,Sunrisers Hyderabad
MK Pandey,2021,Sunrisers Hyderabad
MK Pandey,2022,Lucknow Super Giants
MK Pandey,2023,Delhi Capitals
MK Pandey,2024,Kolkata Knight Riders
MK Tiwary,2008,Delhi Capitals
MK Tiwary,2009,Delhi Capitals
MK Tiwary,2010,Kolkata Knight Riders
MK Tiwary,2011,Kolkata Knight Riders
MK Tiwary,2012,Kolkata Knight Riders
MK Tiwary,2013,Kolkata Knight Riders
MK Tiwary,2014,Delhi Capitals
MK Tiwary,2015,Delhi Capitals
MK Tiwary,2017,Rising Pune Supergiant
MK Tiwary,2018,Punjab Kings
ML Hayden,2008,Chennai Super Kings
ML Hayden,2009,Chennai Super Kings
ML Hayden,2010,Chennai Super Kings
MM Ali,2018,Royal Challengers Bengaluru
MM Ali,2019,Royal Challengers Bengaluru
MM Ali,2020,Royal Challengers Bengaluru
MM Ali,2021,Chennai Super Kings
MM Ali,2022,Chennai Super Kings
MM Ali,2023,Chennai Super Kings
MM Ali,2024,Chennai Super Kings
MM Patel,2008,Rajasthan Royals
MM Patel,2009,Rajasthan Royals
MM Patel,2010,Rajasthan Royals
MM Patel,2011,Mumbai Indians
MM Patel,2012,Mumbai Indians
MM Patel,2013,Mumbai Indians
MM Patel,2017,Gujarat Lions
MM Sharma,2013,Chennai Super Kings
MM Sharma,2014,Chennai Super Kings
MM Sharma,2015,Chennai Super Kings
MM Sharma,2016,Punjab Kings
MM Sharma,2017,Punjab Kings
MM Sharma,2018,Punjab Kings
MM Sharma,2019,Chennai Super Kings
MM Sharma,2020,Delhi Capitals
MM Sharma,2023,Gujarat Titans
MM Sharma,2024,Gujarat Titans
MN Samuels,2012,Pune Warriors
MN Samuels,2013,Pune Warriors
MN Samuels,2017,Delhi Capitals
MN van Wyk,2009,Kolkata Knight Riders
MP Stoinis,2016,Punjab Kings
MP Stoinis,2017,Punjab Kings
MP Stoinis,2018,Punjab Kings
MP Stoinis,2019,Royal Challengers Bengaluru
MP Stoinis,2020,Delhi Capitals
MP Stoinis,2021,Delhi Capitals
MP Stoinis,2022,Lucknow Super Giants
MP Stoinis,2023,Lucknow Super Giants
MP Stoinis,2024,Lucknow Super Giants
MP Yadav,2024,Lucknow Super Giants
MR Marsh,2010,Deccan Chargers
MR Marsh,2011,Pune Warriors
MR Marsh,2013,Pune Warriors
MR Marsh,2016,Rising Pune Supergiant
MR Marsh,2020,Sunrisers Hyderabad
MR Marsh,2022,Delhi Capitals
MR Marsh,2023,Delhi Capitals
MR Marsh,2024,Delhi Capitals
MS Bisla,2010,Punjab Kings
MS Bisla,2011,Kolkata Knight Riders
MS Bisla,2012,Kolkata Knight Riders
MS Bisla,2013,Kolkata Knight Riders
MS Bisla,2014,Kolkata Knight Riders
MS Bisla,2015,Royal Challengers Bengaluru
MS Dhoni,2008,Chennai Super Kings
MS Dhoni,2009,Chennai Super Kings
MS Dhoni,2010,Chennai Super Kings
MS Dhoni,2011,Chennai Super Kings
MS Dhoni,2012,Chennai Super Kings
MS Dhoni,2013,Chennai Super Kings
MS Dhoni,2014,Chennai Super Kings
MS Dhoni,2015,Chennai Super Kings
MS Dhoni,2016,Rising Pune Supergiant
MS Dhoni,2017,Rising Pune Supergiant
MS Dhoni,2018,Chennai Super Kings
MS Dhoni,2019,Chennai Super Kings
MS Dhoni,2020,Chennai Super Kings
MS Dhoni,2021,Chennai Super Kings
MS Dhoni,2022,Chennai Super Kings
MS Dhoni,2023,Chennai Super Kings
MS Dhoni,2024,Chennai Super Kings
MS Gony,2008,Chennai Super Kings
MS Gony,2009,Chennai Super Kings
MS Gony,2010,Chennai Super Kings
MS Gony,2011,Deccan Chargers
MS Gony,2012,Deccan Chargers
MS Gony,2013,Punjab Kings
MS Gony,2017,Gujarat Lions
MS Wade,2011,Delhi Capitals
MS Wade,2022,Gujarat Titans
MS Wade,2024,Gujarat Titans
MV Boucher,2008,Royal Challengers Bengaluru
MV Boucher,2009,Royal Challengers Bengaluru
MV Boucher,2010,Royal Challengers Bengaluru
MV Boucher,2011,Kolkata Knight Riders
MW Short,2023,Punjab Kings
Madhav Tiwari,2025,Delhi Capitals
Madhav Tiwari,2026,Delhi Capitals
Maheesh Theekshana,2022,Chennai Super Kings
Maheesh Theekshana,2025,Rajasthan Royals
Maheesh Theekshana,2026,Rajasthan Royals
Mahipal Lomror,2016,Delhi Capitals
Mahipal Lomror,2018,Rajasthan Royals
Mahipal Lomror,2022,Royal Challengers Bengaluru
Mahipal Lomror,2025,Gujarat Titans
Mahipal Lomror,2026,Gujarat Titans
Manan Ajay Sharma,2016,Kolkata Knight Riders
Manan Ajay Sharma,2026,Kolkata Knight Riders
Manan Vohra,2018,Royal Challengers Bengaluru
Manan Vohra,2019,Rajasthan Royals
Manan Vohra,2022,Lucknow Super Giants
Manan Vohra,2026,Lucknow Super Giants
Manav Suthar,2024,Gujarat Titans
Manav Suthar,2025,Gujarat Titans
Manav Suthar,2026,Gujarat Titans
Mandeep Hardev Singh,2014,Punjab Kings
Mandeep Hardev Singh,2026,Punjab Kings
Mandeep Singh,2010,Kolkata Knight Riders
Mandeep Singh,2011,Punjab Kings
Mandeep Singh,2012,Punjab Kings
Mandeep Singh,2013,Punjab Kings
Mandeep Singh,2014,Punjab Kings
Mandeep Singh,2015,Royal Challengers Bengaluru
Mandeep Singh,2017,Royal Challengers Bengaluru
Mandeep Singh,2018,Royal Challengers Bengaluru
Mandeep Singh,2019,Punjab Kings
Mandeep Singh,2020,Punjab Kings
Mandeep Singh,2021,Punjab Kings
Mandeep Singh,2022,Delhi Capitals
Mandeep Singh,2023,Kolkata Knight Riders
Mandeep Singh,2026,Kolkata Knight Riders
Mangesh Yadav,2026,Royal Challengers Bengaluru
Manish Pandey,2014,Kolkata Knight Riders
Manish Pandey,2018,Sunrisers Hyderabad
Manish Pandey,2022,Lucknow Super Giants
Manish Pandey,2023,Delhi Capitals
Manish Pandey,2024,Kolkata Knight Riders
Manish Pandey,2025,Kolkata Knight Riders
Manish Pandey,2026,Kolkata Knight Riders
Manjot Kalra,2018,Delhi Capitals
Manjot Kalra,2026,Delhi Capitals
Manoj Bhandage,2023,Royal Challengers Bengaluru
Manoj Bhandage,2025,Royal Challengers Bengaluru
Manoj Bhandage,2026,Royal Challengers Bengaluru
Manoj Tiwary,2014,Delhi Capitals
Manoj Tiwary,2017,Rising Pune Supergiant
Manoj Tiwary,2018,Punjab Kings
Manoj Tiwary,2026,Punjab Kings
Manpreet Gony,2013,Punjab Kings
Manpreet Gony,2017,Gujarat Lions
Manpreet Gony,2026,Gujarat Lions
Manprit Juneja,2014,Sunrisers Hyderabad
Manprit Juneja,2026,Sunrisers Hyderabad
Manvanth Kumar L,2025,Delhi Capitals
Manvanth Kumar L,2026,Delhi Capitals
Manvinder Bisla,2014,Kolkata Knight Riders
Manvinder Bisla,2026,Kolkata Knight Riders
Manzoor Dar,2018,Punjab Kings
Manzoor Dar,2026,Punjab Kings
Marchant De Lange,2014,Mumbai Indians
Marchant De Lange,2026,Mumbai Indians
Marco Jansen,2021,Mumbai Indians
Marco Jansen,2022,Sunrisers Hyderabad
Marco Jansen,2025,Punjab Kings
Marco Jansen,2026,Punjab Kings
Marcus Stoinis,2015,Delhi Capitals
Marcus Stoinis,2016,Punjab Kings
Marcus Stoinis,2018,Punjab Kings
Marcus Stoinis,2020,Delhi Capitals
Marcus Stoinis,2025,Punjab Kings
Marcus Stoinis,2026,Punjab Kings
Mark Wood,2018,Chennai Super Kings
Mark Wood,2022,Lucknow Super Giants
Mark Wood,2026,Lucknow Super Giants
Martin Guptill,2017,Punjab Kings
Martin Guptill,2019,Sunrisers Hyderabad
Martin Guptill,2026,Sunrisers Hyderabad
Mashrafe Mortaza,2009,Kolkata Knight Riders
Matheesha Pathirana,2026,Kolkata Knight Riders
Matt Henry,2014,Chennai Super Kings
Matt Henry,2017,Punjab Kings
Matt Henry,2026,Chennai Super Kings
Matthew Breetzke,2025,Lucknow Super Giants
Matthew Breetzke,2026,Lucknow Super Giants
Matthew Short,2026,Chennai Super Kings
Matthew Wade,2022,Gujarat Titans
Matthew Wade,2026,Gujarat Titans
Mayank Agarwal,2014,Delhi Capitals
Mayank Agarwal,2018,Punjab Kings
Mayank Agarwal,2023,Sunrisers Hyderabad
Mayank Agarwal,2026,Sunrisers Hyderabad
Mayank Dagar,2018,Punjab Kings
Mayank Dagar,2023,Sunrisers Hyderabad
Mayank Dagar,2024,Royal Challengers Bengaluru
Mayank Dagar,2026,Sunrisers Hyderabad
Mayank Markande,2018,Mumbai Indians
Mayank Markande,2022,Mumbai Indians
Mayank Markande,2023,Sunrisers Hyderabad
Mayank Markande,2025,Kolkata Knight Riders
Mayank Markande,2026,Kolkata Knight Riders
Mayank Rawat,2026,Mumbai Indians
Mayank Yadav,2022,Lucknow Super Giants
Mayank Yadav,2026,Lucknow Super Giants
Michael Clarke,2013,Pune Warriors India
Michael Clarke,2026,Pune Warriors India
Michael Hussey,2014,Mumbai Indians
Michael Hussey,2015,Chennai Super Kings
Michael Hussey,2026,Chennai Super Kings
Midhun S,2018,Rajasthan Royals
Midhun S,2026,Rajasthan Royals
Milind Kumar,2014,Delhi Capitals
Milind Kumar,2019,Royal Challengers Bengaluru
Milind Kumar,2026,Royal Challengers Bengaluru
Milind Tandon,2017,Rising Pune Supergiant
Milind Tandon,2026,Rising Pune Supergiant
Misbah-ul-Haq,2008,Royal Challengers Bengaluru
Mitchell Johnson,2014,Punjab Kings
Mitchell Johnson,2017,Mumbai Indians
Mitchell Johnson,2018,Kolkata Knight Riders
Mitchell Johnson,2026,Kolkata Knight Riders
Mitchell Marsh,2016,Rising Pune Supergiant
Mitchell Marsh,2020,Sunrisers Hyderabad
Mitchell Marsh,2022,Delhi Capitals
Mitchell Marsh,2025,Lucknow Super Giants
Mitchell Marsh,2026,Lucknow Super Giants
Mitchell McClenaghan,2015,Mumbai Indians
Mitchell McClenaghan,2026,Mumbai Indians
Mitchell Santner,2018,Chennai Super Kings
Mitchell Santner,2022,Chennai Super Kings
Mitchell Santner,2025,Mumbai Indians
Mitchell Santner,2026,Mumbai Indians
Mitchell Starc,2014,Royal Challengers Bengaluru
Mitchell Starc,2018,Kolkata Knight Riders
Mitchell Starc,2024,Kolkata Knight Riders
Mitchell Starc,2025,Delhi Capitals
Mitchell Starc,2026,Kolkata Knight Riders
Mithun Manhas,2014,Chennai Super Kings
Mithun Manhas,2026,Chennai Super Kings
Moeen Ali,2018,Royal Challengers Bengaluru
Moeen Ali,2021,Chennai Super Kings
Moeen Ali,2025,Kolkata Knight Riders
Moeen Ali,2026,Kolkata Knight Riders
Mohammad Ashraful,2009,Mumbai Indians
Mohammad Asif,2008,Delhi Capitals
Mohammad Hafeez,2008,Kolkata Knight Riders
Mohammad Izhar,2026,Mumbai Indians
Mohammad Nabi,2017,Sunrisers Hyderabad
Mohammad Nabi,2018,Sunrisers Hyderabad
Mohammad Nabi,2019,Sunrisers Hyderabad
Mohammad Nabi,2020,Sunrisers Hyderabad
Mohammad Nabi,2021,Sunrisers Hyderabad
Mohammad Nabi,2022,Kolkata Knight Riders
Mohammad Nabi,2024,Mumbai Indians
Mohammad Nabi,2026,Kolkata Knight Riders
Mohammad Shami,2014,Delhi Capitals
Mohammad Shami,2018,Delhi Capitals
Mohammad Shami,2019,Punjab Kings
Mohammad Shami,2022,Gujarat Titans
Mohammad Shami,2025,Sunrisers Hyderabad
Mohammad Shami,2026,Sunrisers Hyderabad
Mohammad Siraj,2025,Gujarat Titans
Mohammad Siraj,2026,Gujarat Titans
Mohammed Azharudeen,2021,Royal Challengers Bengaluru
Mohammed Azharudeen,2026,Royal Challengers Bengaluru
Mohammed Shami,2013,Kolkata Knight Riders
Mohammed Shami,2014,Delhi Capitals
Mohammed Shami,2016,Delhi Capitals
Mohammed Shami,2017,Delhi Capitals
Mohammed Shami,2018,Delhi Capitals
Mohammed Shami,2019,Punjab Kings
Mohammed Shami,2020,Punjab Kings
Mohammed Shami,2021,Punjab Kings
Mohammed Shami,2022,Gujarat Titans
Mohammed Shami,2023,Gujarat Titans
Mohammed Siraj,2017,Sunrisers Hyderabad
Mohammed Siraj,2018,Royal Challengers Bengaluru
Mohammed Siraj,2019,Royal Challengers Bengaluru
Mohammed Siraj,2020,Royal Challengers Bengaluru
Mohammed Siraj,2021,Royal Challengers Bengaluru
Mohammed Siraj,2022,Royal Challengers Bengaluru
Mohammed Siraj,2023,Royal Challengers Bengaluru
Mohammed Siraj,2024,Royal Challengers Bengaluru
Mohammed Siraj,2026,Royal Challengers Bengaluru
Mohd. Arshad Khan,2022,Mumbai Indians
Mohd. Arshad Khan,2024,Lucknow Super Giants
Mohd. Arshad Khan,2025,Gujarat Titans
Mohd. Arshad Khan,2026,Gujarat Titans
Mohit Rathee,2023,Punjab Kings
Mohit Rathee,2025,Royal Challengers Bengaluru
Mohit Rathee,2026,Royal Challengers Bengaluru
Mohit Sharma,2014,Chennai Super Kings
Mohit Sharma,2016,Punjab Kings
Mohit Sharma,2018,Punjab Kings
Mohit Sharma,2019,Chennai Super Kings
Mohit Sharma,2020,Delhi Capitals
Mohit Sharma,2023,Gujarat Titans
Mohit Sharma,2025,Delhi Capitals
Mohit Sharma,2026,Delhi Capitals
Mohsin Khan,2018,Mumbai Indians
Mohsin Khan,2020,Mumbai Indians
Mohsin Khan,2022,Lucknow Super Giants
Mohsin Khan,2023,Lucknow Super Giants
Mohsin Khan,2024,Lucknow Super Giants
Mohsin Khan,2026,Lucknow Super Giants
Moises Henriques,2013,Royal Challengers Bengaluru
Moises Henriques,2014,Sunrisers Hyderabad
Moises Henriques,2019,Punjab Kings
Moises Henriques,2021,Punjab Kings
Moises Henriques,2026,Punjab Kings
Monu Kumar,2020,Chennai Super Kings
Monu Singh,2018,Chennai Super Kings
Monu Singh,2026,Chennai Super Kings
Morne Morkel,2014,Kolkata Knight Riders
Morne Morkel,2026,Kolkata Knight Riders
Mujeeb Rahman,2024,Kolkata Knight Riders
Mujeeb Rahman,2026,Kolkata Knight Riders
Mujeeb Ur Rahman,2018,Punjab Kings
Mujeeb Ur Rahman,2019,Punjab Kings
Mujeeb Ur Rahman,2020,Punjab Kings
Mujeeb Ur Rahman,2021,Sunrisers Hyderabad
Mujeeb Zadran,2018,Punjab Kings
Mujeeb Zadran,2021,Sunrisers Hyderabad
Mujeeb Zadran,2026,Sunrisers Hyderabad
Mukesh Choudhary,2022,Chennai Super Kings
Mukesh Choudhary,2024,Chennai Super Kings
Mukesh Choudhary,2025,Chennai Super Kings
Mukesh Choudhary,2026,Chennai Super Kings
Mukesh Kumar,2023,Delhi Capitals
Mukesh Kumar,2024,Delhi Capitals
Mukesh Kumar,2025,Delhi Capitals
Mukesh Kumar,2026,Delhi Capitals
Mukul Choudhary,2026,Lucknow Super Giants
Munaf Patel,2017,Gujarat Lions
Munaf Patel,2026,Gujarat Lions
Murali Kartik,2014,Punjab Kings
Murali Kartik,2026,Punjab Kings
Murali Vijay,2014,Delhi Capitals
Murali Vijay,2015,Punjab Kings
Murali Vijay,2018,Chennai Super Kings
Murali Vijay,2026,Chennai Super Kings
Murugan Ashwin,2022,Mumbai Indians
Murugan Ashwin,2023,Rajasthan Royals
Murugan Ashwin,2026,Rajasthan Royals
Musheer Khan,2025,Punjab Kings
Musheer Khan,2026,Punjab Kings
Mustafizur Rahman,2016,Sunrisers Hyderabad
Mustafizur Rahman,2017,Sunrisers Hyderabad
Mustafizur Rahman,2018,Mumbai Indians
Mustafizur Rahman,2021,Rajasthan Royals
Mustafizur Rahman,2022,Delhi Capitals
Mustafizur Rahman,2023,Delhi Capitals
Mustafizur Rahman,2024,Chennai Super Kings
Mustafizur Rahman,2026,Kolkata Knight Riders
Muttiah Muralitharan,2014,Royal Challengers Bengaluru
Muttiah Muralitharan,2026,Royal Challengers Bengaluru
N Burger,2024,Rajasthan Royals
N Jagadeesan,2018,Chennai Super Kings
N Jagadeesan,2020,Chennai Super Kings
N Jagadeesan,2022,Chennai Super Kings
N Jagadeesan,2023,Kolkata Knight Riders
N Jagadeesan,2026,Chennai Super Kings
N Pooran,2019,Punjab Kings
N Pooran,2020,Punjab Kings
N Pooran,2021,Punjab Kings
N Pooran,2022,Sunrisers Hyderabad
N Pooran,2023,Lucknow Super Giants
N Pooran,2024,Lucknow Super Giants
N Rana,2016,Mumbai Indians
N Rana,2017,Mumbai Indians
N Rana,2018,Kolkata Knight Riders
N Rana,2019,Kolkata Knight Riders
N Rana,2020,Kolkata Knight Riders
N Rana,2021,Kolkata Knight Riders
N Rana,2022,Kolkata Knight Riders
N Rana,2023,Kolkata Knight Riders
N Rana,2024,Kolkata Knight Riders
N Saini,2012,Punjab Kings
N Thushara,2024,Mumbai Indians
N Wadhera,2023,Mumbai Indians
N Wadhera,2024,Mumbai Indians
N. Jagadeesan,2022,Chennai Super Kings
N. Jagadeesan,2023,Kolkata Knight Riders
N. Jagadeesan,2026,Kolkata Knight Riders
N. Tilak Varma,2022,Mumbai Indians
N. Tilak Varma,2026,Mumbai Indians
NA Saini,2023,Rajasthan Royals
NB Singh,2017,Gujarat Lions
ND Doshi,2010,Royal Challengers Bengaluru
ND Doshi,2011,Rajasthan Royals
NJ Maddinson,2014,Royal Challengers Bengaluru
NJ Maddinson,2015,Royal Challengers Bengaluru
NJ Rimmington,2011,Punjab Kings
NK Patel,2008,Rajasthan Royals
NK Patel,2009,Rajasthan Royals
NL McCullum,2011,Pune Warriors
NLTC Perera,2010,Chennai Super Kings
NLTC Perera,2011,Kochi Tuskers Kerala
NLTC Perera,2012,Mumbai Indians
NLTC Perera,2013,Sunrisers Hyderabad
NLTC Perera,2015,Punjab Kings
NLTC Perera,2016,Rising Pune Supergiant
NM Coulter-Nile,2013,Mumbai Indians
NM Coulter-Nile,2014,Delhi Capitals
NM Coulter-Nile,2015,Delhi Capitals
NM Coulter-Nile,2016,Delhi Capitals
NM Coulter-Nile,2017,Kolkata Knight Riders
NM Coulter-Nile,2020,Mumbai Indians
NM Coulter-Nile,2021,Mumbai Indians
NM Coulter-Nile,2022,Rajasthan Royals
NS Naik,2016,Punjab Kings
NS Naik,2019,Kolkata Knight Riders
NS Naik,2020,Kolkata Knight Riders
NT Ellis,2021,Punjab Kings
NT Ellis,2022,Punjab Kings
NT Ellis,2023,Punjab Kings
NT Ellis,2024,Punjab Kings
NV Ojha,2009,Rajasthan Royals
NV Ojha,2010,Rajasthan Royals
NV Ojha,2011,Delhi Capitals
NV Ojha,2012,Delhi Capitals
NV Ojha,2013,Delhi Capitals
NV Ojha,2014,Sunrisers Hyderabad
NV Ojha,2015,Sunrisers Hyderabad
NV Ojha,2016,Sunrisers Hyderabad
NV Ojha,2017,Sunrisers Hyderabad
NV Ojha,2018,Delhi Capitals
Naman Dhir,2024,Mumbai Indians
Naman Dhir,2025,Mumbai Indians
Naman Dhir,2026,Mumbai Indians
Naman Ojha,2014,Sunrisers Hyderabad
Naman Ojha,2018,Delhi Capitals
Naman Ojha,2026,Delhi Capitals
Naman Tiwari,2026,Lucknow Super Giants
Nandre Burger,2024,Rajasthan Royals
Nandre Burger,2026,Rajasthan Royals
Nathan Coulter-Nile,2013,Mumbai Indians
Nathan Coulter-Nile,2014,Delhi Capitals
Nathan Coulter-Nile,2017,Kolkata Knight Riders
Nathan Coulter-Nile,2018,Royal Challengers Bengaluru
Nathan Coulter-Nile,2020,Mumbai Indians
Nathan Coulter-Nile,2021,Mumbai Indians
Nathan Coulter-Nile,2022,Rajasthan Royals
Nathan Coulter-Nile,2026,Rajasthan Royals
Nathan Ellis,2022,Punjab Kings
Nathan Ellis,2025,Chennai Super Kings
Nathan Ellis,2026,Chennai Super Kings
Nathan McCullum,2013,Sunrisers Hyderabad
Nathan McCullum,2026,Sunrisers Hyderabad
Nathu Singh,2016,Mumbai Indians
Nathu Singh,2017,Gujarat Lions
Nathu Singh,2019,Delhi Capitals
Nathu Singh,2026,Delhi Capitals
Navdeep Saini,2017,Delhi Capitals
Navdeep Saini,2018,Royal Challengers Bengaluru
Navdeep Saini,2019,Royal Challengers Bengaluru
Navdeep Saini,2020,Royal Challengers Bengaluru
Navdeep Saini,2021,Royal Challengers Bengaluru
Navdeep Saini,2022,Rajasthan Royals
Navdeep Saini,2023,Rajasthan Royals
Navdeep Saini,2026,Rajasthan Royals
Naveen Ul Haq,2023,Lucknow Super Giants
Naveen Ul Haq,2026,Lucknow Super Giants
Naveen-ul-Haq,2023,Lucknow Super Giants
Naveen-ul-Haq,2024,Lucknow Super Giants
Nehal Wadhera,2023,Mumbai Indians
Nehal Wadhera,2025,Punjab Kings
Nehal Wadhera,2026,Punjab Kings
Nic Maddinson,2014,Royal Challengers Bengaluru
Nic Maddinson,2026,Royal Challengers Bengaluru
Nicholas Pooran,2022,Sunrisers Hyderabad
Nicholas Pooran,2023,Lucknow Super Giants
Nicholas Pooran,2026,Lucknow Super Giants
Nicolas Pooran,2017,Mumbai Indians
Nicolas Pooran,2019,Punjab Kings
Nicolas Pooran,2026,Punjab Kings
Nidheesh M D Dinesan,2018,Mumbai Indians
Nidheesh M D Dinesan,2026,Mumbai Indians
Nikhil Shankar Naik,2015,Punjab Kings
Nikhil Shankar Naik,2019,Kolkata Knight Riders
Nikhil Shankar Naik,2020,Kolkata Knight Riders
Nikhil Shankar Naik,2026,Kolkata Knight Riders
Nishant Sindhu,2023,Chennai Super Kings
Nishant Sindhu,2025,Gujarat Titans
Nishant Sindhu,2026,Gujarat Titans
Nithish Kumar Reddy,2023,Sunrisers Hyderabad
Nithish Kumar Reddy,2024,Sunrisers Hyderabad
Nitish Kumar Reddy,2023,Sunrisers Hyderabad
Nitish Kumar Reddy,2026,Sunrisers Hyderabad
Nitish Rana,2015,Mumbai Indians
Nitish Rana,2018,Kolkata Knight Riders
Nitish Rana,2022,Kolkata Knight Riders
Nitish Rana,2025,Rajasthan Royals
Nitish Rana,2026,Rajasthan Royals
Noor Ahmad,2022,Gujarat Titans
Noor Ahmad,2023,Gujarat Titans
Noor Ahmad,2024,Gujarat Titans
Noor Ahmad,2025,Chennai Super Kings
Noor Ahmad,2026,Gujarat Titans
Nuwan Thushara,2024,Mumbai Indians
Nuwan Thushara,2025,Royal Challengers Bengaluru
Nuwan Thushara,2026,Royal Challengers Bengaluru
O Thomas,2019,Rajasthan Royals
OA Shah,2010,Kolkata Knight Riders
OA Shah,2011,Kochi Tuskers Kerala
OA Shah,2012,Rajasthan Royals
OA Shah,2013,Rajasthan Royals
OC McCoy,2022,Rajasthan Royals
OC McCoy,2023,Rajasthan Royals
OF Smith,2022,Punjab Kings
Obed Mccoy,2022,Rajasthan Royals
Obed Mccoy,2026,Rajasthan Royals
Odean Smith,2022,Punjab Kings
Odean Smith,2023,Gujarat Titans
Odean Smith,2026,Gujarat Titans
Onkar Tarmale,2026,Sunrisers Hyderabad
Oshane Thomas,2019,Rajasthan Royals
Oshane Thomas,2020,Rajasthan Royals
Oshane Thomas,2026,Rajasthan Royals
P Amarnath,2008,Chennai Super Kings
P Awana,2012,Punjab Kings
P Awana,2013,Punjab Kings
P Awana,2014,Punjab Kings
P Chopra,2018,Rajasthan Royals
P Dogra,2010,Rajasthan Royals
P Dogra,2012,Punjab Kings
P Dogra,2013,Kolkata Knight Riders
P Dubey,2020,Delhi Capitals
P Dubey,2023,Delhi Capitals
P Kumar,2008,Royal Challengers Bengaluru
P Kumar,2009,Royal Challengers Bengaluru
P Kumar,2010,Royal Challengers Bengaluru
P Kumar,2011,Punjab Kings
P Kumar,2012,Punjab Kings
P Kumar,2013,Punjab Kings
P Kumar,2014,Mumbai Indians
P Kumar,2015,Sunrisers Hyderabad
P Kumar,2016,Gujarat Lions
P Kumar,2017,Gujarat Lions
P Negi,2012,Delhi Capitals
P Negi,2013,Delhi Capitals
P Negi,2014,Chennai Super Kings
P Negi,2015,Chennai Super Kings
P Negi,2016,Delhi Capitals
P Negi,2017,Royal Challengers Bengaluru
P Negi,2018,Royal Challengers Bengaluru
P Negi,2019,Royal Challengers Bengaluru
P Parameswaran,2011,Kochi Tuskers Kerala
P Parameswaran,2012,Royal Challengers Bengaluru
P Prasanth,2011,Kochi Tuskers Kerala
P Ray Barman,2019,Royal Challengers Bengaluru
P Sahu,2016,Punjab Kings
P Simran Singh,2019,Punjab Kings
P Simran Singh,2020,Punjab Kings
P Simran Singh,2021,Punjab Kings
P Simran Singh,2022,Punjab Kings
P Simran Singh,2023,Punjab Kings
P Simran Singh,2024,Punjab Kings
P Suyal,2013,Mumbai Indians
P Suyal,2014,Mumbai Indians
P Suyal,2015,Mumbai Indians
PA Patel,2008,Chennai Super Kings
PA Patel,2009,Chennai Super Kings
PA Patel,2010,Chennai Super Kings
PA Patel,2011,Kochi Tuskers Kerala
PA Patel,2012,Deccan Chargers
PA Patel,2013,Sunrisers Hyderabad
PA Patel,2014,Royal Challengers Bengaluru
PA Patel,2015,Mumbai Indians
PA Patel,2016,Mumbai Indians
PA Patel,2017,Mumbai Indians
PA Patel,2018,Royal Challengers Bengaluru
PA Patel,2019,Royal Challengers Bengaluru
PA Reddy,2012,Deccan Chargers
PA Reddy,2013,Sunrisers Hyderabad
PBB Rajapaksa,2022,Punjab Kings
PBB Rajapaksa,2023,Punjab Kings
PC Valthaty,2009,Rajasthan Royals
PC Valthaty,2011,Punjab Kings
PC Valthaty,2012,Punjab Kings
PC Valthaty,2013,Punjab Kings
PD Collingwood,2010,Delhi Capitals
PD Salt,2023,Delhi Capitals
PD Salt,2024,Kolkata Knight Riders
PH Solanki,2022,Chennai Super Kings
PJ Cummins,2014,Kolkata Knight Riders
PJ Cummins,2015,Kolkata Knight Riders
PJ Cummins,2017,Delhi Capitals
PJ Cummins,2020,Kolkata Knight Riders
PJ Cummins,2021,Kolkata Knight Riders
PJ Cummins,2022,Kolkata Knight Riders
PJ Cummins,2024,Sunrisers Hyderabad
PJ Sangwan,2008,Delhi Capitals
PJ Sangwan,2009,Delhi Capitals
PJ Sangwan,2010,Delhi Capitals
PJ Sangwan,2012,Kolkata Knight Riders
PJ Sangwan,2013,Kolkata Knight Riders
PJ Sangwan,2016,Gujarat Lions
PJ Sangwan,2017,Gujarat Lions
PJ Sangwan,2018,Mumbai Indians
PJ Sangwan,2022,Gujarat Titans
PK Garg,2020,Sunrisers Hyderabad
PK Garg,2021,Sunrisers Hyderabad
PK Garg,2022,Sunrisers Hyderabad
PK Garg,2023,Delhi Capitals
PM Sarvesh Kumar,2008,Deccan Chargers
PN Mankad,2022,Punjab Kings
PN Mankad,2023,Lucknow Super Giants
PP Chawla,2008,Punjab Kings
PP Chawla,2009,Punjab Kings
PP Chawla,2010,Punjab Kings
PP Chawla,2011,Punjab Kings
PP Chawla,2012,Punjab Kings
PP Chawla,2013,Punjab Kings
PP Chawla,2014,Kolkata Knight Riders
PP Chawla,2015,Kolkata Knight Riders
PP Chawla,2016,Kolkata Knight Riders
PP Chawla,2017,Kolkata Knight Riders
PP Chawla,2018,Kolkata Knight Riders
PP Chawla,2019,Kolkata Knight Riders
PP Chawla,2020,Chennai Super Kings
PP Chawla,2021,Mumbai Indians
PP Chawla,2023,Mumbai Indians
PP Chawla,2024,Mumbai Indians
PP Ojha,2008,Deccan Chargers
PP Ojha,2009,Deccan Chargers
PP Ojha,2010,Deccan Chargers
PP Ojha,2011,Deccan Chargers
PP Ojha,2012,Mumbai Indians
PP Ojha,2013,Mumbai Indians
PP Ojha,2014,Mumbai Indians
PP Ojha,2015,Mumbai Indians
PP Shaw,2018,Delhi Capitals
PP Shaw,2019,Delhi Capitals
PP Shaw,2020,Delhi Capitals
PP Shaw,2021,Delhi Capitals
PP Shaw,2022,Delhi Capitals
PP Shaw,2023,Delhi Capitals
PP Shaw,2024,Delhi Capitals
PR Shah,2008,Mumbai Indians
PR Shah,2009,Mumbai Indians
PR Shah,2011,Rajasthan Royals
PSP Handscomb,2016,Rising Pune Supergiant
PV Tambe,2013,Rajasthan Royals
PV Tambe,2014,Rajasthan Royals
PV Tambe,2015,Rajasthan Royals
PV Tambe,2016,Gujarat Lions
PVD Chameera,2022,Lucknow Super Giants
PVD Chameera,2024,Kolkata Knight Riders
PWH de Silva,2021,Royal Challengers Bengaluru
PWH de Silva,2022,Royal Challengers Bengaluru
PWH de Silva,2023,Royal Challengers Bengaluru
Pankaj Jaswal,2019,Mumbai Indians
Pankaj Jaswal,2026,Mumbai Indians
Pankaj Singh,2008,Rajasthan Royals
Pankaj Singh,2009,Royal Challengers Bengaluru
Pankaj Singh,2010,Royal Challengers Bengaluru
Pankaj Singh,2011,Rajasthan Royals
Pankaj Singh,2012,Rajasthan Royals
Pankaj Singh,2013,Royal Challengers Bengaluru
Pankaj Singh,2026,Royal Challengers Bengaluru
Paras Dogra,2016,Gujarat Lions
Paras Dogra,2026,Gujarat Lions
Pardeep Sahu,2015,Rajasthan Royals
Pardeep Sahu,2016,Punjab Kings
Pardeep Sahu,2018,Punjab Kings
Pardeep Sahu,2026,Punjab Kings
Parthiv Patel,2014,Royal Challengers Bengaluru
Parthiv Patel,2018,Royal Challengers Bengaluru
Parthiv Patel,2026,Royal Challengers Bengaluru
Parveez Rasool,2014,Sunrisers Hyderabad
Parveez Rasool,2026,Sunrisers Hyderabad
Parvez Rasool,2013,Pune Warriors
Parvez Rasool,2014,Sunrisers Hyderabad
Parvez Rasool,2015,Sunrisers Hyderabad
Parvez Rasool,2016,Royal Challengers Bengaluru
Parvinder Awana,2014,Punjab Kings
Parvinder Awana,2026,Punjab Kings
Pat Cummins,2018,Mumbai Indians
Pat Cummins,2020,Kolkata Knight Riders
Pat Cummins,2022,Kolkata Knight Riders
Pat Cummins,2024,Sunrisers Hyderabad
Pat Cummins,2026,Sunrisers Hyderabad
Pathum Nissanka,2026,Delhi Capitals
Patrick Cummins,2014,Kolkata Knight Riders
Patrick Cummins,2017,Delhi Capitals
Patrick Cummins,2026,Delhi Capitals
Pavan Deshpande,2018,Royal Challengers Bengaluru
Pavan Deshpande,2020,Royal Challengers Bengaluru
Pavan Deshpande,2026,Royal Challengers Bengaluru
Pawan Negi,2014,Chennai Super Kings
Pawan Negi,2016,Delhi Capitals
Pawan Negi,2017,Royal Challengers Bengaluru
Pawan Negi,2018,Royal Challengers Bengaluru
Pawan Negi,2021,Kolkata Knight Riders
Pawan Negi,2026,Kolkata Knight Riders
Pawan Suyal,2014,Mumbai Indians
Pawan Suyal,2016,Delhi Capitals
Pawan Suyal,2026,Delhi Capitals
Peter Handscomb,2016,Rising Pune Supergiant
Peter Handscomb,2026,Rising Pune Supergiant
Phil Salt,2023,Delhi Capitals
Phil Salt,2025,Royal Challengers Bengaluru
Phil Salt,2026,Royal Challengers Bengaluru
Philip Hughes,2013,Mumbai Indians
Philip Hughes,2026,Mumbai Indians
Piyush Chawla,2014,Kolkata Knight Riders
Piyush Chawla,2018,Kolkata Knight Riders
Piyush Chawla,2020,Chennai Super Kings
Piyush Chawla,2021,Mumbai Indians
Piyush Chawla,2023,Mumbai Indians
Piyush Chawla,2026,Mumbai Indians
Prabhsimran Singh,2019,Punjab Kings
Prabhsimran Singh,2020,Punjab Kings
Prabhsimran Singh,2022,Punjab Kings
Prabhsimran Singh,2026,Punjab Kings
Pradeep Sangwan,2016,Gujarat Lions
Pradeep Sangwan,2018,Mumbai Indians
Pradeep Sangwan,2022,Gujarat Titans
Pradeep Sangwan,2026,Gujarat Titans
Praful Hinge,2026,Sunrisers Hyderabad
Pragyan Ojha,2014,Mumbai Indians
Pragyan Ojha,2015,Mumbai Indians
Pragyan Ojha,2026,Mumbai Indians
Prasanth Padmanabhan,2015,Sunrisers Hyderabad
Prasanth Padmanabhan,2026,Sunrisers Hyderabad
Prasanth Parameswaran,2014,Sunrisers Hyderabad
Prasanth Parameswaran,2026,Sunrisers Hyderabad
Prashant Chopra,2018,Rajasthan Royals
Prashant Chopra,2026,Rajasthan Royals
Prashant Solanki,2022,Chennai Super Kings
Prashant Solanki,2026,Kolkata Knight Riders
Prashant Veer,2026,Chennai Super Kings
Prasidh Krishna,2022,Rajasthan Royals
Prasidh Krishna,2025,Gujarat Titans
Prasidh Krishna,2026,Gujarat Titans
Pratham Singh,2017,Gujarat Lions
Pratham Singh,2022,Kolkata Knight Riders
Pratham Singh,2026,Kolkata Knight Riders
Pratyush Singh,2015,Chennai Super Kings
Pratyush Singh,2016,Delhi Capitals
Pratyush Singh,2026,Delhi Capitals
Praveen Dubey,2016,Royal Challengers Bengaluru
Praveen Dubey,2017,Royal Challengers Bengaluru
Praveen Dubey,2026,Royal Challengers Bengaluru
Praveen Kumar,2015,Sunrisers Hyderabad
Praveen Kumar,2016,Gujarat Lions
Praveen Kumar,2026,Gujarat Lions
Pravin Dubey,2022,Delhi Capitals
Pravin Dubey,2025,Punjab Kings
Pravin Dubey,2026,Punjab Kings
Pravin Tambe,2014,Rajasthan Royals
Pravin Tambe,2016,Gujarat Lions
Pravin Tambe,2017,Sunrisers Hyderabad
Pravin Tambe,2020,Kolkata Knight Riders
Pravin Tambe,2026,Kolkata Knight Riders
Prayas Ray Barman,2019,Royal Challengers Bengaluru
Prayas Ray Barman,2026,Royal Challengers Bengaluru
Prerak Mankad,2022,Punjab Kings
Prerak Mankad,2023,Lucknow Super Giants
Prerak Mankad,2026,Lucknow Super Giants
Prince Balwant Rai Singh,2020,Mumbai Indians
Prince Balwant Rai Singh,2026,Mumbai Indians
Prince Choudhary,2024,Punjab Kings
Prince Choudhary,2026,Punjab Kings
Prince Yadav,2025,Lucknow Super Giants
Prince Yadav,2026,Lucknow Super Giants
Prithvi Raj Yarra,2019,Kolkata Knight Riders
Prithvi Raj Yarra,2026,Kolkata Knight Riders
Prithvi Shaw,2018,Delhi Capitals
Prithvi Shaw,2026,Delhi Capitals
Prithviraj Yarra,2026,Gujarat Titans
Priyam Garg,2020,Sunrisers Hyderabad
Priyam Garg,2022,Sunrisers Hyderabad
Priyam Garg,2026,Sunrisers Hyderabad
Priyansh Arya,2025,Punjab Kings
Priyansh Arya,2026,Punjab Kings
Pyla Avinash,2025,Punjab Kings
Pyla Avinash,2026,Punjab Kings
Q de Kock,2013,Sunrisers Hyderabad
Q de Kock,2014,Delhi Capitals
Q de Kock,2015,Delhi Capitals
Q de Kock,2016,Delhi Capitals
Q de Kock,2018,Royal Challengers Bengaluru
Q de Kock,2019,Mumbai Indians
Q de Kock,2020,Mumbai Indians
Q de Kock,2021,Mumbai Indians
Q de Kock,2022,Lucknow Super Giants
Q de Kock,2023,Lucknow Super Giants
Q de Kock,2024,Lucknow Super Giants
Quinton De Kock,2013,Sunrisers Hyderabad
Quinton De Kock,2014,Delhi Capitals
Quinton De Kock,2018,Royal Challengers Bengaluru
Quinton De Kock,2022,Lucknow Super Giants
Quinton De Kock,2025,Kolkata Knight Riders
Quinton De Kock,2026,Mumbai Indians
R Ashwin,2009,Chennai Super Kings
R Ashwin,2010,Chennai Super Kings
R Ashwin,2011,Chennai Super Kings
R Ashwin,2012,Chennai Super Kings
R Ashwin,2013,Chennai Super Kings
R Ashwin,2014,Chennai Super Kings
R Ashwin,2015,Chennai Super Kings
R Ashwin,2016,Rising Pune Supergiant
R Ashwin,2018,Punjab Kings
R Ashwin,2019,Punjab Kings
R Ashwin,2020,Delhi Capitals
R Ashwin,2021,Delhi Capitals
R Ashwin,2022,Rajasthan Royals
R Ashwin,2023,Rajasthan Royals
R Ashwin,2024,Rajasthan Royals
R Bhatia,2008,Delhi Capitals
R Bhatia,2009,Delhi Capitals
R Bhatia,2010,Delhi Capitals
R Bhatia,2011,Kolkata Knight Riders
R Bhatia,2012,Kolkata Knight Riders
R Bhatia,2013,Kolkata Knight Riders
R Bhatia,2014,Rajasthan Royals
R Bhatia,2015,Rajasthan Royals
R Bhatia,2016,Rising Pune Supergiant
R Bhatia,2017,Rising Pune Supergiant
R Bishnoi,2009,Royal Challengers Bengaluru
R Dhawan,2013,Mumbai Indians
R Dhawan,2014,Punjab Kings
R Dhawan,2015,Punjab Kings
R Dhawan,2016,Punjab Kings
R Dhawan,2022,Punjab Kings
R Dhawan,2023,Punjab Kings
R Dhawan,2024,Punjab Kings
R Dravid,2008,Royal Challengers Bengaluru
R Dravid,2009,Royal Challengers Bengaluru
R Dravid,2010,Royal Challengers Bengaluru
R Dravid,2011,Rajasthan Royals
R Dravid,2012,Rajasthan Royals
R Dravid,2013,Rajasthan Royals
R Goyal,2023,Mumbai Indians
R McLaren,2010,Mumbai Indians
R McLaren,2011,Punjab Kings
R McLaren,2013,Kolkata Knight Riders
R Ninan,2011,Royal Challengers Bengaluru
R Parag,2019,Rajasthan Royals
R Parag,2020,Rajasthan Royals
R Parag,2021,Rajasthan Royals
R Parag,2022,Rajasthan Royals
R Parag,2023,Rajasthan Royals
R Parag,2024,Rajasthan Royals
R Powell,2022,Delhi Capitals
R Powell,2023,Delhi Capitals
R Powell,2024,Rajasthan Royals
R Rampaul,2013,Royal Challengers Bengaluru
R Rampaul,2014,Royal Challengers Bengaluru
R Ravindra,2024,Chennai Super Kings
R Sai Kishore,2022,Gujarat Titans
R Sai Kishore,2024,Gujarat Titans
R Samarth,2022,Sunrisers Hyderabad
R Samarth,2026,Sunrisers Hyderabad
R Sanjay Yadav,2022,Mumbai Indians
R Sathish,2010,Mumbai Indians
R Sathish,2011,Mumbai Indians
R Sathish,2013,Punjab Kings
R Sathish,2016,Kolkata Knight Riders
R Sharma,2010,Deccan Chargers
R Sharma,2011,Pune Warriors
R Sharma,2012,Pune Warriors
R Sharma,2013,Pune Warriors
R Sharma,2014,Delhi Capitals
R Shepherd,2022,Sunrisers Hyderabad
R Shepherd,2023,Lucknow Super Giants
R Shepherd,2024,Mumbai Indians
R Shukla,2012,Mumbai Indians
R Shukla,2013,Rajasthan Royals
R Shukla,2014,Delhi Capitals
R Tewatia,2014,Rajasthan Royals
R Tewatia,2015,Rajasthan Royals
R Tewatia,2017,Punjab Kings
R Tewatia,2018,Delhi Capitals
R Tewatia,2019,Delhi Capitals
R Tewatia,2020,Rajasthan Royals
R Tewatia,2021,Rajasthan Royals
R Tewatia,2022,Gujarat Titans
R Tewatia,2023,Gujarat Titans
R Tewatia,2024,Gujarat Titans
R Vinay Kumar,2008,Royal Challengers Bengaluru
R Vinay Kumar,2009,Royal Challengers Bengaluru
R Vinay Kumar,2010,Royal Challengers Bengaluru
R Vinay Kumar,2011,Kochi Tuskers Kerala
R Vinay Kumar,2012,Royal Challengers Bengaluru
R Vinay Kumar,2013,Royal Challengers Bengaluru
R Vinay Kumar,2014,Kolkata Knight Riders
R Vinay Kumar,2015,Mumbai Indians
R Vinay Kumar,2016,Mumbai Indians
R Vinay Kumar,2017,Mumbai Indians
R Vinay Kumar,2018,Kolkata Knight Riders
R. Ashwin,2022,Rajasthan Royals
R. Ashwin,2026,Rajasthan Royals
R. Sai Kishore,2020,Chennai Super Kings
R. Sai Kishore,2022,Gujarat Titans
R. Sai Kishore,2025,Gujarat Titans
R. Sai Kishore,2026,Gujarat Titans
R. Sanjay Yadav,2017,Kolkata Knight Riders
R. Sanjay Yadav,2026,Kolkata Knight Riders
RA Bawa,2022,Punjab Kings
RA Jadeja,2008,Rajasthan Royals
RA Jadeja,2009,Rajasthan Royals
RA Jadeja,2011,Kochi Tuskers Kerala
RA Jadeja,2012,Chennai Super Kings
RA Jadeja,2013,Chennai Super Kings
RA Jadeja,2014,Chennai Super Kings
RA Jadeja,2015,Chennai Super Kings
RA Jadeja,2016,Gujarat Lions
RA Jadeja,2017,Gujarat Lions
RA Jadeja,2018,Chennai Super Kings
RA Jadeja,2019,Chennai Super Kings
RA Jadeja,2020,Chennai Super Kings
RA Jadeja,2021,Chennai Super Kings
RA Jadeja,2022,Chennai Super Kings
RA Jadeja,2023,Chennai Super Kings
RA Jadeja,2024,Chennai Super Kings
RA Shaikh,2009,Mumbai Indians
RA Tripathi,2017,Rising Pune Supergiant
RA Tripathi,2018,Rajasthan Royals
RA Tripathi,2019,Rajasthan Royals
RA Tripathi,2020,Kolkata Knight Riders
RA Tripathi,2021,Kolkata Knight Riders
RA Tripathi,2022,Sunrisers Hyderabad
RA Tripathi,2023,Sunrisers Hyderabad
RA Tripathi,2024,Sunrisers Hyderabad
RD Chahar,2017,Rising Pune Supergiant
RD Chahar,2019,Mumbai Indians
RD Chahar,2020,Mumbai Indians
RD Chahar,2021,Mumbai Indians
RD Chahar,2022,Punjab Kings
RD Chahar,2023,Punjab Kings
RD Chahar,2024,Punjab Kings
RD Gaikwad,2020,Chennai Super Kings
RD Gaikwad,2021,Chennai Super Kings
RD Gaikwad,2022,Chennai Super Kings
RD Gaikwad,2023,Chennai Super Kings
RD Gaikwad,2024,Chennai Super Kings
RE Levi,2012,Mumbai Indians
RE van der Merwe,2009,Royal Challengers Bengaluru
RE van der Merwe,2010,Royal Challengers Bengaluru
RE van der Merwe,2011,Delhi Capitals
RE van der Merwe,2012,Delhi Capitals
RE van der Merwe,2013,Delhi Capitals
RG More,2015,Chennai Super Kings
RG Sharma,2008,Deccan Chargers
RG Sharma,2009,Deccan Chargers
RG Sharma,2010,Deccan Chargers
RG Sharma,2011,Mumbai Indians
RG Sharma,2012,Mumbai Indians
RG Sharma,2013,Mumbai Indians
RG Sharma,2014,Mumbai Indians
RG Sharma,2015,Mumbai Indians
RG Sharma,2016,Mumbai Indians
RG Sharma,2017,Mumbai Indians
RG Sharma,2018,Mumbai Indians
RG Sharma,2019,Mumbai Indians
RG Sharma,2020,Mumbai Indians
RG Sharma,2021,Mumbai Indians
RG Sharma,2022,Mumbai Indians
RG Sharma,2023,Mumbai Indians
RG Sharma,2024,Mumbai Indians
RJ Gleeson,2024,Chennai Super Kings
RJ Harris,2009,Deccan Chargers
RJ Harris,2010,Deccan Chargers
RJ Harris,2011,Punjab Kings
RJ Harris,2012,Punjab Kings
RJ Harris,2013,Punjab Kings
RJ Peterson,2012,Mumbai Indians
RJ Quiney,2009,Rajasthan Royals
RJW Topley,2023,Royal Challengers Bengaluru
RJW Topley,2024,Royal Challengers Bengaluru
RK Bhui,2018,Sunrisers Hyderabad
RK Bhui,2019,Sunrisers Hyderabad
RK Bhui,2024,Delhi Capitals
RK Singh,2018,Kolkata Knight Riders
RK Singh,2019,Kolkata Knight Riders
RK Singh,2020,Kolkata Knight Riders
RK Singh,2022,Kolkata Knight Riders
RK Singh,2023,Kolkata Knight Riders
RK Singh,2024,Kolkata Knight Riders
RM Patidar,2021,Royal Challengers Bengaluru
RM Patidar,2022,Royal Challengers Bengaluru
RM Patidar,2024,Royal Challengers Bengaluru
RN ten Doeschate,2011,Kolkata Knight Riders
RN ten Doeschate,2012,Kolkata Knight Riders
RN ten Doeschate,2013,Kolkata Knight Riders
RN ten Doeschate,2014,Kolkata Knight Riders
RN ten Doeschate,2015,Kolkata Knight Riders
RP Meredith,2021,Punjab Kings
RP Meredith,2022,Mumbai Indians
RP Meredith,2023,Mumbai Indians
RP Singh,2008,Deccan Chargers
RP Singh,2009,Deccan Chargers
RP Singh,2010,Deccan Chargers
RP Singh,2011,Kochi Tuskers Kerala
RP Singh,2012,Mumbai Indians
RP Singh,2013,Royal Challengers Bengaluru
RP Singh,2016,Rising Pune Supergiant
RR Bhatkal,2012,Royal Challengers Bengaluru
RR Bose,2009,Punjab Kings
RR Pant,2016,Delhi Capitals
RR Pant,2017,Delhi Capitals
RR Pant,2018,Delhi Capitals
RR Pant,2019,Delhi Capitals
RR Pant,2020,Delhi Capitals
RR Pant,2021,Delhi Capitals
RR Pant,2022,Delhi Capitals
RR Pant,2024,Delhi Capitals
RR Powar,2008,Punjab Kings
RR Powar,2009,Punjab Kings
RR Powar,2010,Punjab Kings
RR Powar,2011,Kochi Tuskers Kerala
RR Powar,2012,Punjab Kings
RR Raje,2008,Mumbai Indians
RR Raje,2009,Mumbai Indians
RR Rossouw,2014,Royal Challengers Bengaluru
RR Rossouw,2015,Royal Challengers Bengaluru
RR Rossouw,2023,Delhi Capitals
RR Rossouw,2024,Punjab Kings
RR Sarwan,2008,Punjab Kings
RS Bopara,2009,Punjab Kings
RS Bopara,2010,Punjab Kings
RS Bopara,2015,Sunrisers Hyderabad
RS Gavaskar,2010,Kolkata Knight Riders
RS Hangargekar,2023,Chennai Super Kings
RS Sodhi,2010,Punjab Kings
RT Ponting,2008,Kolkata Knight Riders
RT Ponting,2013,Mumbai Indians
RV Gomez,2011,Kochi Tuskers Kerala
RV Gomez,2013,Pune Warriors
RV Patel,2021,Delhi Capitals
RV Patel,2022,Delhi Capitals
RV Patel,2023,Delhi Capitals
RV Uthappa,2008,Mumbai Indians
RV Uthappa,2009,Royal Challengers Bengaluru
RV Uthappa,2010,Royal Challengers Bengaluru
RV Uthappa,2011,Pune Warriors
RV Uthappa,2012,Pune Warriors
RV Uthappa,2013,Pune Warriors
RV Uthappa,2014,Kolkata Knight Riders
RV Uthappa,2015,Kolkata Knight Riders
RV Uthappa,2016,Kolkata Knight Riders
RV Uthappa,2017,Kolkata Knight Riders
RV Uthappa,2018,Kolkata Knight Riders
RV Uthappa,2019,Kolkata Knight Riders
RV Uthappa,2020,Rajasthan Royals
RV Uthappa,2021,Chennai Super Kings
RV Uthappa,2022,Chennai Super Kings
RW Price,2011,Mumbai Indians
Rachin Ravindra,2024,Chennai Super Kings
Rachin Ravindra,2025,Chennai Super Kings
Rachin Ravindra,2026,Kolkata Knight Riders
Raghav Goyal,2023,Mumbai Indians
Raghav Goyal,2026,Mumbai Indians
Rahmanullah Gurbaz,2023,Kolkata Knight Riders
Rahmanullah Gurbaz,2024,Kolkata Knight Riders
Rahmanullah Gurbaz,2025,Kolkata Knight Riders
Rahmanullah Gurbaz,2026,Kolkata Knight Riders
Rahul Ajay Tripathi,2017,Rising Pune Supergiant
Rahul Ajay Tripathi,2026,Rising Pune Supergiant
Rahul Buddhi,2022,Mumbai Indians
Rahul Buddhi,2026,Mumbai Indians
Rahul Chahar,2017,Rising Pune Supergiant
Rahul Chahar,2018,Mumbai Indians
Rahul Chahar,2022,Punjab Kings
Rahul Chahar,2025,Sunrisers Hyderabad
Rahul Chahar,2026,Chennai Super Kings
Rahul Sharma,2014,Delhi Capitals
Rahul Sharma,2015,Chennai Super Kings
Rahul Sharma,2026,Chennai Super Kings
Rahul Shukla,2014,Delhi Capitals
Rahul Shukla,2026,Delhi Capitals
Rahul Tewatia,2014,Rajasthan Royals
Rahul Tewatia,2017,Punjab Kings
Rahul Tewatia,2018,Delhi Capitals
Rahul Tewatia,2022,Gujarat Titans
Rahul Tewatia,2026,Gujarat Titans
Rahul Tripathi,2018,Rajasthan Royals
Rahul Tripathi,2020,Kolkata Knight Riders
Rahul Tripathi,2022,Sunrisers Hyderabad
Rahul Tripathi,2025,Chennai Super Kings
Rahul Tripathi,2026,Kolkata Knight Riders
Raj Angad Bawa,2022,Punjab Kings
Raj Angad Bawa,2025,Mumbai Indians
Raj Angad Bawa,2026,Mumbai Indians
Rajagopal Sathish,2016,Kolkata Knight Riders
Rajagopal Sathish,2026,Kolkata Knight Riders
Rajan Kumar,2023,Royal Challengers Bengaluru
Rajan Kumar,2026,Royal Challengers Bengaluru
Rajat Bhatia,2014,Rajasthan Royals
Rajat Bhatia,2016,Rising Pune Supergiant
Rajat Bhatia,2026,Rising Pune Supergiant
Rajat Patidar,2021,Royal Challengers Bengaluru
Rajat Patidar,2026,Royal Challengers Bengaluru
Rajvardhan Hangargekar,2022,Chennai Super Kings
Rajvardhan Hangargekar,2025,Lucknow Super Giants
Rajvardhan Hangargekar,2026,Lucknow Super Giants
Ramakrishna Ghosh,2025,Chennai Super Kings
Ramakrishna Ghosh,2026,Chennai Super Kings
Ramandeep Singh,2022,Mumbai Indians
Ramandeep Singh,2024,Kolkata Knight Riders
Ramandeep Singh,2026,Kolkata Knight Riders
Ramesh Kumar,2022,Kolkata Knight Riders
Ramesh Kumar,2026,Kolkata Knight Riders
Ranganath Vinay Kumar,2014,Kolkata Knight Riders
Ranganath Vinay Kumar,2018,Kolkata Knight Riders
Ranganath Vinay Kumar,2026,Kolkata Knight Riders
Rashid Khan,2017,Sunrisers Hyderabad
Rashid Khan,2018,Sunrisers Hyderabad
Rashid Khan,2019,Sunrisers Hyderabad
Rashid Khan,2020,Sunrisers Hyderabad
Rashid Khan,2021,Sunrisers Hyderabad
Rashid Khan,2022,Gujarat Titans
Rashid Khan,2023,Gujarat Titans
Rashid Khan,2024,Gujarat Titans
Rashid Khan Arman,2017,Sunrisers Hyderabad
Rashid Khan Arman,2018,Sunrisers Hyderabad
Rashid Khan Arman,2026,Sunrisers Hyderabad
Rasikh Dar,2019,Mumbai Indians
Rasikh Dar,2022,Kolkata Knight Riders
Rasikh Dar,2024,Delhi Capitals
Rasikh Dar,2025,Royal Challengers Bengaluru
Rasikh Dar,2026,Royal Challengers Bengaluru
Rasikh Salam,2019,Mumbai Indians
Rasikh Salam,2022,Kolkata Knight Riders
Rasikh Salam,2024,Delhi Capitals
Rassie Van Der Dussen,2022,Rajasthan Royals
Rassie Van Der Dussen,2026,Rajasthan Royals
Ravi Bishnoi,2020,Punjab Kings
Ravi Bishnoi,2021,Punjab Kings
Ravi Bishnoi,2022,Lucknow Super Giants
Ravi Bishnoi,2023,Lucknow Super Giants
Ravi Bishnoi,2024,Lucknow Super Giants
Ravi Bishnoi,2026,Rajasthan Royals
Ravi Bopara,2015,Sunrisers Hyderabad
Ravi Bopara,2026,Sunrisers Hyderabad
Ravi Rampaul,2013,Royal Challengers Bengaluru
Ravi Rampaul,2014,Royal Challengers Bengaluru
Ravi Rampaul,2026,Royal Challengers Bengaluru
Ravi Singh,2026,Rajasthan Royals
Ravichandaran Ashwin,2025,Chennai Super Kings
Ravichandaran Ashwin,2026,Chennai Super Kings
Ravichandran Ashwin,2018,Punjab Kings
Ravichandran Ashwin,2026,Punjab Kings
Reece Topley,2023,Royal Challengers Bengaluru
Reece Topley,2025,Mumbai Indians
Reece Topley,2026,Mumbai Indians
Ricky Bhui,2014,Sunrisers Hyderabad
Ricky Bhui,2018,Sunrisers Hyderabad
Ricky Bhui,2024,Delhi Capitals
Ricky Bhui,2026,Delhi Capitals
Ricky Ponting,2013,Mumbai Indians
Ricky Ponting,2026,Mumbai Indians
Rilee Rossouw,2023,Delhi Capitals
Rilee Rossouw,2024,Punjab Kings
Rilee Rossouw,2026,Punjab Kings
Riley Meredith,2021,Punjab Kings
Riley Meredith,2022,Mumbai Indians
Riley Meredith,2026,Mumbai Indians
Rinku Singh,2017,Punjab Kings
Rinku Singh,2018,Kolkata Knight Riders
Rinku Singh,2022,Kolkata Knight Riders
Rinku Singh,2026,Kolkata Knight Riders
Ripal Patel,2021,Delhi Capitals
Ripal Patel,2022,Delhi Capitals
Ripal Patel,2026,Delhi Capitals
Rishabh Pant,2016,Delhi Capitals
Rishabh Pant,2025,Lucknow Super Giants
Rishabh Pant,2026,Lucknow Super Giants
Rishi Dhawan,2014,Punjab Kings
Rishi Dhawan,2017,Kolkata Knight Riders
Rishi Dhawan,2022,Punjab Kings
Rishi Dhawan,2026,Punjab Kings
Riyan Parag,2019,Rajasthan Royals
Riyan Parag,2022,Rajasthan Royals
Riyan Parag,2026,Rajasthan Royals
Robin Minz,2024,Gujarat Titans
Robin Minz,2025,Mumbai Indians
Robin Minz,2026,Mumbai Indians
Robin Uthappa,2014,Kolkata Knight Riders
Robin Uthappa,2018,Kolkata Knight Riders
Robin Uthappa,2020,Rajasthan Royals
Robin Uthappa,2022,Chennai Super Kings
Robin Uthappa,2026,Chennai Super Kings
Romario Shepherd,2022,Sunrisers Hyderabad
Romario Shepherd,2023,Lucknow Super Giants
Romario Shepherd,2025,Royal Challengers Bengaluru
Romario Shepherd,2026,Royal Challengers Bengaluru
Ronit More,2014,Chennai Super Kings
Ronit More,2026,Chennai Super Kings
Ross Taylor,2014,Delhi Capitals
Ross Taylor,2026,Delhi Capitals
Rovman Powell,2017,Kolkata Knight Riders
Rovman Powell,2022,Delhi Capitals
Rovman Powell,2024,Rajasthan Royals
Rovman Powell,2025,Kolkata Knight Riders
Rovman Powell,2026,Kolkata Knight Riders
Rudra Pratap Singh,2013,Royal Challengers Bengaluru
Rudra Pratap Singh,2016,Rising Pune Supergiant
Rudra Pratap Singh,2026,Rising Pune Supergiant
Ruturaj Gaikwad,2019,Chennai Super Kings
Ruturaj Gaikwad,2026,Chennai Super Kings
Ryan McLaren,2013,Kolkata Knight Riders
Ryan McLaren,2026,Kolkata Knight Riders
Ryan Rickelton,2025,Mumbai Indians
Ryan Rickelton,2026,Mumbai Indians
Ryan Ten Doeschate,2014,Kolkata Knight Riders
Ryan Ten Doeschate,2026,Kolkata Knight Riders
S Anirudha,2008,Chennai Super Kings
S Anirudha,2010,Chennai Super Kings
S Anirudha,2011,Chennai Super Kings
S Anirudha,2012,Chennai Super Kings
S Anirudha,2013,Chennai Super Kings
S Anirudha,2014,Sunrisers Hyderabad
S Aravind,2011,Royal Challengers Bengaluru
S Aravind,2012,Royal Challengers Bengaluru
S Aravind,2015,Royal Challengers Bengaluru
S Aravind,2016,Royal Challengers Bengaluru
S Aravind,2017,Royal Challengers Bengaluru
S Badree,2013,Rajasthan Royals
S Badree,2014,Chennai Super Kings
S Badree,2017,Royal Challengers Bengaluru
S Badrinath,2008,Chennai Super Kings
S Badrinath,2009,Chennai Super Kings
S Badrinath,2010,Chennai Super Kings
S Badrinath,2011,Chennai Super Kings
S Badrinath,2012,Chennai Super Kings
S Badrinath,2013,Chennai Super Kings
S Chanderpaul,2008,Royal Challengers Bengaluru
S Dhawan,2008,Delhi Capitals
S Dhawan,2009,Mumbai Indians
S Dhawan,2010,Mumbai Indians
S Dhawan,2011,Deccan Chargers
S Dhawan,2012,Deccan Chargers
S Dhawan,2013,Sunrisers Hyderabad
S Dhawan,2014,Sunrisers Hyderabad
S Dhawan,2015,Sunrisers Hyderabad
S Dhawan,2016,Sunrisers Hyderabad
S Dhawan,2017,Sunrisers Hyderabad
S Dhawan,2018,Sunrisers Hyderabad
S Dhawan,2019,Delhi Capitals
S Dhawan,2020,Delhi Capitals
S Dhawan,2021,Delhi Capitals
S Dhawan,2022,Punjab Kings
S Dhawan,2023,Punjab Kings
S Dhawan,2024,Punjab Kings
S Dube,2019,Royal Challengers Bengaluru
S Dube,2020,Royal Challengers Bengaluru
S Dube,2021,Rajasthan Royals
S Dube,2022,Chennai Super Kings
S Dube,2023,Chennai Super Kings
S Dube,2024,Chennai Super Kings
S Gopal,2014,Mumbai Indians
S Gopal,2015,Mumbai Indians
S Gopal,2016,Mumbai Indians
S Gopal,2018,Rajasthan Royals
S Gopal,2019,Rajasthan Royals
S Gopal,2020,Rajasthan Royals
S Gopal,2021,Rajasthan Royals
S Gopal,2022,Sunrisers Hyderabad
S Gopal,2024,Mumbai Indians
S Joseph,2024,Lucknow Super Giants
S Kaul,2013,Delhi Capitals
S Kaul,2014,Delhi Capitals
S Kaul,2017,Sunrisers Hyderabad
S Kaul,2018,Sunrisers Hyderabad
S Kaul,2019,Sunrisers Hyderabad
S Kaul,2020,Sunrisers Hyderabad
S Kaul,2021,Sunrisers Hyderabad
S Kaul,2022,Royal Challengers Bengaluru
S Kaushik,2016,Gujarat Lions
S Kaushik,2017,Gujarat Lions
S Ladda,2010,Delhi Capitals
S Ladda,2011,Kolkata Knight Riders
S Ladda,2013,Kolkata Knight Riders
S Ladda,2016,Gujarat Lions
S Lamichhane,2018,Delhi Capitals
S Lamichhane,2019,Delhi Capitals
S Midhun,2019,Rajasthan Royals
S Nadeem,2011,Delhi Capitals
S Nadeem,2012,Delhi Capitals
S Nadeem,2013,Delhi Capitals
S Nadeem,2014,Delhi Capitals
S Nadeem,2015,Delhi Capitals
S Nadeem,2016,Delhi Capitals
S Nadeem,2017,Delhi Capitals
S Nadeem,2018,Delhi Capitals
S Nadeem,2019,Sunrisers Hyderabad
S Nadeem,2020,Sunrisers Hyderabad
S Nadeem,2021,Sunrisers Hyderabad
S Narwal,2010,Rajasthan Royals
S Narwal,2013,Kolkata Knight Riders
S Rana,2011,Pune Warriors
S Rana,2014,Royal Challengers Bengaluru
S Randiv,2011,Chennai Super Kings
S Sandeep Warrier,2019,Kolkata Knight Riders
S Sandeep Warrier,2020,Kolkata Knight Riders
S Sandeep Warrier,2021,Kolkata Knight Riders
S Sandeep Warrier,2024,Gujarat Titans
S Sohal,2008,Punjab Kings
S Sohal,2009,Punjab Kings
S Sohal,2011,Deccan Chargers
S Sreesanth,2008,Punjab Kings
S Sreesanth,2009,Punjab Kings
S Sreesanth,2010,Punjab Kings
S Sreesanth,2011,Kochi Tuskers Kerala
S Sreesanth,2013,Rajasthan Royals
S Sriram,2010,Royal Challengers Bengaluru
S Sriram,2011,Delhi Capitals
S Tyagi,2009,Chennai Super Kings
S Tyagi,2010,Chennai Super Kings
S Vidyut,2008,Chennai Super Kings
SA Abbott,2015,Royal Challengers Bengaluru
SA Abbott,2022,Sunrisers Hyderabad
SA Asnodkar,2008,Rajasthan Royals
SA Asnodkar,2009,Rajasthan Royals
SA Asnodkar,2010,Rajasthan Royals
SA Asnodkar,2011,Rajasthan Royals
SA Yadav,2012,Mumbai Indians
SA Yadav,2014,Kolkata Knight Riders
SA Yadav,2015,Kolkata Knight Riders
SA Yadav,2016,Kolkata Knight Riders
SA Yadav,2017,Kolkata Knight Riders
SA Yadav,2018,Mumbai Indians
SA Yadav,2019,Mumbai Indians
SA Yadav,2020,Mumbai Indians
SA Yadav,2021,Mumbai Indians
SA Yadav,2022,Mumbai Indians
SA Yadav,2023,Mumbai Indians
SA Yadav,2024,Mumbai Indians
SB Bangar,2008,Deccan Chargers
SB Bangar,2009,Kolkata Knight Riders
SB Dubey,2024,Rajasthan Royals
SB Jakati,2009,Chennai Super Kings
SB Jakati,2010,Chennai Super Kings
SB Jakati,2011,Chennai Super Kings
SB Jakati,2012,Chennai Super Kings
SB Jakati,2014,Royal Challengers Bengaluru
SB Jakati,2016,Gujarat Lions
SB Jakati,2017,Gujarat Lions
SB Joshi,2008,Royal Challengers Bengaluru
SB Styris,2008,Deccan Chargers
SB Styris,2009,Deccan Chargers
SB Styris,2011,Chennai Super Kings
SB Wagh,2010,Rajasthan Royals
SB Wagh,2011,Pune Warriors
SC Ganguly,2008,Kolkata Knight Riders
SC Ganguly,2009,Kolkata Knight Riders
SC Ganguly,2010,Kolkata Knight Riders
SC Ganguly,2011,Pune Warriors
SC Ganguly,2012,Pune Warriors
SC Kuggeleijn,2019,Chennai Super Kings
SD Chitnis,2008,Mumbai Indians
SD Chitnis,2009,Rajasthan Royals
SD Chitnis,2011,Punjab Kings
SD Chitnis,2012,Punjab Kings
SD Hope,2024,Delhi Capitals
SD Lad,2019,Mumbai Indians
SE Bond,2010,Kolkata Knight Riders
SE Marsh,2008,Punjab Kings
SE Marsh,2010,Punjab Kings
SE Marsh,2011,Punjab Kings
SE Marsh,2012,Punjab Kings
SE Marsh,2013,Punjab Kings
SE Marsh,2014,Punjab Kings
SE Marsh,2015,Punjab Kings
SE Marsh,2016,Punjab Kings
SE Marsh,2017,Punjab Kings
SE Rutherford,2019,Delhi Capitals
SE Rutherford,2022,Royal Challengers Bengaluru
SH Johnson,2024,Gujarat Titans
SJ Srivastava,2010,Punjab Kings
SJ Srivastava,2011,Punjab Kings
SK Raina,2008,Chennai Super Kings
SK Raina,2009,Chennai Super Kings
SK Raina,2010,Chennai Super Kings
SK Raina,2011,Chennai Super Kings
SK Raina,2012,Chennai Super Kings
SK Raina,2013,Chennai Super Kings
SK Raina,2014,Chennai Super Kings
SK Raina,2015,Chennai Super Kings
SK Raina,2016,Gujarat Lions
SK Raina,2017,Gujarat Lions
SK Raina,2018,Chennai Super Kings
SK Raina,2019,Chennai Super Kings
SK Raina,2021,Chennai Super Kings
SK Trivedi,2008,Rajasthan Royals
SK Trivedi,2009,Rajasthan Royals
SK Trivedi,2010,Rajasthan Royals
SK Trivedi,2011,Rajasthan Royals
SK Trivedi,2012,Rajasthan Royals
SK Trivedi,2013,Rajasthan Royals
SK Warne,2008,Rajasthan Royals
SK Warne,2009,Rajasthan Royals
SK Warne,2010,Rajasthan Royals
SK Warne,2011,Rajasthan Royals
SL Malinga,2009,Mumbai Indians
SL Malinga,2010,Mumbai Indians
SL Malinga,2011,Mumbai Indians
SL Malinga,2012,Mumbai Indians
SL Malinga,2013,Mumbai Indians
SL Malinga,2014,Mumbai Indians
SL Malinga,2015,Mumbai Indians
SL Malinga,2017,Mumbai Indians
SL Malinga,2019,Mumbai Indians
SM Boland,2016,Rising Pune Supergiant
SM Curran,2019,Punjab Kings
SM Curran,2020,Chennai Super Kings
SM Curran,2021,Chennai Super Kings
SM Curran,2023,Punjab Kings
SM Curran,2024,Punjab Kings
SM Harwood,2009,Rajasthan Royals
SM Katich,2008,Punjab Kings
SM Katich,2009,Punjab Kings
SM Pollock,2008,Mumbai Indians
SMSM Senanayake,2013,Kolkata Knight Riders
SN Khan,2015,Royal Challengers Bengaluru
SN Khan,2016,Royal Challengers Bengaluru
SN Khan,2018,Royal Challengers Bengaluru
SN Khan,2019,Punjab Kings
SN Khan,2020,Punjab Kings
SN Khan,2021,Punjab Kings
SN Khan,2022,Delhi Capitals
SN Khan,2023,Delhi Capitals
SN Thakur,2015,Punjab Kings
SN Thakur,2017,Rising Pune Supergiant
SN Thakur,2018,Chennai Super Kings
SN Thakur,2019,Chennai Super Kings
SN Thakur,2020,Chennai Super Kings
SN Thakur,2021,Chennai Super Kings
SN Thakur,2022,Delhi Capitals
SN Thakur,2023,Kolkata Knight Riders
SN Thakur,2024,Chennai Super Kings
SO Hetmyer,2019,Royal Challengers Bengaluru
SO Hetmyer,2020,Delhi Capitals
SO Hetmyer,2021,Delhi Capitals
SO Hetmyer,2022,Rajasthan Royals
SO Hetmyer,2023,Rajasthan Royals
SO Hetmyer,2024,Rajasthan Royals
SP Fleming,2008,Chennai Super Kings
SP Goswami,2008,Royal Challengers Bengaluru
SP Goswami,2009,Royal Challengers Bengaluru
SP Goswami,2010,Royal Challengers Bengaluru
SP Goswami,2011,Kolkata Knight Riders
SP Goswami,2012,Rajasthan Royals
SP Goswami,2018,Sunrisers Hyderabad
SP Goswami,2020,Sunrisers Hyderabad
SP Jackson,2017,Kolkata Knight Riders
SP Jackson,2022,Kolkata Knight Riders
SP Narine,2012,Kolkata Knight Riders
SP Narine,2013,Kolkata Knight Riders
SP Narine,2014,Kolkata Knight Riders
SP Narine,2015,Kolkata Knight Riders
SP Narine,2016,Kolkata Knight Riders
SP Narine,2017,Kolkata Knight Riders
SP Narine,2018,Kolkata Knight Riders
SP Narine,2019,Kolkata Knight Riders
SP Narine,2020,Kolkata Knight Riders
SP Narine,2021,Kolkata Knight Riders
SP Narine,2022,Kolkata Knight Riders
SP Narine,2023,Kolkata Knight Riders
SP Narine,2024,Kolkata Knight Riders
SPD Smith,2012,Pune Warriors
SPD Smith,2013,Pune Warriors
SPD Smith,2014,Rajasthan Royals
SPD Smith,2015,Rajasthan Royals
SPD Smith,2016,Rising Pune Supergiant
SPD Smith,2017,Rising Pune Supergiant
SPD Smith,2019,Rajasthan Royals
SPD Smith,2020,Rajasthan Royals
SPD Smith,2021,Delhi Capitals
SR Tendulkar,2008,Mumbai Indians
SR Tendulkar,2009,Mumbai Indians
SR Tendulkar,2010,Mumbai Indians
SR Tendulkar,2011,Mumbai Indians
SR Tendulkar,2012,Mumbai Indians
SR Tendulkar,2013,Mumbai Indians
SR Watson,2008,Rajasthan Royals
SR Watson,2010,Rajasthan Royals
SR Watson,2011,Rajasthan Royals
SR Watson,2012,Rajasthan Royals
SR Watson,2013,Rajasthan Royals
SR Watson,2014,Rajasthan Royals
SR Watson,2015,Rajasthan Royals
SR Watson,2016,Royal Challengers Bengaluru
SR Watson,2017,Royal Challengers Bengaluru
SR Watson,2018,Chennai Super Kings
SR Watson,2019,Chennai Super Kings
SR Watson,2020,Chennai Super Kings
SS Agarwal,2017,Gujarat Lions
SS Cottrell,2020,Punjab Kings
SS Iyer,2015,Delhi Capitals
SS Iyer,2016,Delhi Capitals
SS Iyer,2017,Delhi Capitals
SS Iyer,2018,Delhi Capitals
SS Iyer,2019,Delhi Capitals
SS Iyer,2020,Delhi Capitals
SS Iyer,2021,Delhi Capitals
SS Iyer,2022,Kolkata Knight Riders
SS Iyer,2024,Kolkata Knight Riders
SS Mundhe,2011,Pune Warriors
SS Prabhudessai,2022,Royal Challengers Bengaluru
SS Prabhudessai,2023,Royal Challengers Bengaluru
SS Prabhudessai,2024,Royal Challengers Bengaluru
SS Sarkar,2009,Kolkata Knight Riders
SS Shaikh,2009,Kolkata Knight Riders
SS Tiwary,2008,Mumbai Indians
SS Tiwary,2009,Mumbai Indians
SS Tiwary,2010,Mumbai Indians
SS Tiwary,2011,Royal Challengers Bengaluru
SS Tiwary,2012,Royal Challengers Bengaluru
SS Tiwary,2013,Royal Challengers Bengaluru
SS Tiwary,2015,Delhi Capitals
SS Tiwary,2016,Rising Pune Supergiant
SS Tiwary,2017,Mumbai Indians
SS Tiwary,2020,Mumbai Indians
SS Tiwary,2021,Mumbai Indians
SSB Magala,2023,Chennai Super Kings
ST Jayasuriya,2008,Mumbai Indians
ST Jayasuriya,2009,Mumbai Indians
ST Jayasuriya,2010,Mumbai Indians
STR Binny,2010,Mumbai Indians
STR Binny,2011,Rajasthan Royals
STR Binny,2012,Rajasthan Royals
STR Binny,2013,Rajasthan Royals
STR Binny,2014,Rajasthan Royals
STR Binny,2015,Rajasthan Royals
STR Binny,2016,Royal Challengers Bengaluru
STR Binny,2017,Royal Challengers Bengaluru
STR Binny,2018,Rajasthan Royals
STR Binny,2019,Rajasthan Royals
SV Samson,2013,Rajasthan Royals
SV Samson,2014,Rajasthan Royals
SV Samson,2015,Rajasthan Royals
SV Samson,2016,Delhi Capitals
SV Samson,2017,Delhi Capitals
SV Samson,2018,Rajasthan Royals
SV Samson,2019,Rajasthan Royals
SV Samson,2020,Rajasthan Royals
SV Samson,2021,Rajasthan Royals
SV Samson,2022,Rajasthan Royals
SV Samson,2023,Rajasthan Royals
SV Samson,2024,Rajasthan Royals
SW Billings,2016,Delhi Capitals
SW Billings,2017,Delhi Capitals
SW Billings,2018,Chennai Super Kings
SW Billings,2019,Chennai Super Kings
SW Billings,2022,Kolkata Knight Riders
SW Tait,2010,Rajasthan Royals
SW Tait,2011,Rajasthan Royals
SW Tait,2012,Rajasthan Royals
SW Tait,2013,Rajasthan Royals
SZ Mulani,2024,Mumbai Indians
Sachin Baby,2013,Rajasthan Royals
Sachin Baby,2016,Royal Challengers Bengaluru
Sachin Baby,2017,Royal Challengers Bengaluru
Sachin Baby,2018,Sunrisers Hyderabad
Sachin Baby,2021,Royal Challengers Bengaluru
Sachin Baby,2025,Sunrisers Hyderabad
Sachin Baby,2026,Sunrisers Hyderabad
Sachin Rana,2014,Royal Challengers Bengaluru
Sachin Rana,2026,Royal Challengers Bengaluru
Sachithra Senanayaka,2013,Kolkata Knight Riders
Sachithra Senanayaka,2026,Kolkata Knight Riders
Sagar Trivedi,2015,Rajasthan Royals
Sagar Trivedi,2026,Rajasthan Royals
Sahil Parakh,2026,Delhi Capitals
Sakib Hussain,2024,Kolkata Knight Riders
Sakib Hussain,2026,Sunrisers Hyderabad
Salil Arora,2026,Sunrisers Hyderabad
Salman Butt,2008,Kolkata Knight Riders
Sam Billings,2016,Delhi Capitals
Sam Billings,2018,Chennai Super Kings
Sam Billings,2021,Delhi Capitals
Sam Billings,2022,Kolkata Knight Riders
Sam Billings,2026,Kolkata Knight Riders
Sam Curran,2019,Punjab Kings
Sam Curran,2020,Chennai Super Kings
Sam Curran,2023,Punjab Kings
Sam Curran,2025,Chennai Super Kings
Sam Curran,2026,Chennai Super Kings
Samarth Vyas,2023,Sunrisers Hyderabad
Samarth Vyas,2026,Sunrisers Hyderabad
Sameer Rizvi,2024,Chennai Super Kings
Sameer Rizvi,2025,Delhi Capitals
Sameer Rizvi,2026,Delhi Capitals
Samuel Badree,2014,Chennai Super Kings
Samuel Badree,2016,Royal Challengers Bengaluru
Samuel Badree,2026,Royal Challengers Bengaluru
Sandeep Bavanaka,2020,Sunrisers Hyderabad
Sandeep Bavanaka,2026,Sunrisers Hyderabad
Sandeep Lamichhane,2018,Delhi Capitals
Sandeep Lamichhane,2026,Delhi Capitals
Sandeep Sharma,2013,Punjab Kings
Sandeep Sharma,2014,Punjab Kings
Sandeep Sharma,2015,Punjab Kings
Sandeep Sharma,2016,Punjab Kings
Sandeep Sharma,2017,Punjab Kings
Sandeep Sharma,2018,Sunrisers Hyderabad
Sandeep Sharma,2019,Sunrisers Hyderabad
Sandeep Sharma,2020,Sunrisers Hyderabad
Sandeep Sharma,2021,Sunrisers Hyderabad
Sandeep Sharma,2022,Punjab Kings
Sandeep Sharma,2023,Rajasthan Royals
Sandeep Sharma,2024,Rajasthan Royals
Sandeep Sharma,2026,Punjab Kings
Sandeep Warrier,2014,Royal Challengers Bengaluru
Sandeep Warrier,2026,Royal Challengers Bengaluru
Sanjay Yadav,2020,Sunrisers Hyderabad
Sanjay Yadav,2022,Mumbai Indians
Sanjay Yadav,2026,Mumbai Indians
Sanju Samson,2016,Delhi Capitals
Sanju Samson,2018,Rajasthan Royals
Sanju Samson,2026,Rajasthan Royals
Sanvir Singh,2023,Sunrisers Hyderabad
Sanvir Singh,2024,Sunrisers Hyderabad
Sanvir Singh,2026,Sunrisers Hyderabad
Sarabjit Ladda,2016,Gujarat Lions
Sarabjit Ladda,2026,Gujarat Lions
Sarfaraz Khan,2022,Delhi Capitals
Sarfaraz Khan,2026,Chennai Super Kings
Sarfaraz Naushad Khan,2015,Royal Challengers Bengaluru
Sarfaraz Naushad Khan,2019,Punjab Kings
Sarfaraz Naushad Khan,2026,Punjab Kings
Sarthak Ranjan,2026,Kolkata Knight Riders
Satvik Deswal,2026,Royal Challengers Bengaluru
Saurabh Dubey,2022,Sunrisers Hyderabad
Saurabh Dubey,2026,Sunrisers Hyderabad
Saurabh Kumar,2017,Rising Pune Supergiant
Saurabh Kumar,2021,Punjab Kings
Saurabh Kumar,2026,Punjab Kings
Saurabh Tiwary,2014,Delhi Capitals
Saurabh Tiwary,2017,Mumbai Indians
Saurabh Tiwary,2018,Mumbai Indians
Saurabh Tiwary,2020,Mumbai Indians
Saurabh Tiwary,2026,Mumbai Indians
Saurav Chauhan,2024,Royal Challengers Bengaluru
Saurav Chuahan,2024,Royal Challengers Bengaluru
Saurav Chuahan,2026,Royal Challengers Bengaluru
Sayan Ghosh,2017,Kolkata Knight Riders
Sayan Ghosh,2018,Delhi Capitals
Sayan Ghosh,2026,Delhi Capitals
Sayan Sekhar Mandal,2014,Kolkata Knight Riders
Sayan Sekhar Mandal,2026,Kolkata Knight Riders
Scott Boland,2016,Rising Pune Supergiant
Scott Boland,2026,Rising Pune Supergiant
Sean Abbott,2015,Royal Challengers Bengaluru
Sean Abbott,2022,Sunrisers Hyderabad
Sean Abbott,2026,Sunrisers Hyderabad
Shadab Jakati,2014,Royal Challengers Bengaluru
Shadab Jakati,2016,Gujarat Lions
Shadab Jakati,2026,Gujarat Lions
Shahbaz Ahamad,2020,Royal Challengers Bengaluru
Shahbaz Ahamad,2022,Royal Challengers Bengaluru
Shahbaz Ahamad,2025,Lucknow Super Giants
Shahbaz Ahamad,2026,Lucknow Super Giants
Shahbaz Ahmed,2020,Royal Challengers Bengaluru
Shahbaz Ahmed,2021,Royal Challengers Bengaluru
Shahbaz Ahmed,2022,Royal Challengers Bengaluru
Shahbaz Ahmed,2023,Royal Challengers Bengaluru
Shahbaz Ahmed,2024,Sunrisers Hyderabad
Shahbaz Nadeem,2014,Delhi Capitals
Shahbaz Nadeem,2018,Delhi Capitals
Shahbaz Nadeem,2022,Lucknow Super Giants
Shahbaz Nadeem,2026,Lucknow Super Giants
Shahid Afridi,2008,Deccan Chargers
Shahrukh Khan,2021,Punjab Kings
Shahrukh Khan,2022,Punjab Kings
Shahrukh Khan,2024,Gujarat Titans
Shahrukh Khan,2026,Gujarat Titans
Shai Hope,2024,Delhi Capitals
Shai Hope,2026,Delhi Capitals
Shaik Rasheed,2023,Chennai Super Kings
Shaik Rasheed,2025,Chennai Super Kings
Shaik Rasheed,2026,Chennai Super Kings
Shakib Al Hasan,2011,Kolkata Knight Riders
Shakib Al Hasan,2012,Kolkata Knight Riders
Shakib Al Hasan,2014,Kolkata Knight Riders
Shakib Al Hasan,2015,Kolkata Knight Riders
Shakib Al Hasan,2016,Kolkata Knight Riders
Shakib Al Hasan,2017,Kolkata Knight Riders
Shakib Al Hasan,2018,Sunrisers Hyderabad
Shakib Al Hasan,2019,Sunrisers Hyderabad
Shakib Al Hasan,2021,Kolkata Knight Riders
Shakib Al Hasan,2023,Kolkata Knight Riders
Shakib Al Hasan,2026,Kolkata Knight Riders
Shamar Joseph,2025,Lucknow Super Giants
Shamar Joseph,2026,Lucknow Super Giants
Shams Mulani,2023,Mumbai Indians
Shams Mulani,2026,Mumbai Indians
Shane Watson,2016,Royal Challengers Bengaluru
Shane Watson,2018,Chennai Super Kings
Shane Watson,2026,Chennai Super Kings
Sharad Lumba,2018,Mumbai Indians
Sharad Lumba,2026,Mumbai Indians
Shardul Narendra Thakur,2014,Punjab Kings
Shardul Narendra Thakur,2018,Chennai Super Kings
Shardul Narendra Thakur,2026,Chennai Super Kings
Shardul Thakur,2022,Delhi Capitals
Shardul Thakur,2024,Chennai Super Kings
Shardul Thakur,2026,Chennai Super Kings
Shashank Singh,2017,Delhi Capitals
Shashank Singh,2019,Rajasthan Royals
Shashank Singh,2022,Sunrisers Hyderabad
Shashank Singh,2024,Punjab Kings
Shashank Singh,2026,Punjab Kings
Shaun Marsh,2014,Punjab Kings
Shaun Marsh,2026,Punjab Kings
Sheldon Cottrell,2020,Punjab Kings
Sheldon Cottrell,2026,Punjab Kings
Sheldon Jackson,2015,Kolkata Knight Riders
Sheldon Jackson,2021,Kolkata Knight Riders
Sheldon Jackson,2022,Kolkata Knight Riders
Sheldon Jackson,2026,Kolkata Knight Riders
Shelley Shaurya,2017,Gujarat Lions
Shelley Shaurya,2026,Gujarat Lions
Sherfane Rutherford,2019,Delhi Capitals
Sherfane Rutherford,2022,Royal Challengers Bengaluru
Sherfane Rutherford,2024,Kolkata Knight Riders
Sherfane Rutherford,2025,Gujarat Titans
Sherfane Rutherford,2026,Gujarat Titans
Shikhar Dhawan,2018,Sunrisers Hyderabad
Shikhar Dhawan,2022,Punjab Kings
Shikhar Dhawan,2026,Punjab Kings
Shimron Hetmyer,2019,Royal Challengers Bengaluru
Shimron Hetmyer,2020,Delhi Capitals
Shimron Hetmyer,2022,Rajasthan Royals
Shimron Hetmyer,2026,Rajasthan Royals
Shishir Bhavane,2015,Royal Challengers Bengaluru
Shishir Bhavane,2026,Royal Challengers Bengaluru
Shivalik Sharma,2024,Mumbai Indians
Shivalik Sharma,2026,Mumbai Indians
Shivam Dube,2019,Royal Challengers Bengaluru
Shivam Dube,2021,Rajasthan Royals
Shivam Dube,2022,Chennai Super Kings
Shivam Dube,2026,Chennai Super Kings
Shivam Mavi,2018,Kolkata Knight Riders
Shivam Mavi,2020,Kolkata Knight Riders
Shivam Mavi,2021,Kolkata Knight Riders
Shivam Mavi,2022,Kolkata Knight Riders
Shivam Mavi,2023,Gujarat Titans
Shivam Mavi,2024,Lucknow Super Giants
Shivam Mavi,2026,Sunrisers Hyderabad
Shivam Sharma,2014,Punjab Kings
Shivam Sharma,2015,Punjab Kings
Shivam Sharma,2026,Punjab Kings
Shivam Singh,2023,Punjab Kings
Shivam Singh,2024,Punjab Kings
Shivam Singh,2026,Punjab Kings
Shivang Kumar,2026,Sunrisers Hyderabad
Shivil Kaushik,2016,Gujarat Lions
Shivil Kaushik,2026,Gujarat Lions
Shoaib Ahmed,2009,Deccan Chargers
Shoaib Akhtar,2008,Kolkata Knight Riders
Shoaib Malik,2008,Delhi Capitals
Shreevats Goswami,2018,Sunrisers Hyderabad
Shreevats Goswami,2026,Sunrisers Hyderabad
Shreyas Gopal,2014,Mumbai Indians
Shreyas Gopal,2018,Rajasthan Royals
Shreyas Gopal,2022,Sunrisers Hyderabad
Shreyas Gopal,2024,Mumbai Indians
Shreyas Gopal,2025,Chennai Super Kings
Shreyas Gopal,2026,Chennai Super Kings
Shreyas Iyer,2015,Delhi Capitals
Shreyas Iyer,2022,Kolkata Knight Riders
Shreyas Iyer,2025,Punjab Kings
Shreyas Iyer,2026,Punjab Kings
Shrijith Krishnan,2025,Mumbai Indians
Shrijith Krishnan,2026,Mumbai Indians
Shrikant Mundhe,2019,Kolkata Knight Riders
Shrikant Mundhe,2026,Kolkata Knight Riders
Shubam Agrawal,2017,Gujarat Lions
Shubam Agrawal,2026,Gujarat Lions
Shubham Dubey,2024,Rajasthan Royals
Shubham Dubey,2025,Rajasthan Royals
Shubham Dubey,2026,Rajasthan Royals
Shubham Garhwal,2022,Rajasthan Royals
Shubham Garhwal,2026,Rajasthan Royals
Shubham Ranjane,2019,Rajasthan Royals
Shubham Ranjane,2026,Rajasthan Royals
Shubman Gill,2018,Kolkata Knight Riders
Shubman Gill,2019,Kolkata Knight Riders
Shubman Gill,2020,Kolkata Knight Riders
Shubman Gill,2021,Kolkata Knight Riders
Shubman Gill,2022,Gujarat Titans
Shubman Gill,2023,Gujarat Titans
Shubman Gill,2024,Gujarat Titans
Shubman Gill,2026,Kolkata Knight Riders
Siddarth Kaul,2014,Delhi Capitals
Siddarth Kaul,2015,Sunrisers Hyderabad
Siddarth Kaul,2018,Sunrisers Hyderabad
Siddarth Kaul,2026,Sunrisers Hyderabad
Siddharth Kaul,2022,Royal Challengers Bengaluru
Siddharth Kaul,2026,Royal Challengers Bengaluru
Siddhesh Dinesh Lad,2015,Mumbai Indians
Siddhesh Dinesh Lad,2018,Mumbai Indians
Siddhesh Dinesh Lad,2026,Mumbai Indians
Sikandar Raza,2023,Punjab Kings
Sikandar Raza,2024,Punjab Kings
Sikandar Raza,2026,Punjab Kings
Simarjeet Singh,2022,Chennai Super Kings
Simarjeet Singh,2024,Chennai Super Kings
Simarjeet Singh,2025,Sunrisers Hyderabad
Simarjeet Singh,2026,Sunrisers Hyderabad
Sohail Tanvir,2008,Rajasthan Royals
Sonu Yadav,2023,Royal Challengers Bengaluru
Sonu Yadav,2026,Royal Challengers Bengaluru
Spencer Johnson,2024,Gujarat Titans
Spencer Johnson,2025,Kolkata Knight Riders
Spencer Johnson,2026,Kolkata Knight Riders
Srikkanth Anirudha,2014,Sunrisers Hyderabad
Srikkanth Anirudha,2026,Sunrisers Hyderabad
Steven Smith,2014,Rajasthan Royals
Steven Smith,2021,Delhi Capitals
Steven Smith,2026,Delhi Capitals
Stuart Binny,2016,Royal Challengers Bengaluru
Stuart Binny,2018,Rajasthan Royals
Stuart Binny,2026,Rajasthan Royals
Subhranshu Senapati,2022,Chennai Super Kings
Subhranshu Senapati,2026,Chennai Super Kings
Subramaniam Badrinath,2015,Royal Challengers Bengaluru
Subramaniam Badrinath,2026,Royal Challengers Bengaluru
Sudeep Tyagi,2013,Sunrisers Hyderabad
Sudeep Tyagi,2026,Sunrisers Hyderabad
Sumit Kumar,2024,Delhi Capitals
Sumit Kumar,2026,Delhi Capitals
Sumit Narwal,2015,Kolkata Knight Riders
Sumit Narwal,2026,Kolkata Knight Riders
Sunny Gupta,2012,Delhi Capitals
Sunny Singh,2011,Punjab Kings
Suryakumar Yadav,2014,Kolkata Knight Riders
Suryakumar Yadav,2018,Mumbai Indians
Suryakumar Yadav,2026,Mumbai Indians
Suryansh Shedge,2025,Punjab Kings
Suryansh Shedge,2026,Punjab Kings
Sushant Marathe,2014,Mumbai Indians
Sushant Marathe,2026,Mumbai Indians
Sushant Mishra,2024,Gujarat Titans
Sushant Mishra,2026,Rajasthan Royals
Suyash Prabhudesai,2021,Royal Challengers Bengaluru
Suyash Prabhudesai,2026,Royal Challengers Bengaluru
Suyash Prabhudessai,2022,Royal Challengers Bengaluru
Suyash Prabhudessai,2026,Royal Challengers Bengaluru
Suyash Sharma,2023,Kolkata Knight Riders
Suyash Sharma,2024,Kolkata Knight Riders
Suyash Sharma,2025,Royal Challengers Bengaluru
Suyash Sharma,2026,Royal Challengers Bengaluru
Swapnil Singh,2016,Punjab Kings
Swapnil Singh,2017,Punjab Kings
Swapnil Singh,2023,Lucknow Super Giants
Swapnil Singh,2024,Royal Challengers Bengaluru
Swapnil Singh,2025,Royal Challengers Bengaluru
Swapnil Singh,2026,Royal Challengers Bengaluru
Swastik Chhikara,2024,Delhi Capitals
Swastik Chhikara,2025,Royal Challengers Bengaluru
Swastik Chhikara,2026,Royal Challengers Bengaluru
Syed Khaleel Ahmed,2016,Delhi Capitals
Syed Khaleel Ahmed,2018,Sunrisers Hyderabad
Syed Khaleel Ahmed,2022,Delhi Capitals
Syed Khaleel Ahmed,2025,Chennai Super Kings
Syed Khaleel Ahmed,2026,Chennai Super Kings
Syed Mehdi Hasan,2018,Sunrisers Hyderabad
Syed Mehdi Hasan,2026,Sunrisers Hyderabad
T Banton,2020,Kolkata Knight Riders
T Henderson,2009,Rajasthan Royals
T Kohler-Cadmore,2024,Rajasthan Royals
T Kohli,2008,Rajasthan Royals
T Kohli,2009,Punjab Kings
T Natarajan,2017,Punjab Kings
T Natarajan,2018,Sunrisers Hyderabad
T Natarajan,2020,Sunrisers Hyderabad
T Natarajan,2021,Sunrisers Hyderabad
T Natarajan,2022,Sunrisers Hyderabad
T Natarajan,2023,Sunrisers Hyderabad
T Natarajan,2024,Sunrisers Hyderabad
T Natarajan,2026,Sunrisers Hyderabad
T Shamsi,2016,Royal Challengers Bengaluru
T Shamsi,2021,Rajasthan Royals
T Stubbs,2022,Mumbai Indians
T Stubbs,2023,Mumbai Indians
T Stubbs,2024,Delhi Capitals
T Taibu,2008,Kolkata Knight Riders
T Thushara,2009,Chennai Super Kings
T Thushara,2010,Chennai Super Kings
T. Natarajan,2022,Sunrisers Hyderabad
T. Natarajan,2025,Delhi Capitals
T. Natarajan,2026,Delhi Capitals
TA Boult,2015,Sunrisers Hyderabad
TA Boult,2016,Sunrisers Hyderabad
TA Boult,2017,Kolkata Knight Riders
TA Boult,2018,Delhi Capitals
TA Boult,2019,Delhi Capitals
TA Boult,2020,Mumbai Indians
TA Boult,2021,Mumbai Indians
TA Boult,2022,Rajasthan Royals
TA Boult,2023,Rajasthan Royals
TA Boult,2024,Rajasthan Royals
TD Paine,2011,Pune Warriors
TG Southee,2011,Chennai Super Kings
TG Southee,2014,Rajasthan Royals
TG Southee,2015,Rajasthan Royals
TG Southee,2016,Mumbai Indians
TG Southee,2017,Mumbai Indians
TG Southee,2018,Royal Challengers Bengaluru
TG Southee,2019,Royal Challengers Bengaluru
TG Southee,2021,Kolkata Knight Riders
TG Southee,2022,Kolkata Knight Riders
TG Southee,2023,Kolkata Knight Riders
TH David,2021,Royal Challengers Bengaluru
TH David,2022,Mumbai Indians
TH David,2023,Mumbai Indians
TH David,2024,Mumbai Indians
TK Curran,2018,Kolkata Knight Riders
TK Curran,2020,Rajasthan Royals
TK Curran,2021,Delhi Capitals
TL Seifert,2021,Kolkata Knight Riders
TL Seifert,2022,Delhi Capitals
TL Suman,2009,Deccan Chargers
TL Suman,2010,Deccan Chargers
TL Suman,2011,Mumbai Indians
TL Suman,2012,Mumbai Indians
TL Suman,2013,Pune Warriors
TM Dilshan,2008,Delhi Capitals
TM Dilshan,2009,Delhi Capitals
TM Dilshan,2010,Delhi Capitals
TM Dilshan,2011,Royal Challengers Bengaluru
TM Dilshan,2012,Royal Challengers Bengaluru
TM Dilshan,2013,Royal Challengers Bengaluru
TM Head,2016,Royal Challengers Bengaluru
TM Head,2017,Royal Challengers Bengaluru
TM Head,2024,Sunrisers Hyderabad
TM Srivastava,2008,Punjab Kings
TM Srivastava,2009,Punjab Kings
TP Sudhindra,2012,Deccan Chargers
TR Birt,2011,Delhi Capitals
TS Mills,2017,Royal Challengers Bengaluru
TS Mills,2022,Mumbai Indians
TU Deshpande,2020,Delhi Capitals
TU Deshpande,2022,Chennai Super Kings
TU Deshpande,2023,Chennai Super Kings
TU Deshpande,2024,Chennai Super Kings
Tajinder Dhillon,2018,Mumbai Indians
Tajinder Dhillon,2020,Punjab Kings
Tajinder Dhillon,2026,Punjab Kings
Tanay Thyagarajann,2024,Punjab Kings
Tanay Thyagarajann,2026,Punjab Kings
Tanmay Agarwal,2017,Sunrisers Hyderabad
Tanmay Agarwal,2018,Sunrisers Hyderabad
Tanmay Agarwal,2026,Sunrisers Hyderabad
Tanmay Mishra,2014,Royal Challengers Bengaluru
Tanmay Mishra,2026,Royal Challengers Bengaluru
Tanush Kotian,2024,Rajasthan Royals
Tejas Baroka,2017,Gujarat Lions
Tejas Baroka,2022,Rajasthan Royals
Tejas Baroka,2026,Rajasthan Royals
Tejas Singh Baroka,2017,Gujarat Lions
Tejas Singh Baroka,2026,Gujarat Lions
Tejasvi Singh,2026,Kolkata Knight Riders
Thisara Perera,2013,Sunrisers Hyderabad
Thisara Perera,2014,Punjab Kings
Thisara Perera,2016,Rising Pune Supergiant
Thisara Perera,2026,Rising Pune Supergiant
Tilak Varma,2022,Mumbai Indians
Tilak Varma,2023,Mumbai Indians
Tilak Varma,2024,Mumbai Indians
Tim David,2022,Mumbai Indians
Tim David,2025,Royal Challengers Bengaluru
Tim David,2026,Royal Challengers Bengaluru
Tim Seifert,2022,Delhi Capitals
Tim Seifert,2026,Kolkata Knight Riders
Tim Southee,2014,Rajasthan Royals
Tim Southee,2016,Mumbai Indians
Tim Southee,2018,Royal Challengers Bengaluru
Tim Southee,2022,Kolkata Knight Riders
Tim Southee,2026,Kolkata Knight Riders
Tirumalasetti Suman,2016,Sunrisers Hyderabad
Tirumalasetti Suman,2026,Sunrisers Hyderabad
Tom Banton,2020,Kolkata Knight Riders
Tom Banton,2026,Gujarat Titans
Tom Curran,2020,Rajasthan Royals
Tom Curran,2021,Delhi Capitals
Tom Curran,2024,Royal Challengers Bengaluru
Tom Curran,2026,Royal Challengers Bengaluru
Tom Kohler-Cadmore,2024,Rajasthan Royals
Tom Kohler-Cadmore,2026,Rajasthan Royals
Travis Head,2015,Delhi Capitals
Travis Head,2016,Royal Challengers Bengaluru
Travis Head,2024,Sunrisers Hyderabad
Travis Head,2026,Sunrisers Hyderabad
Trent Boult,2015,Sunrisers Hyderabad
Trent Boult,2017,Kolkata Knight Riders
Trent Boult,2018,Delhi Capitals
Trent Boult,2022,Rajasthan Royals
Trent Boult,2025,Mumbai Indians
Trent Boult,2026,Mumbai Indians
Tripurana Vijay,2025,Delhi Capitals
Tripurana Vijay,2026,Delhi Capitals
Tristan Stubbs,2024,Delhi Capitals
Tristan Stubbs,2026,Delhi Capitals
Tushar Deshpande,2020,Delhi Capitals
Tushar Deshpande,2022,Chennai Super Kings
Tushar Deshpande,2025,Rajasthan Royals
Tushar Deshpande,2026,Rajasthan Royals
Tymal Mills,2017,Royal Challengers Bengaluru
Tymal Mills,2022,Mumbai Indians
Tymal Mills,2026,Mumbai Indians
U Kaul,2008,Punjab Kings
UA Birla,2013,Pune Warriors
UBT Chand,2011,Delhi Capitals
UBT Chand,2012,Delhi Capitals
UBT Chand,2013,Delhi Capitals
UBT Chand,2014,Rajasthan Royals
UBT Chand,2015,Mumbai Indians
UBT Chand,2016,Mumbai Indians
UT Khawaja,2016,Rising Pune Supergiant
UT Yadav,2010,Delhi Capitals
UT Yadav,2011,Delhi Capitals
UT Yadav,2012,Delhi Capitals
UT Yadav,2013,Delhi Capitals
UT Yadav,2014,Kolkata Knight Riders
UT Yadav,2015,Kolkata Knight Riders
UT Yadav,2016,Kolkata Knight Riders
UT Yadav,2017,Kolkata Knight Riders
UT Yadav,2018,Royal Challengers Bengaluru
UT Yadav,2019,Royal Challengers Bengaluru
UT Yadav,2020,Royal Challengers Bengaluru
UT Yadav,2022,Kolkata Knight Riders
UT Yadav,2023,Kolkata Knight Riders
UT Yadav,2024,Gujarat Titans
Umang Sharma,2016,Gujarat Lions
Umang Sharma,2026,Gujarat Lions
Umar Gul,2008,Kolkata Knight Riders
Umesh Yadav,2014,Kolkata Knight Riders
Umesh Yadav,2018,Royal Challengers Bengaluru
Umesh Yadav,2021,Delhi Capitals
Umesh Yadav,2022,Kolkata Knight Riders
Umesh Yadav,2024,Gujarat Titans
Umesh Yadav,2026,Gujarat Titans
Umran Malik,2021,Sunrisers Hyderabad
Umran Malik,2022,Sunrisers Hyderabad
Umran Malik,2023,Sunrisers Hyderabad
Umran Malik,2024,Sunrisers Hyderabad
Umran Malik,2025,Kolkata Knight Riders
Umran Malik,2026,Kolkata Knight Riders
Unmukt Chand,2014,Rajasthan Royals
Unmukt Chand,2026,Rajasthan Royals
Upendra Singh Yadav,2023,Sunrisers Hyderabad
Upendra Singh Yadav,2026,Sunrisers Hyderabad
Urvil Patel,2023,Gujarat Titans
Urvil Patel,2026,Gujarat Titans
Utkarsh Singh,2021,Punjab Kings
Utkarsh Singh,2026,Punjab Kings
V Kaverappa,2024,Punjab Kings
V Kohli,2008,Royal Challengers Bengaluru
V Kohli,2009,Royal Challengers Bengaluru
V Kohli,2010,Royal Challengers Bengaluru
V Kohli,2011,Royal Challengers Bengaluru
V Kohli,2012,Royal Challengers Bengaluru
V Kohli,2013,Royal Challengers Bengaluru
V Kohli,2014,Royal Challengers Bengaluru
V Kohli,2015,Royal Challengers Bengaluru
V Kohli,2016,Royal Challengers Bengaluru
V Kohli,2017,Royal Challengers Bengaluru
V Kohli,2018,Royal Challengers Bengaluru
V Kohli,2019,Royal Challengers Bengaluru
V Kohli,2020,Royal Challengers Bengaluru
V Kohli,2021,Royal Challengers Bengaluru
V Kohli,2022,Royal Challengers Bengaluru
V Kohli,2023,Royal Challengers Bengaluru
V Kohli,2024,Royal Challengers Bengaluru
V Pratap Singh,2012,Deccan Chargers
V Sehwag,2008,Delhi Capitals
V Sehwag,2009,Delhi Capitals
V Sehwag,2010,Delhi Capitals
V Sehwag,2011,Delhi Capitals
V Sehwag,2012,Delhi Capitals
V Sehwag,2013,Delhi Capitals
V Sehwag,2014,Punjab Kings
V Sehwag,2015,Punjab Kings
V Shankar,2014,Chennai Super Kings
V Shankar,2017,Sunrisers Hyderabad
V Shankar,2018,Delhi Capitals
V Shankar,2019,Sunrisers Hyderabad
V Shankar,2020,Sunrisers Hyderabad
V Shankar,2021,Sunrisers Hyderabad
V Shankar,2022,Gujarat Titans
V Shankar,2023,Gujarat Titans
V Shankar,2024,Gujarat Titans
V Viyaskanth,2024,Sunrisers Hyderabad
VG Arora,2022,Punjab Kings
VG Arora,2023,Kolkata Knight Riders
VG Arora,2024,Kolkata Knight Riders
VH Zol,2014,Royal Challengers Bengaluru
VR Aaron,2011,Delhi Capitals
VR Aaron,2012,Delhi Capitals
VR Aaron,2014,Royal Challengers Bengaluru
VR Aaron,2015,Royal Challengers Bengaluru
VR Aaron,2016,Royal Challengers Bengaluru
VR Aaron,2017,Punjab Kings
VR Aaron,2019,Rajasthan Royals
VR Aaron,2020,Rajasthan Royals
VR Aaron,2022,Gujarat Titans
VR Iyer,2021,Kolkata Knight Riders
VR Iyer,2022,Kolkata Knight Riders
VR Iyer,2023,Kolkata Knight Riders
VR Iyer,2024,Kolkata Knight Riders
VRV Singh,2008,Punjab Kings
VRV Singh,2009,Punjab Kings
VRV Singh,2010,Punjab Kings
VS Malik,2009,Punjab Kings
VS Malik,2010,Punjab Kings
VS Malik,2011,Punjab Kings
VS Malik,2013,Rajasthan Royals
VS Malik,2014,Rajasthan Royals
VS Yeligati,2008,Mumbai Indians
VVS Laxman,2008,Deccan Chargers
VVS Laxman,2009,Deccan Chargers
VVS Laxman,2010,Deccan Chargers
VVS Laxman,2011,Kochi Tuskers Kerala
VY Mahesh,2008,Delhi Capitals
VY Mahesh,2009,Delhi Capitals
VY Mahesh,2010,Delhi Capitals
VY Mahesh,2012,Chennai Super Kings
Vaibhav Arora,2021,Kolkata Knight Riders
Vaibhav Arora,2022,Punjab Kings
Vaibhav Arora,2023,Kolkata Knight Riders
Vaibhav Arora,2025,Kolkata Knight Riders
Vaibhav Arora,2026,Kolkata Knight Riders
Vaibhav Rawal,2015,Kolkata Knight Riders
Vaibhav Rawal,2026,Kolkata Knight Riders
Vaibhav Suryavanshi,2025,Rajasthan Royals
Vaibhav Suryavanshi,2026,Rajasthan Royals
Vansh Bedi,2025,Chennai Super Kings
Vansh Bedi,2026,Chennai Super Kings
Varun Aaron,2014,Royal Challengers Bengaluru
Varun Aaron,2017,Punjab Kings
Varun Aaron,2019,Rajasthan Royals
Varun Aaron,2022,Gujarat Titans
Varun Aaron,2026,Gujarat Titans
Varun Chakaravarthy,2019,Punjab Kings
Varun Chakaravarthy,2020,Kolkata Knight Riders
Varun Chakaravarthy,2026,Kolkata Knight Riders
Veer Pratap Singh,2014,Kolkata Knight Riders
Veer Pratap Singh,2026,Kolkata Knight Riders
Venkata Satyanarayana Penmetsa,2025,Mumbai Indians
Venkata Satyanarayana Penmetsa,2026,Mumbai Indians
Venkatesh Iyer,2021,Kolkata Knight Riders
Venkatesh Iyer,2025,Kolkata Knight Riders
Venkatesh Iyer,2026,Royal Challengers Bengaluru
Venugopal Rao,2014,Sunrisers Hyderabad
Venugopal Rao,2026,Sunrisers Hyderabad
Vicky Ostwal,2022,Delhi Capitals
Vicky Ostwal,2026,Royal Challengers Bengaluru
Vidwath Kaverappa,2023,Punjab Kings
Vidwath Kaverappa,2026,Punjab Kings
Vignesh Puthur,2025,Mumbai Indians
Vignesh Puthur,2026,Rajasthan Royals
Vihaan Malhotra,2026,Royal Challengers Bengaluru
Vijay Shankar,2014,Chennai Super Kings
Vijay Shankar,2016,Sunrisers Hyderabad
Vijay Shankar,2018,Delhi Capitals
Vijay Shankar,2022,Gujarat Titans
Vijay Shankar,2025,Chennai Super Kings
Vijay Shankar,2026,Chennai Super Kings
Vijay Zol,2014,Royal Challengers Bengaluru
Vijay Zol,2026,Royal Challengers Bengaluru
Vijaykumar Vyshak,2023,Royal Challengers Bengaluru
Vijaykumar Vyshak,2024,Royal Challengers Bengaluru
Vikas Tokas,2016,Royal Challengers Bengaluru
Vikas Tokas,2026,Royal Challengers Bengaluru
Vikramjeet Malik,2014,Rajasthan Royals
Vikramjeet Malik,2016,Royal Challengers Bengaluru
Vikramjeet Malik,2026,Royal Challengers Bengaluru
Vipraj Nigam,2025,Delhi Capitals
Vipraj Nigam,2026,Delhi Capitals
Virat Singh,2020,Sunrisers Hyderabad
Virat Singh,2021,Sunrisers Hyderabad
Virat Singh,2026,Sunrisers Hyderabad
Virender Sehwag,2014,Punjab Kings
Virender Sehwag,2026,Punjab Kings
Vishal Nishad,2026,Punjab Kings
Vishnu Vinod,2017,Royal Challengers Bengaluru
Vishnu Vinod,2021,Delhi Capitals
Vishnu Vinod,2022,Sunrisers Hyderabad
Vishnu Vinod,2023,Mumbai Indians
Vishnu Vinod,2025,Punjab Kings
Vishnu Vinod,2026,Punjab Kings
Vishwanath Pratap Singh,2024,Punjab Kings
Vishwanath Pratap Singh,2026,Punjab Kings
Vivrant Sharma,2023,Sunrisers Hyderabad
Vivrant Sharma,2026,Sunrisers Hyderabad
Vyshak Vijaykumar,2025,Punjab Kings
Vyshak Vijaykumar,2026,Punjab Kings
W Jaffer,2008,Royal Challengers Bengaluru
W Jaffer,2009,Royal Challengers Bengaluru
WA Mota,2008,Punjab Kings
WA Mota,2009,Punjab Kings
WD Parnell,2011,Pune Warriors
WD Parnell,2012,Pune Warriors
WD Parnell,2013,Pune Warriors
WD Parnell,2014,Delhi Capitals
WD Parnell,2023,Royal Challengers Bengaluru
WG Jacks,2024,Royal Challengers Bengaluru
WP Saha,2008,Kolkata Knight Riders
WP Saha,2009,Kolkata Knight Riders
WP Saha,2010,Kolkata Knight Riders
WP Saha,2011,Chennai Super Kings
WP Saha,2012,Chennai Super Kings
WP Saha,2013,Chennai Super Kings
WP Saha,2014,Punjab Kings
WP Saha,2015,Punjab Kings
WP Saha,2016,Punjab Kings
WP Saha,2017,Punjab Kings
WP Saha,2018,Sunrisers Hyderabad
WP Saha,2019,Sunrisers Hyderabad
WP Saha,2020,Sunrisers Hyderabad
WP Saha,2021,Sunrisers Hyderabad
WP Saha,2022,Gujarat Titans
WP Saha,2023,Gujarat Titans
WP Saha,2024,Gujarat Titans
WPUJC Vaas,2008,Deccan Chargers
WPUJC Vaas,2009,Deccan Chargers
WPUJC Vaas,2010,Deccan Chargers
Wanindu Hasaranga,2022,Royal Challengers Bengaluru
Wanindu Hasaranga,2024,Sunrisers Hyderabad
Wanindu Hasaranga,2025,Rajasthan Royals
Wanindu Hasaranga,2026,Lucknow Super Giants
Washington Sundar,2017,Rising Pune Supergiant
Washington Sundar,2018,Royal Challengers Bengaluru
Washington Sundar,2019,Royal Challengers Bengaluru
Washington Sundar,2020,Royal Challengers Bengaluru
Washington Sundar,2021,Royal Challengers Bengaluru
Washington Sundar,2022,Sunrisers Hyderabad
Washington Sundar,2023,Sunrisers Hyderabad
Washington Sundar,2024,Sunrisers Hyderabad
Washington Sundar,2025,Gujarat Titans
Washington Sundar,2026,Gujarat Titans
Wayne Parnell,2014,Delhi Capitals
Wayne Parnell,2026,Delhi Capitals
Will Jacks,2023,Royal Challengers Bengaluru
Will Jacks,2025,Mumbai Indians
Will Jacks,2026,Mumbai Indians
Wriddhiman Saha,2014,Punjab Kings
Wriddhiman Saha,2018,Sunrisers Hyderabad
Wriddhiman Saha,2019,Sunrisers Hyderabad
Wriddhiman Saha,2022,Gujarat Titans
Wriddhiman Saha,2026,Gujarat Titans
Writtick Chatterjee,2022,Punjab Kings
Writtick Chatterjee,2026,Punjab Kings
X Thalaivan Sargunam,2013,Sunrisers Hyderabad
Xavier Bartlett,2025,Punjab Kings
Xavier Bartlett,2026,Punjab Kings
Y Gnaneswara Rao,2011,Kochi Tuskers Kerala
Y Nagar,2009,Delhi Capitals
Y Nagar,2010,Delhi Capitals
Y Nagar,2011,Delhi Capitals
Y Nagar,2012,Delhi Capitals
Y Prithvi Raj,2019,Kolkata Knight Riders
Y Venugopal Rao,2008,Deccan Chargers
Y Venugopal Rao,2009,Deccan Chargers
Y Venugopal Rao,2010,Deccan Chargers
Y Venugopal Rao,2011,Delhi Capitals
Y Venugopal Rao,2012,Delhi Capitals
Y Venugopal Rao,2014,Sunrisers Hyderabad
YA Abdulla,2009,Punjab Kings
YA Abdulla,2010,Punjab Kings
YBK Jaiswal,2020,Rajasthan Royals
YBK Jaiswal,2021,Rajasthan Royals
YBK Jaiswal,2022,Rajasthan Royals
YBK Jaiswal,2023,Rajasthan Royals
YBK Jaiswal,2024,Rajasthan Royals
YK Pathan,2008,Rajasthan Royals
YK Pathan,2009,Rajasthan Royals
YK Pathan,2010,Rajasthan Royals
YK Pathan,2011,Kolkata Knight Riders
YK Pathan,2012,Kolkata Knight Riders
YK Pathan,2013,Kolkata Knight Riders
YK Pathan,2014,Kolkata Knight Riders
YK Pathan,2015,Kolkata Knight Riders
YK Pathan,2016,Kolkata Knight Riders
YK Pathan,2017,Kolkata Knight Riders
YK Pathan,2018,Sunrisers Hyderabad
YK Pathan,2019,Sunrisers Hyderabad
YS Chahal,2013,Mumbai Indians
YS Chahal,2014,Royal Challengers Bengaluru
YS Chahal,2015,Royal Challengers Bengaluru
YS Chahal,2016,Royal Challengers Bengaluru
YS Chahal,2017,Royal Challengers Bengaluru
YS Chahal,2018,Royal Challengers Bengaluru
YS Chahal,2019,Royal Challengers Bengaluru
YS Chahal,2020,Royal Challengers Bengaluru
YS Chahal,2021,Royal Challengers Bengaluru
YS Chahal,2022,Rajasthan Royals
YS Chahal,2023,Rajasthan Royals
YS Chahal,2024,Rajasthan Royals
YV Dhull,2023,Delhi Capitals
YV Takawale,2008,Mumbai Indians
YV Takawale,2009,Mumbai Indians
YV Takawale,2014,Royal Challengers Bengaluru
Yash Dayal,2022,Gujarat Titans
Yash Dayal,2023,Gujarat Titans
Yash Dayal,2024,Royal Challengers Bengaluru
Yash Dayal,2026,Royal Challengers Bengaluru
Yash Dhull,2022,Delhi Capitals
Yash Dhull,2026,Delhi Capitals
Yash Raj Punja,2026,Rajasthan Royals
Yash Thakur,2023,Lucknow Super Giants
Yash Thakur,2024,Lucknow Super Giants
Yash Thakur,2025,Punjab Kings
Yash Thakur,2026,Punjab Kings
Yashasvi Jaiswal,2020,Rajasthan Royals
Yashasvi Jaiswal,2026,Rajasthan Royals
Yashpal Singh,2009,Kolkata Knight Riders
Yogesh Gowalkar,2015,Punjab Kings
Yogesh Gowalkar,2026,Punjab Kings
Yogesh Takawale,2014,Royal Challengers Bengaluru
Yogesh Takawale,2026,Royal Challengers Bengaluru
Younis Khan,2008,Rajasthan Royals
Yudhvir Charak,2021,Mumbai Indians
Yudhvir Charak,2023,Lucknow Super Giants
Yudhvir Charak,2025,Rajasthan Royals
Yudhvir Charak,2026,Rajasthan Royals
Yudhvir Singh,2023,Lucknow Super Giants
Yudhvir Singh,2024,Lucknow Super Giants
Yusuf Pathan,2014,Kolkata Knight Riders
Yusuf Pathan,2018,Sunrisers Hyderabad
Yusuf Pathan,2026,Sunrisers Hyderabad
Yuvraj Chaudhary,2025,Lucknow Super Giants
Yuvraj Chaudhary,2026,Lucknow Super Giants
Yuvraj Singh,2008,Punjab Kings
Yuvraj Singh,2009,Punjab Kings
Yuvraj Singh,2010,Punjab Kings
Yuvraj Singh,2011,Pune Warriors
Yuvraj Singh,2013,Pune Warriors
Yuvraj Singh,2014,Royal Challengers Bengaluru
Yuvraj Singh,2015,Delhi Capitals
Yuvraj Singh,2016,Sunrisers Hyderabad
Yuvraj Singh,2017,Sunrisers Hyderabad
Yuvraj Singh,2018,Punjab Kings
Yuvraj Singh,2019,Mumbai Indians
Yuvraj Singh,2026,Mumbai Indians
Yuzvendra Chahal,2022,Rajasthan Royals
Yuzvendra Chahal,2025,Punjab Kings
Yuzvendra Chahal,2026,Punjab Kings
Yuzvendra Singh Chahal,2014,Royal Challengers Bengaluru
Yuzvendra Singh Chahal,2018,Royal Challengers Bengaluru
Yuzvendra Singh Chahal,2026,Royal Challengers Bengaluru
Z Khan,2008,Royal Challengers Bengaluru
Z Khan,2009,Mumbai Indians
Z Khan,2010,Mumbai Indians
Z Khan,2011,Royal Challengers Bengaluru
Z Khan,2012,Royal Challengers Bengaluru
Z Khan,2013,Royal Challengers Bengaluru
Z Khan,2014,Mumbai Indians
Z Khan,2015,Delhi Capitals
Z Khan,2016,Delhi Capitals
Z Khan,2017,Delhi Capitals
Zaheer Khan,2014,Mumbai Indians
Zaheer Khan,2015,Delhi Capitals
Zaheer Khan,2026,Delhi Capitals
Zahir Khan Pakteen,2018,Rajasthan Royals
Zahir Khan Pakteen,2026,Rajasthan Royals
Zak Foulkes,2026,Chennai Super Kings
Zeeshan Ansari,2025,Sunrisers Hyderabad
Zeeshan Ansari,2026,Sunrisers Hyderabad
